The Bodybuilding Transformation System - Intermediate-Advanced;;;;;;;;;;;;;;;
;;;;;;;;;;;;;;;Copyright 2025 by Jeff Nippard. All rights reserved. 
;;;;;;;;;;;;;;;
"IMPORTANT PROGRAM NOTES (READ BEFORE STARTING)

● Perform a full general warm-up and exercise-specific warm-up every workout as outlined below (should only take 5-10 mins max)

● Note that for the first week of the program, most sets are taken to an RPE of ~7-9. This means you will be leaving 1-3 reps in the tank on most exercises. This only lasts for the first week (to serve as a deload/intro week). After the first week, the intensity will increase and you’ll start taking the last set of every exercise to failure.

● All working sets are broken up into Early Sets and Last Sets. The Early Sets are all the sets that come before your Last Set. Usually the Early Sets should be a little bit easier than the later sets (slightly lower RPE) whereas the Last Set is pushed to failure on all exercises (besides intro/deload weeks). See the Bodybuilding Transformation System Guidebook for a full explanation of RPE.

● Each exercise has a clickable link which demonstrates how to perform the exercise. I suggest watching each exercise demo before starting the workout.

● All other aspects of the program, including when to make an exercise substitution and how to progress through the rep ranges given is explained in the Bodybuilding Transformation System Guidebook. Give it a full read before starting your first workout! Let's crush it!!
";;;;;;;;;;;;;;;
;;;;;;;;;;;;;;;
WARM UP PROTOCOL;;;;;;;;;;;;;;;
;;;;;;;;;;;;;;;
;;;;General Warm-Up;;;;;;;;;;;
;;;;"Perform the following general warm-up before every workout (should take 5-10 mins max). 
You can save time by doing some of the dynamic stretches as you do warm-up sets for the first exercise.";;;;;;;;;;;
;;;;5-10 minutes;;Light cardio on machine on your choice of machine (treadmill, stairmaster, elliptical, bike, etc.);;;;;;;;;
;;;;10 reps per side;;Arm Swings;;;;;;;;;
;;;;10 reps per side;;Arm Circles;;;;;;;;;
;;;;10 reps per side;;Front-to-Back Leg Swings;;;;;;;;;
;;;;10 reps per side;;Side-to-Side Leg Swings;;;;;;;;;
;;;;15 reps per side;;Cable External Rotation (optional);;;;;;;;;
;;;;;;;;;;;;;;;
;;;;Exercise-Specific Warm-Up;;;;;;;;;;;
;;;;Perform the following exercise-specific warm-up according to the number of warm-up sets listed in the program;;;;;;;;;;;
;;;;1 Warm-Up Set Listed;;Use ~60% of your planned working weight for ~6-10 reps (or until you feel warm and loose);;;;;;;;;
;;;;2 Warm-Up Sets Listed;;"Perform a mini warm-up pyramid: 
Warm-Up Set #1 = ~50% of planned working weight for ~6-10 reps 
Warm-Up Set #2 = ~70% of planned working weight for 4-6 reps";;;;;;;;;
;;;;3 Warm-Up Sets Listed;;"Perform a full warm-up pyramid: 
Warm-Up Set #1 = ~45% of planned working weight for ~6-10 reps 
Warm-Up Set #2 = ~65% of planned working weight for 4-6 reps
Warm-Up Set #3 = ~85% of planned working weight for 3-4 reps
";;;;;;;;;
;;;;4 Warm-Up Sets Listed;;"Perform a full warm-up pyramid:
Warm-Up Set #1 = ~45% of planned working weight for ~6-10 reps
Warm-Up Set #2 = ~60% of planned working weight for 4-6 reps
Warm-Up Set #3 = ~75% of planned working weight for 3-5 reps
Warm-Up Set #4 = ~85% of planned working weight for 2-4 reps
";;;;;;;;;
;;;;;;;;;;;;;;;
;;;;;;;;;;;;;;;
;;;;;;;;;;;;;;;
;;;;;;;;;;;;;;;
Foundation Block;;;;;;;;;;;;;;;
Week 1;Exercise;Last-Set Intensity Technique;Warm-up Sets;Working Sets;Reps;Tracking Load and Reps;;;;Early Set RPE;Last Set RPE;Rest;Substitution Option 1;Substitution Option 2;Notes
;;;;;;Set 1;Set 2;Set 3;Set 4;;;;;;
Upper (Strength Focus);45° Incline Barbell Press;N/A;2-3;2;6-8;;;;;~6-7;~7-8;3-5 min;45° Incline DB Press;45° Incline Machine Press;1 second pause at the bottom of each rep while maintaining tension on the pecs
;Cable Crossover Ladder;N/A;1-2;2;8-10;;;;;~7-8;~8-9;1-2 min;Pec Deck;Bottom-Half DB Flye;Do one set with low cable position, one set with medium-height cable position, and one height with a high cable position. If you only have one or two sets, choose the one or two cable positions you prefer.
;Wide-Grip Pull-Up;N/A;1-2;2;8-10;;;;;~6-7;~7-8;2-3 min;Wide-Grip Lat Pulldown;Dual-Handle Lat Pulldown;1.5x shoulder width overhand grip. Slow 2-3 second negative. Feel your lats pulling apart on the way down.
;High-Cable Lateral Raise;N/A;1-2;2;8-10;;;;;~7-8;~8-9;1-2 min;High-Cable Cuffed Lateral Raise;Lean-In DB Lateral Raise;Focus on squeezing your lateral delt to move the weight.
;Pendlay Deficit Row;N/A;1-2;2;6-8;;;;;~7-8;~8-9;2-3 min;Smith Machine Row;Single-Arm DB Row;Stand on a bumper plate. Focus on getting a big stretch and touch your stomach/chest on each rep! 
;Overhead Cable Triceps Extension (Bar);N/A;1;2;8-10;;;;;~7-8;~8-9;1-2 min;Overhead Cable Triceps Extension (Rope);DB Skull Crusher;Optionally pause for 0.5-1 second in the stretched aspect of each rep
;Bayesian Cable Curl;N/A;1;2;8-10;;;;;~7-8;~8-9;1-2 min;Seated Super-Bayesian High Cable Curl;Incline DB Stretch Curl;If you have a left-right bicep size imbalance, do these 1 arm at a time, starting with the weaker arm. Take the weaker arm to the listed RPE. Then match the reps with the other arm (stop once you've matched the reps, even if the RPE is lower). If you don't have a size imbalance, do these both arms at the same time.
Lower (Strength Focus);Lying Leg Curl;N/A;2;2;8-10;;;;;~7-8;~8-9;1-2 min;Seated Leg Curl;Nordic Ham Curl;Set the machine so that you get the biggest stretch possible at the bottom. Prevent your butt from popping up as you curl. 
;Smith Machine Squat;N/A;2-4;2;6-8;;;;;~6-7;~7-8;3-5 min;DB Bulgarian Split Squat;High-Bar Back Squat;Once you are under the bar, set up your feet as you would a normal squat and then bring them forward ~3-6 inches. This will cause you to lean back into the bar slightly, allowing for a more upright squat, while also placing more tension on the quads. If your heels are raising at the bottom, you may need to bring your feet more forward. If your feet feel like they are slipping or your lower back is rounding at the bottom, try bringing your feet back a bit.
;Barbell RDL;N/A;2-4;2;6-8;;;;;~6-7;~7-8;2-3 min;DB RDL;Snatch-Grip RDL;To keep tension on the hamstrings, stop about 75% of the way to full lockout on each rep (i.e. stay in the bottom 3/4 of the range of motion).
;Leg Extension;N/A;1-2;2;8-10;;;;;~7-8;~8-9;1-2 min;Reverse Nordic;Sissy Squat;Set the seat back as far as it will go while still feeling comfortable. Grab the handles as hard as you can to pull your butt down into the seat. Use a 2-3 second negative. Feel your quads pulling apart on the negative. 
;Standing Calf Raise;N/A;1-2;2;6-8;;;;;~7-8;~8-9;1-2 min;Seated Calf Raise;Leg Press Calf Press;1-2 second pause at the bottom of each rep. Instead of just going up onto your toes, think about rolling your ankle back and forth on the balls of your feet.
;Cable Crunch;N/A;1;2;8-10;;;;;~7-8;~8-9;1-2 min;Decline Weighted Crunch;Machine Crunch;Round your lower back as you crunch. Maintain a mind-muscle connection with your 6-pack.
;;;;;;;;Rest Day;;;;;;;
Pull (Hypertrophy Focus);Neutral-Grip Lat Pulldown;N/A;2-3;2;8-10;;;;;~6-7;~7-8;2-3 min;Neutral-Grip Pull-Up;Dual-Handle Lat Pulldown;Do these pulldowns with the handle more out in front of you, more like a cross between pullover and a pulldown. Focus on feeling your lats working more than the weight you're using.
;Chest-Supported Machine Row;N/A;2-3;2;8-10;;;;;~6-7;~7-8;2-3 min;Chest-Supported T-Bar Row;Incline Chest-Supported DB Row;Flare elbows out at roughly 45° and squeeze your shoulder blades together hard at the top of each rep.
;Neutral-Grip Seated Cable Row;N/A;1-2;2;10-12;;;;;~7-8;~8-9;2-3 min;Helms Row;Meadows Row;Focus on squeezing your shoulder blades together, driving your elbows down and back.
;1-Arm 45° Cable Rear Delt Flye;N/A;1-2;2;10-12;;;;;~7-8;~8-9;1-2 min;Rope Face Pull;Reverse Pec Deck;Pause for 1-2 seconds in the squeeze of each rep. Contract the rear delts hard!
;Machine Shrug;N/A;2-3;2;10-12;;;;;~7-8;~8-9;1-2 min;Cable Paused Shrug-In;DB Shrug;Brief pause at the top of the bottom of ROM. Think about pulling your shoulders up to your ears!
;EZ-Bar Cable Curl;N/A;1;2;10-12;;;;;~7-8;~8-9;1-2 min;EZ-Bar Curl;DB Curl;Set up the cable at the lowest position. Maintain constant tension on the biceps. Slow, controlled reps!
;Machine Preacher Curl;N/A;1;1;12-15;;;;;N/A;~8-9;1-2 min;EZ-Bar Preacher Curl;DB Preacher Curl;Smooth, controlled reps. Mind-muscle connection with the biceps.
Push (Hypertrophy Focus);Barbell Bench Press;N/A;2-4;2;8-10;;;;;~6-7;~7-8;3-5 min;Machine Chest Press;DB Bench Press;Set up a comfortable arch, quick pause on the chest and explode up on each rep.
;Machine Shoulder Press;N/A;2-3;2;8-10;;;;;~6-7;~7-8;2-3 min;Cable Shoulder Press;Seated DB Shoulder Press;Ensure that your elbows break at least 90°. Mind-muscle connection with your delts. Smooth, controlled reps.
;Bottom-Half DB Flye;N/A;1-2;2;10-12;;;;;~7-8;~8-9;1-2 min;Bottom-Half Seated Cable Flye;Low-to-High Cable Crossover;All reps and sets are to be performed in the bottom half of the ROM. Focus on feeling a deep stretch in your pecs at the bottom of each rep.
;High-Cable Lateral Raise;N/A;1;2;10-12;;;;;~7-8;~8-9;1-2 min;High-Cable Cuffed Lateral Raise;Lean-In DB Lateral Raise;Focus on squeezing your lateral delt to move the weight.
;Overhead Cable Triceps Extension (Bar);N/A;1;2;10-12;;;;;~7-8;~8-9;1-2 min;Overhead Cable Triceps Extension (Rope);DB Skull Crusher;Optionally pause for 0.5-1 second in the stretched aspect of each rep
;Cable Triceps Kickback;N/A;1;1;12-15;;;;;N/A;~8-9;1-2 min;DB Triceps Kickback;Bench Dip;There are two ways you can do this: upright or bent over. Choose the one that feels more comfortable for you. The main thing is that when you're in the full squeeze, your shoulder should be positioned back behind your torso.
;Roman Chair Leg Raise;N/A;1-2;2;10-20;;;;;~7-8;~8-9;1-2 min;Hanging Leg Raise;Modified Candlestick;Allow your lower back to round as you curl your legs up. 10-20 reps is a broad range on purpose: just go until you hit the listed RPE with controlled form.
Legs (Hypertrophy Focus);Leg Press;N/A;2-4;2;8-10;;;;;~6-7;~7-8;2-3 min;Smith Machine Static Lunge;DB Walking Lunge;Feet lower on the platform for more quad focus. Get as deep as you can without excessive back rounding. Control the negative and do a slight pause at the bottom of each rep.
;Seated Leg Curl;N/A;1-2;2;10-12;;;;;~7-8;~8-9;1-2 min;Lying Leg Curl;Nordic Ham Curl;Lean forward over the machine to get a maximum stretch in your hamstrings.
;DB Bulgarian Split Squat;N/A;2-3;2;8-10;;;;;~6-7;~7-8;2-3 min;DB Step-Up;Goblet Squat;Lower all the way down until your front thigh is parallel to the ground. Drive through your front heel on the way up.
;Leg Extension;N/A;1-2;2;10-12;;;;;~7-8;~8-9;1-2 min;Reverse Nordic;Sissy Squat;Set the seat back as far as it will go while still feeling comfortable. Grab the handles as hard as you can to pull your butt down into the seat. Use a 2-3 second negative. Feel your quads pulling apart on the negative. 
;Machine Hip Adduction;N/A;1-2;2;10-12;;;;;~7-8;~8-9;1-2 min;Cable Hip Adduction;Copenhagen Hip Adduction;Mind-muscle connection with your inner thighs. These are great for adding thigh mass from the front! Push them hard!
;Machine Hip Abduction;N/A;1-2;2;10-12;;;;;~7-8;~8-9;1-2 min;Cable Hip Abduction;Lateral Band Walk;If possible, use pads to increase the range of motion on the machine. Lean forward and grab onto the machine rails to stretch the glutes further.
;Standing Calf Raise;N/A;1-2;2;10-12;;;;;~7-8;~8-9;1-2 min;Seated Calf Raise;Leg Press Calf Press;1-2 second pause at the bottom of each rep. Instead of just going up onto your toes, think about rolling your ankle back and forth on the balls of your feet.
;;;;;;;;Rest Day;;;;;;;
;;;;;;;;;;;;;;;
Week 2;Exercise;Last-Set Intensity Technique;Warm-up Sets;Working Sets;Reps;Tracking Load and Reps;;;;Early Set RPE;Last Set RPE;Rest;Substitution Option 1;Substitution Option 2;Notes
;;;;;;Set 1;Set 2;Set 3;Set 4;;;;;;
Upper (Strength Focus);45° Incline Barbell Press;Failure;2-3;3;6-8;;;;;~8-9;10;3-5 min;45° Incline DB Press;45° Incline Machine Press;1 second pause at the bottom of each rep while maintaining tension on the pecs
;Cable Crossover Ladder;Failure;1-2;2;8-10;;;;;~8-9;10;1-2 min;Pec Deck;Bottom-Half DB Flye;Do one set with low cable position, one set with medium-height cable position, and one height with a high cable position. If you only have one or two sets, choose the one or two cable positions you prefer.
;Wide-Grip Pull-Up;Failure;1-2;3;8-10;;;;;~8-9;10;2-3 min;Wide-Grip Lat Pulldown;Dual-Handle Lat Pulldown;1.5x shoulder width overhand grip. Slow 2-3 second negative. Feel your lats pulling apart on the way down.
;High-Cable Lateral Raise;Failure;1-2;2;8-10;;;;;~8-9;10;1-2 min;High-Cable Cuffed Lateral Raise;Lean-In DB Lateral Raise;Focus on squeezing your lateral delt to move the weight.
;Pendlay Deficit Row;Failure + LLPs (Extend set);1-2;2;6-8;;;;;~8-9;10;2-3 min;Smith Machine Row;Single-Arm DB Row;Stand on a bumper plate. Focus on getting a big stretch and touch your stomach/chest on each rep! 
;Overhead Cable Triceps Extension (Bar);Failure;1;2;8-10;;;;;~8-9;10;1-2 min;Overhead Cable Triceps Extension (Rope);DB Skull Crusher;Optionally pause for 0.5-1 second in the stretched aspect of each rep
;Bayesian Cable Curl;Failure;1;2;8-10;;;;;~8-9;10;1-2 min;Seated Super-Bayesian High Cable Curl;Incline DB Stretch Curl;If you have a left-right bicep size imbalance, do these 1 arm at a time, starting with the weaker arm. Take the weaker arm to the listed RPE. Then match the reps with the other arm (stop once you've matched the reps, even if the RPE is lower). If you don't have a size imbalance, do these both arms at the same time.
Lower (Strength Focus);Lying Leg Curl;Failure + LLPs (Extend set);2;2;8-10;;;;;~8-9;10;1-2 min;Seated Leg Curl;Nordic Ham Curl;Set the machine so that you get the biggest stretch possible at the bottom. Prevent your butt from popping up as you curl. 
;Smith Machine Squat;Failure;2-4;3;6-8;;;;;~8-9;10;3-5 min;DB Bulgarian Split Squat;High-Bar Back Squat;Once you are under the bar, set up your feet as you would a normal squat and then bring them forward ~3-6 inches. This will cause you to lean back into the bar slightly, allowing for a more upright squat, while also placing more tension on the quads. If your heels are raising at the bottom, you may need to bring your feet more forward. If your feet feel like they are slipping or your lower back is rounding at the bottom, try bringing your feet back a bit.
;Barbell RDL;Failure;2-4;3;6-8;;;;;~8-9;10;2-3 min;DB RDL;Snatch-Grip RDL;To keep tension on the hamstrings, stop about 75% of the way to full lockout on each rep (i.e. stay in the bottom 3/4 of the range of motion).
;Leg Extension;Failure;1-2;2;8-10;;;;;~8-9;10;1-2 min;Reverse Nordic;Sissy Squat;Set the seat back as far as it will go while still feeling comfortable. Grab the handles as hard as you can to pull your butt down into the seat. Use a 2-3 second negative. Feel your quads pulling apart on the negative. 
;Standing Calf Raise;Static Stretch (30s);1-2;2;6-8;;;;;~8-9;10;1-2 min;Seated Calf Raise;Leg Press Calf Press;1-2 second pause at the bottom of each rep. Instead of just going up onto your toes, think about rolling your ankle back and forth on the balls of your feet.
;Cable Crunch;Failure;1;2;8-10;;;;;~8-9;10;1-2 min;Decline Weighted Crunch;Machine Crunch;Round your lower back as you crunch. Maintain a mind-muscle connection with your 6-pack.
;;;;;;;;Rest Day;;;;;;;
Pull (Hypertrophy Focus);Neutral-Grip Lat Pulldown;Failure;2-3;2;8-10;;;;;~8-9;10;2-3 min;Neutral-Grip Pull-Up;Dual-Handle Lat Pulldown;Do these pulldowns with the handle more out in front of you, more like a cross between pullover and a pulldown. Focus on feeling your lats working more than the weight you're using.
;Chest-Supported Machine Row;Failure;2-3;3;8-10;;;;;~8-9;10;2-3 min;Chest-Supported T-Bar Row;Incline Chest-Supported DB Row;Flare elbows out at roughly 45° and squeeze your shoulder blades together hard at the top of each rep.
;Neutral-Grip Seated Cable Row;Failure + LLPs (Extend set);1-2;2;10-12;;;;;~8-9;10;2-3 min;Helms Row;Meadows Row;Focus on squeezing your shoulder blades together, driving your elbows down and back.
;1-Arm 45° Cable Rear Delt Flye;Myo-reps;1-2;2;10-12;;;;;~8-9;10;1-2 min;Rope Face Pull;Reverse Pec Deck;Pause for 1-2 seconds in the squeeze of each rep. Contract the rear delts hard!
;Machine Shrug;Failure;2-3;2;10-12;;;;;~8-9;10;1-2 min;Cable Paused Shrug-In;DB Shrug;Brief pause at the top of the bottom of ROM. Think about pulling your shoulders up to your ears!
;EZ-Bar Cable Curl;Failure;1;2;10-12;;;;;~8-9;10;1-2 min;EZ-Bar Curl;DB Curl;Set up the cable at the lowest position. Maintain constant tension on the biceps. Slow, controlled reps!
;Machine Preacher Curl;Myo-reps;1;1;12-15;;;;;N/A;10;1-2 min;EZ-Bar Preacher Curl;DB Preacher Curl;Smooth, controlled reps. Mind-muscle connection with the biceps.
Push (Hypertrophy Focus);Barbell Bench Press;Failure;2-4;3;8-10;;;;;~8-9;10;3-5 min;Machine Chest Press;DB Bench Press;Set up a comfortable arch, quick pause on the chest and explode up on each rep.
;Machine Shoulder Press;Failure;2-3;2;8-10;;;;;~8-9;10;2-3 min;Cable Shoulder Press;Seated DB Shoulder Press;Ensure that your elbows break at least 90°. Mind-muscle connection with your delts. Smooth, controlled reps.
;Bottom-Half DB Flye;Failure;1-2;2;10-12;;;;;~8-9;10;1-2 min;Bottom-Half Seated Cable Flye;Low-to-High Cable Crossover;All reps and sets are to be performed in the bottom half of the ROM. Focus on feeling a deep stretch in your pecs at the bottom of each rep.
;High-Cable Lateral Raise;Myo-reps;1;2;10-12;;;;;~8-9;10;1-2 min;High-Cable Cuffed Lateral Raise;Lean-In DB Lateral Raise;Focus on squeezing your lateral delt to move the weight.
;Overhead Cable Triceps Extension (Bar);Failure;1;2;10-12;;;;;~8-9;10;1-2 min;Overhead Cable Triceps Extension (Rope);DB Skull Crusher;Optionally pause for 0.5-1 second in the stretched aspect of each rep
;Cable Triceps Kickback;Myo-reps;1;1;12-15;;;;;N/A;10;1-2 min;DB Triceps Kickback;Bench Dip;There are two ways you can do this: upright or bent over. Choose the one that feels more comfortable for you. The main thing is that when you're in the full squeeze, your shoulder should be positioned back behind your torso.
;Roman Chair Leg Raise;Failure;1-2;2;10-20;;;;;~8-9;10;1-2 min;Hanging Leg Raise;Modified Candlestick;Allow your lower back to round as you curl your legs up. 10-20 reps is a broad range on purpose: just go until you hit the listed RPE with controlled form.
Legs (Hypertrophy Focus);Leg Press;Failure;2-4;3;8-10;;;;;~8-9;10;2-3 min;Smith Machine Static Lunge;DB Walking Lunge;Feet lower on the platform for more quad focus. Get as deep as you can without excessive back rounding. Control the negative and do a slight pause at the bottom of each rep.
;Seated Leg Curl;Failure + LLPs (Extend set);1-2;2;10-12;;;;;~8-9;10;1-2 min;Lying Leg Curl;Nordic Ham Curl;Lean forward over the machine to get a maximum stretch in your hamstrings.
;DB Bulgarian Split Squat;Failure;2-3;2;8-10;;;;;~8-9;10;2-3 min;DB Step-Up;Goblet Squat;Lower all the way down until your front thigh is parallel to the ground. Drive through your front heel on the way up.
;Leg Extension;Myo-reps;1-2;2;10-12;;;;;~8-9;10;1-2 min;Reverse Nordic;Sissy Squat;Set the seat back as far as it will go while still feeling comfortable. Grab the handles as hard as you can to pull your butt down into the seat. Use a 2-3 second negative. Feel your quads pulling apart on the negative. 
;Machine Hip Adduction;Failure;1-2;2;10-12;;;;;~8-9;10;1-2 min;Cable Hip Adduction;Copenhagen Hip Adduction;Mind-muscle connection with your inner thighs. These are great for adding thigh mass from the front! Push them hard!
;Machine Hip Abduction;Failure;1-2;2;10-12;;;;;~8-9;10;1-2 min;Cable Hip Abduction;Lateral Band Walk;If possible, use pads to increase the range of motion on the machine. Lean forward and grab onto the machine rails to stretch the glutes further.
;Standing Calf Raise;Static Stretch (30s);1-2;2;10-12;;;;;~8-9;10;1-2 min;Seated Calf Raise;Leg Press Calf Press;1-2 second pause at the bottom of each rep. Instead of just going up onto your toes, think about rolling your ankle back and forth on the balls of your feet.
;;;;;;;;Rest Day;;;;;;;
;;;;;;;;;;;;;;;
Week 3;Exercise;Last-Set Intensity Technique;Warm-up Sets;Working Sets;Reps;Tracking Load and Reps;;;;Early Set RPE;Last Set RPE;Rest;Substitution Option 1;Substitution Option 2;Notes
;;;;;;Set 1;Set 2;Set 3;Set 4;;;;;;
Upper (Strength Focus);45° Incline Barbell Press;Failure;2-3;3;6-8;;;;;~8-9;10;3-5 min;45° Incline DB Press;45° Incline Machine Press;1 second pause at the bottom of each rep while maintaining tension on the pecs
;Cable Crossover Ladder;Failure;1-2;2;8-10;;;;;~8-9;10;1-2 min;Pec Deck;Bottom-Half DB Flye;Do one set with low cable position, one set with medium-height cable position, and one height with a high cable position. If you only have one or two sets, choose the one or two cable positions you prefer.
;Wide-Grip Pull-Up;Failure;1-2;3;8-10;;;;;~8-9;10;2-3 min;Wide-Grip Lat Pulldown;Dual-Handle Lat Pulldown;1.5x shoulder width overhand grip. Slow 2-3 second negative. Feel your lats pulling apart on the way down.
;High-Cable Lateral Raise;Failure;1-2;2;8-10;;;;;~8-9;10;1-2 min;High-Cable Cuffed Lateral Raise;Lean-In DB Lateral Raise;Focus on squeezing your lateral delt to move the weight.
;Pendlay Deficit Row;Failure + LLPs (Extend set);1-2;2;6-8;;;;;~8-9;10;2-3 min;Smith Machine Row;Single-Arm DB Row;Stand on a bumper plate. Focus on getting a big stretch and touch your stomach/chest on each rep! 
;Overhead Cable Triceps Extension (Bar);Failure;1;2;8-10;;;;;~8-9;10;1-2 min;Overhead Cable Triceps Extension (Rope);DB Skull Crusher;Optionally pause for 0.5-1 second in the stretched aspect of each rep
;Bayesian Cable Curl;Failure;1;2;8-10;;;;;~8-9;10;1-2 min;Seated Super-Bayesian High Cable Curl;Incline DB Stretch Curl;If you have a left-right bicep size imbalance, do these 1 arm at a time, starting with the weaker arm. Take the weaker arm to the listed RPE. Then match the reps with the other arm (stop once you've matched the reps, even if the RPE is lower). If you don't have a size imbalance, do these both arms at the same time.
Lower (Strength Focus);Lying Leg Curl;Failure + LLPs (Extend set);2;2;8-10;;;;;~8-9;10;1-2 min;Seated Leg Curl;Nordic Ham Curl;Set the machine so that you get the biggest stretch possible at the bottom. Prevent your butt from popping up as you curl. 
;Smith Machine Squat;Failure;2-4;3;6-8;;;;;~8-9;10;3-5 min;DB Bulgarian Split Squat;High-Bar Back Squat;Once you are under the bar, set up your feet as you would a normal squat and then bring them forward ~3-6 inches. This will cause you to lean back into the bar slightly, allowing for a more upright squat, while also placing more tension on the quads. If your heels are raising at the bottom, you may need to bring your feet more forward. If your feet feel like they are slipping or your lower back is rounding at the bottom, try bringing your feet back a bit.
;Barbell RDL;Failure;2-4;3;6-8;;;;;~8-9;10;2-3 min;DB RDL;Snatch-Grip RDL;To keep tension on the hamstrings, stop about 75% of the way to full lockout on each rep (i.e. stay in the bottom 3/4 of the range of motion).
;Leg Extension;Failure;1-2;2;8-10;;;;;~8-9;10;1-2 min;Reverse Nordic;Sissy Squat;Set the seat back as far as it will go while still feeling comfortable. Grab the handles as hard as you can to pull your butt down into the seat. Use a 2-3 second negative. Feel your quads pulling apart on the negative. 
;Standing Calf Raise;Static Stretch (30s);1-2;2;6-8;;;;;~8-9;10;1-2 min;Seated Calf Raise;Leg Press Calf Press;1-2 second pause at the bottom of each rep. Instead of just going up onto your toes, think about rolling your ankle back and forth on the balls of your feet.
;Cable Crunch;Failure;1;2;8-10;;;;;~8-9;10;1-2 min;Decline Weighted Crunch;Machine Crunch;Round your lower back as you crunch. Maintain a mind-muscle connection with your 6-pack.
;;;;;;;;Rest Day;;;;;;;
Pull (Hypertrophy Focus);Neutral-Grip Lat Pulldown;Failure;2-3;2;8-10;;;;;~8-9;10;2-3 min;Neutral-Grip Pull-Up;Dual-Handle Lat Pulldown;Do these pulldowns with the handle more out in front of you, more like a cross between pullover and a pulldown. Focus on feeling your lats working more than the weight you're using.
;Chest-Supported Machine Row;Failure;2-3;3;8-10;;;;;~8-9;10;2-3 min;Chest-Supported T-Bar Row;Incline Chest-Supported DB Row;Flare elbows out at roughly 45° and squeeze your shoulder blades together hard at the top of each rep.
;Neutral-Grip Seated Cable Row;Failure + LLPs (Extend set);1-2;2;10-12;;;;;~8-9;10;2-3 min;Helms Row;Meadows Row;Focus on squeezing your shoulder blades together, driving your elbows down and back.
;1-Arm 45° Cable Rear Delt Flye;Myo-reps;1-2;2;10-12;;;;;~8-9;10;1-2 min;Rope Face Pull;Reverse Pec Deck;Pause for 1-2 seconds in the squeeze of each rep. Contract the rear delts hard!
;Machine Shrug;Failure;2-3;2;10-12;;;;;~8-9;10;1-2 min;Cable Paused Shrug-In;DB Shrug;Brief pause at the top of the bottom of ROM. Think about pulling your shoulders up to your ears!
;EZ-Bar Cable Curl;Failure;1;2;10-12;;;;;~8-9;10;1-2 min;EZ-Bar Curl;DB Curl;Set up the cable at the lowest position. Maintain constant tension on the biceps. Slow, controlled reps!
;Machine Preacher Curl;Myo-reps;1;1;12-15;;;;;N/A;10;1-2 min;EZ-Bar Preacher Curl;DB Preacher Curl;Smooth, controlled reps. Mind-muscle connection with the biceps.
Push (Hypertrophy Focus);Barbell Bench Press;Failure;2-4;3;8-10;;;;;~8-9;10;3-5 min;Machine Chest Press;DB Bench Press;Set up a comfortable arch, quick pause on the chest and explode up on each rep.
;Machine Shoulder Press;Failure;2-3;2;8-10;;;;;~8-9;10;2-3 min;Cable Shoulder Press;Seated DB Shoulder Press;Ensure that your elbows break at least 90°. Mind-muscle connection with your delts. Smooth, controlled reps.
;Bottom-Half DB Flye;Failure;1-2;2;10-12;;;;;~8-9;10;1-2 min;Bottom-Half Seated Cable Flye;Low-to-High Cable Crossover;All reps and sets are to be performed in the bottom half of the ROM. Focus on feeling a deep stretch in your pecs at the bottom of each rep.
;High-Cable Lateral Raise;Myo-reps;1;2;10-12;;;;;~8-9;10;1-2 min;High-Cable Cuffed Lateral Raise;Lean-In DB Lateral Raise;Focus on squeezing your lateral delt to move the weight.
;Overhead Cable Triceps Extension (Bar);Failure;1;2;10-12;;;;;~8-9;10;1-2 min;Overhead Cable Triceps Extension (Rope);DB Skull Crusher;Optionally pause for 0.5-1 second in the stretched aspect of each rep
;Cable Triceps Kickback;Myo-reps;1;1;12-15;;;;;N/A;10;1-2 min;DB Triceps Kickback;Bench Dip;There are two ways you can do this: upright or bent over. Choose the one that feels more comfortable for you. The main thing is that when you're in the full squeeze, your shoulder should be positioned back behind your torso.
;Roman Chair Leg Raise;Failure;1-2;2;10-20;;;;;~8-9;10;1-2 min;Hanging Leg Raise;Modified Candlestick;Allow your lower back to round as you curl your legs up. 10-20 reps is a broad range on purpose: just go until you hit the listed RPE with controlled form.
Legs (Hypertrophy Focus);Leg Press;Failure;2-4;3;8-10;;;;;~8-9;10;2-3 min;Smith Machine Static Lunge;DB Walking Lunge;Feet lower on the platform for more quad focus. Get as deep as you can without excessive back rounding. Control the negative and do a slight pause at the bottom of each rep.
;Seated Leg Curl;Failure + LLPs (Extend set);1-2;2;10-12;;;;;~8-9;10;1-2 min;Lying Leg Curl;Nordic Ham Curl;Lean forward over the machine to get a maximum stretch in your hamstrings.
;DB Bulgarian Split Squat;Failure;2-3;2;8-10;;;;;~8-9;10;2-3 min;DB Step-Up;Goblet Squat;Lower all the way down until your front thigh is parallel to the ground. Drive through your front heel on the way up.
;Leg Extension;Myo-reps;1-2;2;10-12;;;;;~8-9;10;1-2 min;Reverse Nordic;Sissy Squat;Set the seat back as far as it will go while still feeling comfortable. Grab the handles as hard as you can to pull your butt down into the seat. Use a 2-3 second negative. Feel your quads pulling apart on the negative. 
;Machine Hip Adduction;Failure;1-2;2;10-12;;;;;~8-9;10;1-2 min;Cable Hip Adduction;Copenhagen Hip Adduction;Mind-muscle connection with your inner thighs. These are great for adding thigh mass from the front! Push them hard!
;Machine Hip Abduction;Failure;1-2;2;10-12;;;;;~8-9;10;1-2 min;Cable Hip Abduction;Lateral Band Walk;If possible, use pads to increase the range of motion on the machine. Lean forward and grab onto the machine rails to stretch the glutes further.
;Standing Calf Raise;Static Stretch (30s);1-2;2;10-12;;;;;~8-9;10;1-2 min;Seated Calf Raise;Leg Press Calf Press;1-2 second pause at the bottom of each rep. Instead of just going up onto your toes, think about rolling your ankle back and forth on the balls of your feet.
;;;;;;;;Rest Day;;;;;;;
;;;;;;;;;;;;;;;
Week 4;Exercise;Last-Set Intensity Technique;Warm-up Sets;Working Sets;Reps;Tracking Load and Reps;;;;Early Set RPE;Last Set RPE;Rest;Substitution Option 1;Substitution Option 2;Notes
;;;;;;Set 1;Set 2;Set 3;Set 4;;;;;;
Upper (Strength Focus);45° Incline Barbell Press;Failure;2-3;3;6-8;;;;;~8-9;10;3-5 min;45° Incline DB Press;45° Incline Machine Press;1 second pause at the bottom of each rep while maintaining tension on the pecs
;Cable Crossover Ladder;Failure;1-2;2;8-10;;;;;~8-9;10;1-2 min;Pec Deck;Bottom-Half DB Flye;Do one set with low cable position, one set with medium-height cable position, and one height with a high cable position. If you only have one or two sets, choose the one or two cable positions you prefer.
;Wide-Grip Pull-Up;Failure;1-2;3;8-10;;;;;~8-9;10;2-3 min;Wide-Grip Lat Pulldown;Dual-Handle Lat Pulldown;1.5x shoulder width overhand grip. Slow 2-3 second negative. Feel your lats pulling apart on the way down.
;High-Cable Lateral Raise;Failure;1-2;2;8-10;;;;;~8-9;10;1-2 min;High-Cable Cuffed Lateral Raise;Lean-In DB Lateral Raise;Focus on squeezing your lateral delt to move the weight.
;Pendlay Deficit Row;Failure + LLPs (Extend set);1-2;2;6-8;;;;;~8-9;10;2-3 min;Smith Machine Row;Single-Arm DB Row;Stand on a bumper plate. Focus on getting a big stretch and touch your stomach/chest on each rep! 
;Overhead Cable Triceps Extension (Bar);Failure;1;2;8-10;;;;;~8-9;10;1-2 min;Overhead Cable Triceps Extension (Rope);DB Skull Crusher;Optionally pause for 0.5-1 second in the stretched aspect of each rep
;Bayesian Cable Curl;Failure;1;2;8-10;;;;;~8-9;10;1-2 min;Seated Super-Bayesian High Cable Curl;Incline DB Stretch Curl;If you have a left-right bicep size imbalance, do these 1 arm at a time, starting with the weaker arm. Take the weaker arm to the listed RPE. Then match the reps with the other arm (stop once you've matched the reps, even if the RPE is lower). If you don't have a size imbalance, do these both arms at the same time.
Lower (Strength Focus);Lying Leg Curl;Failure + LLPs (Extend set);2;2;8-10;;;;;~8-9;10;1-2 min;Seated Leg Curl;Nordic Ham Curl;Set the machine so that you get the biggest stretch possible at the bottom. Prevent your butt from popping up as you curl. 
;Smith Machine Squat;Failure;2-4;3;6-8;;;;;~8-9;10;3-5 min;DB Bulgarian Split Squat;High-Bar Back Squat;Once you are under the bar, set up your feet as you would a normal squat and then bring them forward ~3-6 inches. This will cause you to lean back into the bar slightly, allowing for a more upright squat, while also placing more tension on the quads. If your heels are raising at the bottom, you may need to bring your feet more forward. If your feet feel like they are slipping or your lower back is rounding at the bottom, try bringing your feet back a bit.
;Barbell RDL;Failure;2-4;3;6-8;;;;;~8-9;10;2-3 min;DB RDL;Snatch-Grip RDL;To keep tension on the hamstrings, stop about 75% of the way to full lockout on each rep (i.e. stay in the bottom 3/4 of the range of motion).
;Leg Extension;Failure;1-2;2;8-10;;;;;~8-9;10;1-2 min;Reverse Nordic;Sissy Squat;Set the seat back as far as it will go while still feeling comfortable. Grab the handles as hard as you can to pull your butt down into the seat. Use a 2-3 second negative. Feel your quads pulling apart on the negative. 
;Standing Calf Raise;Static Stretch (30s);1-2;2;6-8;;;;;~8-9;10;1-2 min;Seated Calf Raise;Leg Press Calf Press;1-2 second pause at the bottom of each rep. Instead of just going up onto your toes, think about rolling your ankle back and forth on the balls of your feet.
;Cable Crunch;Failure;1;2;8-10;;;;;~8-9;10;1-2 min;Decline Weighted Crunch;Machine Crunch;Round your lower back as you crunch. Maintain a mind-muscle connection with your 6-pack.
;;;;;;;;Rest Day;;;;;;;
Pull (Hypertrophy Focus);Neutral-Grip Lat Pulldown;Failure;2-3;2;8-10;;;;;~8-9;10;2-3 min;Neutral-Grip Pull-Up;Dual-Handle Lat Pulldown;Do these pulldowns with the handle more out in front of you, more like a cross between pullover and a pulldown. Focus on feeling your lats working more than the weight you're using.
;Chest-Supported Machine Row;Failure;2-3;3;8-10;;;;;~8-9;10;2-3 min;Chest-Supported T-Bar Row;Incline Chest-Supported DB Row;Flare elbows out at roughly 45° and squeeze your shoulder blades together hard at the top of each rep.
;Neutral-Grip Seated Cable Row;Failure + LLPs (Extend set);1-2;2;10-12;;;;;~8-9;10;2-3 min;Helms Row;Meadows Row;Focus on squeezing your shoulder blades together, driving your elbows down and back.
;1-Arm 45° Cable Rear Delt Flye;Myo-reps;1-2;2;10-12;;;;;~8-9;10;1-2 min;Rope Face Pull;Reverse Pec Deck;Pause for 1-2 seconds in the squeeze of each rep. Contract the rear delts hard!
;Machine Shrug;Failure;2-3;2;10-12;;;;;~8-9;10;1-2 min;Cable Paused Shrug-In;DB Shrug;Brief pause at the top of the bottom of ROM. Think about pulling your shoulders up to your ears!
;EZ-Bar Cable Curl;Failure;1;2;10-12;;;;;~8-9;10;1-2 min;EZ-Bar Curl;DB Curl;Set up the cable at the lowest position. Maintain constant tension on the biceps. Slow, controlled reps!
;Machine Preacher Curl;Myo-reps;1;1;12-15;;;;;N/A;10;1-2 min;EZ-Bar Preacher Curl;DB Preacher Curl;Smooth, controlled reps. Mind-muscle connection with the biceps.
Push (Hypertrophy Focus);Barbell Bench Press;Failure;2-4;3;8-10;;;;;~8-9;10;3-5 min;Machine Chest Press;DB Bench Press;Set up a comfortable arch, quick pause on the chest and explode up on each rep.
;Machine Shoulder Press;Failure;2-3;2;8-10;;;;;~8-9;10;2-3 min;Cable Shoulder Press;Seated DB Shoulder Press;Ensure that your elbows break at least 90°. Mind-muscle connection with your delts. Smooth, controlled reps.
;Bottom-Half DB Flye;Failure;1-2;2;10-12;;;;;~8-9;10;1-2 min;Bottom-Half Seated Cable Flye;Low-to-High Cable Crossover;All reps and sets are to be performed in the bottom half of the ROM. Focus on feeling a deep stretch in your pecs at the bottom of each rep.
;High-Cable Lateral Raise;Myo-reps;1;2;10-12;;;;;~8-9;10;1-2 min;High-Cable Cuffed Lateral Raise;Lean-In DB Lateral Raise;Focus on squeezing your lateral delt to move the weight.
;Overhead Cable Triceps Extension (Bar);Failure;1;2;10-12;;;;;~8-9;10;1-2 min;Overhead Cable Triceps Extension (Rope);DB Skull Crusher;Optionally pause for 0.5-1 second in the stretched aspect of each rep
;Cable Triceps Kickback;Myo-reps;1;1;12-15;;;;;N/A;10;1-2 min;DB Triceps Kickback;Bench Dip;There are two ways you can do this: upright or bent over. Choose the one that feels more comfortable for you. The main thing is that when you're in the full squeeze, your shoulder should be positioned back behind your torso.
;Roman Chair Leg Raise;Failure;1-2;2;10-20;;;;;~8-9;10;1-2 min;Hanging Leg Raise;Modified Candlestick;Allow your lower back to round as you curl your legs up. 10-20 reps is a broad range on purpose: just go until you hit the listed RPE with controlled form.
Legs (Hypertrophy Focus);Leg Press;Failure;2-4;3;8-10;;;;;~8-9;10;2-3 min;Smith Machine Static Lunge;DB Walking Lunge;Feet lower on the platform for more quad focus. Get as deep as you can without excessive back rounding. Control the negative and do a slight pause at the bottom of each rep.
;Seated Leg Curl;Failure + LLPs (Extend set);1-2;2;10-12;;;;;~8-9;10;1-2 min;Lying Leg Curl;Nordic Ham Curl;Lean forward over the machine to get a maximum stretch in your hamstrings.
;DB Bulgarian Split Squat;Failure;2-3;2;8-10;;;;;~8-9;10;2-3 min;DB Step-Up;Goblet Squat;Lower all the way down until your front thigh is parallel to the ground. Drive through your front heel on the way up.
;Leg Extension;Myo-reps;1-2;2;10-12;;;;;~8-9;10;1-2 min;Reverse Nordic;Sissy Squat;Set the seat back as far as it will go while still feeling comfortable. Grab the handles as hard as you can to pull your butt down into the seat. Use a 2-3 second negative. Feel your quads pulling apart on the negative. 
;Machine Hip Adduction;Failure;1-2;2;10-12;;;;;~8-9;10;1-2 min;Cable Hip Adduction;Copenhagen Hip Adduction;Mind-muscle connection with your inner thighs. These are great for adding thigh mass from the front! Push them hard!
;Machine Hip Abduction;Failure;1-2;2;10-12;;;;;~8-9;10;1-2 min;Cable Hip Abduction;Lateral Band Walk;If possible, use pads to increase the range of motion on the machine. Lean forward and grab onto the machine rails to stretch the glutes further.
;Standing Calf Raise;Static Stretch (30s);1-2;2;10-12;;;;;~8-9;10;1-2 min;Seated Calf Raise;Leg Press Calf Press;1-2 second pause at the bottom of each rep. Instead of just going up onto your toes, think about rolling your ankle back and forth on the balls of your feet.
;;;;;;;;Rest Day;;;;;;;
;;;;;;;;;;;;;;;
Week 5;Exercise;Last-Set Intensity Technique;Warm-up Sets;Working Sets;Reps;Tracking Load and Reps;;;;Early Set RPE;Last Set RPE;Rest;Substitution Option 1;Substitution Option 2;Notes
;;;;;;Set 1;Set 2;Set 3;Set 4;;;;;;
Upper (Strength Focus);45° Incline Barbell Press;Failure;2-3;3;6-8;;;;;~8-9;10;3-5 min;45° Incline DB Press;45° Incline Machine Press;1 second pause at the bottom of each rep while maintaining tension on the pecs
;Cable Crossover Ladder;Failure;1-2;2;8-10;;;;;~8-9;10;1-2 min;Pec Deck;Bottom-Half DB Flye;Do one set with low cable position, one set with medium-height cable position, and one height with a high cable position. If you only have one or two sets, choose the one or two cable positions you prefer.
;Wide-Grip Pull-Up;Failure;1-2;3;8-10;;;;;~8-9;10;2-3 min;Wide-Grip Lat Pulldown;Dual-Handle Lat Pulldown;1.5x shoulder width overhand grip. Slow 2-3 second negative. Feel your lats pulling apart on the way down.
;High-Cable Lateral Raise;Failure;1-2;2;8-10;;;;;~8-9;10;1-2 min;High-Cable Cuffed Lateral Raise;Lean-In DB Lateral Raise;Focus on squeezing your lateral delt to move the weight.
;Pendlay Deficit Row;Failure + LLPs (Extend set);1-2;2;6-8;;;;;~8-9;10;2-3 min;Smith Machine Row;Single-Arm DB Row;Stand on a bumper plate. Focus on getting a big stretch and touch your stomach/chest on each rep! 
;Overhead Cable Triceps Extension (Bar);Failure;1;2;8-10;;;;;~8-9;10;1-2 min;Overhead Cable Triceps Extension (Rope);DB Skull Crusher;Optionally pause for 0.5-1 second in the stretched aspect of each rep
;Bayesian Cable Curl;Failure;1;2;8-10;;;;;~8-9;10;1-2 min;Seated Super-Bayesian High Cable Curl;Incline DB Stretch Curl;If you have a left-right bicep size imbalance, do these 1 arm at a time, starting with the weaker arm. Take the weaker arm to the listed RPE. Then match the reps with the other arm (stop once you've matched the reps, even if the RPE is lower). If you don't have a size imbalance, do these both arms at the same time.
Lower (Strength Focus);Lying Leg Curl;Failure + LLPs (Extend set);2;2;8-10;;;;;~8-9;10;1-2 min;Seated Leg Curl;Nordic Ham Curl;Set the machine so that you get the biggest stretch possible at the bottom. Prevent your butt from popping up as you curl. 
;Smith Machine Squat;Failure;2-4;3;6-8;;;;;~8-9;10;3-5 min;DB Bulgarian Split Squat;High-Bar Back Squat;Once you are under the bar, set up your feet as you would a normal squat and then bring them forward ~3-6 inches. This will cause you to lean back into the bar slightly, allowing for a more upright squat, while also placing more tension on the quads. If your heels are raising at the bottom, you may need to bring your feet more forward. If your feet feel like they are slipping or your lower back is rounding at the bottom, try bringing your feet back a bit.
;Barbell RDL;Failure;2-4;3;6-8;;;;;~8-9;10;2-3 min;DB RDL;Snatch-Grip RDL;To keep tension on the hamstrings, stop about 75% of the way to full lockout on each rep (i.e. stay in the bottom 3/4 of the range of motion).
;Leg Extension;Failure;1-2;2;8-10;;;;;~8-9;10;1-2 min;Reverse Nordic;Sissy Squat;Set the seat back as far as it will go while still feeling comfortable. Grab the handles as hard as you can to pull your butt down into the seat. Use a 2-3 second negative. Feel your quads pulling apart on the negative. 
;Standing Calf Raise;Static Stretch (30s);1-2;2;6-8;;;;;~8-9;10;1-2 min;Seated Calf Raise;Leg Press Calf Press;1-2 second pause at the bottom of each rep. Instead of just going up onto your toes, think about rolling your ankle back and forth on the balls of your feet.
;Cable Crunch;Failure;1;2;8-10;;;;;~8-9;10;1-2 min;Decline Weighted Crunch;Machine Crunch;Round your lower back as you crunch. Maintain a mind-muscle connection with your 6-pack.
;;;;;;;;Rest Day;;;;;;;
Pull (Hypertrophy Focus);Neutral-Grip Lat Pulldown;Failure;2-3;2;8-10;;;;;~8-9;10;2-3 min;Neutral-Grip Pull-Up;Dual-Handle Lat Pulldown;Do these pulldowns with the handle more out in front of you, more like a cross between pullover and a pulldown. Focus on feeling your lats working more than the weight you're using.
;Chest-Supported Machine Row;Failure;2-3;3;8-10;;;;;~8-9;10;2-3 min;Chest-Supported T-Bar Row;Incline Chest-Supported DB Row;Flare elbows out at roughly 45° and squeeze your shoulder blades together hard at the top of each rep.
;Neutral-Grip Seated Cable Row;Failure + LLPs (Extend set);1-2;2;10-12;;;;;~8-9;10;2-3 min;Helms Row;Meadows Row;Focus on squeezing your shoulder blades together, driving your elbows down and back.
;1-Arm 45° Cable Rear Delt Flye;Myo-reps;1-2;2;10-12;;;;;~8-9;10;1-2 min;Rope Face Pull;Reverse Pec Deck;Pause for 1-2 seconds in the squeeze of each rep. Contract the rear delts hard!
;Machine Shrug;Failure;2-3;2;10-12;;;;;~8-9;10;1-2 min;Cable Paused Shrug-In;DB Shrug;Brief pause at the top of the bottom of ROM. Think about pulling your shoulders up to your ears!
;EZ-Bar Cable Curl;Failure;1;2;10-12;;;;;~8-9;10;1-2 min;EZ-Bar Curl;DB Curl;Set up the cable at the lowest position. Maintain constant tension on the biceps. Slow, controlled reps!
;Machine Preacher Curl;Myo-reps;1;1;12-15;;;;;N/A;10;1-2 min;EZ-Bar Preacher Curl;DB Preacher Curl;Smooth, controlled reps. Mind-muscle connection with the biceps.
Push (Hypertrophy Focus);Barbell Bench Press;Failure;2-4;3;8-10;;;;;~8-9;10;3-5 min;Machine Chest Press;DB Bench Press;Set up a comfortable arch, quick pause on the chest and explode up on each rep.
;Machine Shoulder Press;Failure;2-3;2;8-10;;;;;~8-9;10;2-3 min;Cable Shoulder Press;Seated DB Shoulder Press;Ensure that your elbows break at least 90°. Mind-muscle connection with your delts. Smooth, controlled reps.
;Bottom-Half DB Flye;Failure;1-2;2;10-12;;;;;~8-9;10;1-2 min;Bottom-Half Seated Cable Flye;Low-to-High Cable Crossover;All reps and sets are to be performed in the bottom half of the ROM. Focus on feeling a deep stretch in your pecs at the bottom of each rep.
;High-Cable Lateral Raise;Myo-reps;1;2;10-12;;;;;~8-9;10;1-2 min;High-Cable Cuffed Lateral Raise;Lean-In DB Lateral Raise;Focus on squeezing your lateral delt to move the weight.
;Overhead Cable Triceps Extension (Bar);Failure;1;2;10-12;;;;;~8-9;10;1-2 min;Overhead Cable Triceps Extension (Rope);DB Skull Crusher;Optionally pause for 0.5-1 second in the stretched aspect of each rep
;Cable Triceps Kickback;Myo-reps;1;1;12-15;;;;;N/A;10;1-2 min;DB Triceps Kickback;Bench Dip;There are two ways you can do this: upright or bent over. Choose the one that feels more comfortable for you. The main thing is that when you're in the full squeeze, your shoulder should be positioned back behind your torso.
;Roman Chair Leg Raise;Failure;1-2;2;10-20;;;;;~8-9;10;1-2 min;Hanging Leg Raise;Modified Candlestick;Allow your lower back to round as you curl your legs up. 10-20 reps is a broad range on purpose: just go until you hit the listed RPE with controlled form.
Legs (Hypertrophy Focus);Leg Press;Failure;2-4;3;8-10;;;;;~8-9;10;2-3 min;Smith Machine Static Lunge;DB Walking Lunge;Feet lower on the platform for more quad focus. Get as deep as you can without excessive back rounding. Control the negative and do a slight pause at the bottom of each rep.
;Seated Leg Curl;Failure + LLPs (Extend set);1-2;2;10-12;;;;;~8-9;10;1-2 min;Lying Leg Curl;Nordic Ham Curl;Lean forward over the machine to get a maximum stretch in your hamstrings.
;DB Bulgarian Split Squat;Failure;2-3;2;8-10;;;;;~8-9;10;2-3 min;DB Step-Up;Goblet Squat;Lower all the way down until your front thigh is parallel to the ground. Drive through your front heel on the way up.
;Leg Extension;Myo-reps;1-2;2;10-12;;;;;~8-9;10;1-2 min;Reverse Nordic;Sissy Squat;Set the seat back as far as it will go while still feeling comfortable. Grab the handles as hard as you can to pull your butt down into the seat. Use a 2-3 second negative. Feel your quads pulling apart on the negative. 
;Machine Hip Adduction;Failure;1-2;2;10-12;;;;;~8-9;10;1-2 min;Cable Hip Adduction;Copenhagen Hip Adduction;Mind-muscle connection with your inner thighs. These are great for adding thigh mass from the front! Push them hard!
;Machine Hip Abduction;Failure;1-2;2;10-12;;;;;~8-9;10;1-2 min;Cable Hip Abduction;Lateral Band Walk;If possible, use pads to increase the range of motion on the machine. Lean forward and grab onto the machine rails to stretch the glutes further.
;Standing Calf Raise;Static Stretch (30s);1-2;2;10-12;;;;;~8-9;10;1-2 min;Seated Calf Raise;Leg Press Calf Press;1-2 second pause at the bottom of each rep. Instead of just going up onto your toes, think about rolling your ankle back and forth on the balls of your feet.
;;;;;;;;Rest Day;;;;;;;
;;;;;;;;;;;;;;;
Ramping Block;;;;;;;;;;;;;;;
Week 6;Exercise;Last-Set Intensity Technique;Warm-up Sets;Working Sets;Reps;Tracking Load and Reps;;;;Early Set RPE;Last Set RPE;Rest;Substitution Option 1;Substitution Option 2;Notes
;;;;;;Set 1;Set 2;Set 3;Set 4;;;;;;
Upper (Strength Focus);45° Incline DB Press;N/A;2-3;2;8-10;;;;;~6-7;~7-8;3-5 min;45° Incline Barbell Press;45° Incline Machine Press;1 second pause at the bottom of each rep while maintaining tension on the pecs
;Pec Deck;N/A;1-2;2;10-12;;;;;~7-8;~8-9;1-2 min;Cable Crossover Ladder;Bottom-Half DB Flye;Focus on bringing your elbows together - not your hands
;Dual-Handle Lat Pulldown;N/A;1-2;2;10-12;;;;;~6-7;~7-8;2-3 min;Wide-Grip Lat Pulldown;Wide-Grip Pull-Up;Lean back by ~15° and drive your elbows down as you squeeze your shoulder blades together. This should feel like a mix of lats and mid-traps.
;High-Cable Lateral Raise;N/A;1-2;2;10-12;;;;;~7-8;~8-9;1-2 min;High-Cable Cuffed Lateral Raise;Lean-In DB Lateral Raise;Focus on squeezing your lateral delt to move the weight.
;Smith Machine Row;N/A;1-2;2;8-10;;;;;~7-8;~8-9;2-3 min;Pendlay Deficit Row;Single-Arm DB Row;Focus on squeezing your shoulder blades together, keeping your elbows at a ~45° angle
;Overhead Cable Triceps Extension (Bar);N/A;1;2;10-12;;;;;~7-8;~8-9;1-2 min;Overhead Cable Triceps Extension (Rope);DB Skull Crusher;Optionally pause for 0.5-1 second in the stretched aspect of each rep
;Bayesian Cable Curl;N/A;1;2;10-12;;;;;~7-8;~8-9;1-2 min;Seated Super-Bayesian High Cable Curl;Incline DB Stretch Curl;If you have a left-right bicep size imbalance, do these 1 arm at a time, starting with the weaker arm. Take the weaker arm to the listed RPE. Then match the reps with the other arm (stop once you've matched the reps, even if the RPE is lower). If you don't have a size imbalance, do these both arms at the same time.
Lower (Strength Focus);Lying Leg Curl;N/A;2;2;10-12;;;;;~7-8;~8-9;1-2 min;Seated Leg Curl;Nordic Ham Curl;Set the machine so that you get the biggest stretch possible at the bottom. Prevent your butt from popping up as you curl. 
;Smith Machine Static Lunge w/ Elevated Front Foot;N/A;2-4;2;8-10;;;;;~6-7;~7-8;3-5 min;DB Bulgarian Split Squat;High-Bar Back Squat;Elevate your front foot on a small box. Minimize contribution from your back leg.
;45° Hyperextension;N/A;2-4;2;8-10;;;;;~6-7;~7-8;2-3 min;Glute-Ham Raise;Cable Pull-Through;Squeeze your glutes hard at the top of each rep. Slow controlled reps on the way down, followed by an explosive positive.
;Leg Extension;N/A;1-2;2;10-12;;;;;~7-8;~8-9;1-2 min;Reverse Nordic;Sissy Squat;Set the seat back as far as it will go while still feeling comfortable. Grab the handles as hard as you can to pull your butt down into the seat. Use a 2-3 second negative. Feel your quads pulling apart on the negative. 
;Leg Press Calf Press;N/A;1-2;2;8-10;;;;;~7-8;~8-9;1-2 min;Seated Calf Raise;Standing Calf Raise;1-2 second pause at the bottom of each rep. Instead of just going up onto your toes, think about rolling your ankle back and forth on the balls of your feet.
;Machine Crunch;N/A;1;2;10-12;;;;;~7-8;~8-9;1-2 min;Decline Weighted Crunch;Cable Crunch;Round your lower back as you crunch. Maintain a mind-muscle connection with your 6-pack.
;;;;;;;;Rest Day;;;;;;;
Pull (Hypertrophy Focus);Lean-Back Lat Pulldown;N/A;2-3;2;10-12;;;;;~6-7;~7-8;2-3 min;Lean-Back Machine Pulldown;Pull-Up;Initiate the pulldown with a straight up posture. As you pull the bar down, lean back by about 15-30° to get the mid-back more involved. Softly touch the bar to your chest on every rep and, even though you're leaning back, still control the weight!
;Chest-Supported T-Bar Row;N/A;2-3;2;10-12;;;;;~6-7;~7-8;2-3 min;Chest-Supported Machine Row;Incline Chest-Supported DB Row;Flare elbows out at roughly 45° and squeeze your shoulder blades together hard at the top of each rep.
;Dual-Handle Elbows-Out Cable Row;N/A;1-2;2;12-15;;;;;~7-8;~8-9;2-3 min;Arm-Out Single-Arm DB Row;Meadows Row;Flare your elbows out ~45°. Smooth, controlled reps.
;1-Arm 45° Cable Rear Delt Flye;N/A;1-2;2;12-15;;;;;~7-8;~8-9;1-2 min;Rope Face Pull;Reverse Pec Deck;Pause for 1-2 seconds in the squeeze of each rep. Contract the rear delts hard!
;Cable Paused Shrug-In;N/A;2-3;2;12-15;;;;;~7-8;~8-9;1-2 min;Machine Shrug;DB Shrug;"Shrug up and in. Think about shrugging ""up to your ears."" 1-2 second pause in the squeeze (at the top) of each rep, then another 1-2 second pause in the stretch (at the bottom) of each rep."
;Cable Rope Hammer Curl;N/A;1;2;12-15;;;;;~7-8;~8-9;1-2 min;DB Hammer Curl;Hammer Preacher Curl;Squeeze the rope hard as you curl the weight up. Smooth, controlled reps.
; DB Concentration Curl;N/A;1;1;15-20;;;;;N/A;~8-9;1-2 min;Concentration Cable Curl;DB Preacher Curl;Smooth, controlled reps. Mind-muscle connection with the biceps.
Push (Hypertrophy Focus);Machine Chest Press;N/A;2-4;2;10-12;;;;;~6-7;~7-8;3-5 min;Barbell Bench Press;DB Bench Press;1 second pause at the bottom of each rep while maintaining tension on the pecs
;Seated DB Shoulder Press;N/A;2-3;2;10-12;;;;;~6-7;~7-8;2-3 min;Cable Shoulder Press;Machine Shoulder Press;Ensure that your elbows break at least 90°. Mind-muscle connection with your delts. Smooth, controlled reps.
;Bottom-Half Seated Cable Flye;N/A;1-2;2;12-15;;;;;~7-8;~8-9;1-2 min;Bottom-Half DB Flye;Low-to-High Cable Crossover;All reps and sets are to be performed in the bottom half of the ROM. Focus on feeling a deep stretch in your pecs at the bottom of each rep.
;High-Cable Lateral Raise;N/A;1;2;12-15;;;;;~7-8;~8-9;1-2 min;High-Cable Cuffed Lateral Raise;Lean-In DB Lateral Raise;Focus on squeezing your lateral delt to move the weight.
;EZ-Bar Skull Crusher;N/A;1;2;12-15;;;;;~7-8;~8-9;1-2 min;DB Skull Crusher;Katana Triceps Extension;Optionally pause for 0.5-1 second in the stretched aspect of each rep
;Triceps Pressdown (Bar);N/A;1;1;15-20;;;;;N/A;~8-9;1-2 min;Triceps Pressdown (Rope);DB Triceps Kickback;Focus on squeezing your triceps to move the weight
;Ab Wheel Rollout;N/A;1-2;2;12-15;;;;;~7-8;~8-9;1-2 min;Swiss Ball Rollout;Long-Lever Plank;Don't just bend at your hips, use your abs to lower yourself down under control and pull yourself back up. If you don't have the core strength to get all the way extended at the bottom, try to progressively increase the ROM week to week.
Legs (Hypertrophy Focus);Hack Squat;N/A;2-4;2;10-12;;;;;~6-7;~7-8;2-3 min;Leg Press;DB Walking Lunge;Use a controlled negative (don't free fall) and then explode on the positive.
;Seated Leg Curl;N/A;1-2;2;12-15;;;;;~7-8;~8-9;1-2 min;Lying Leg Curl;Nordic Ham Curl;Lean forward over the machine to get a maximum stretch in your hamstrings.
;Walking Lunge;N/A;2-3;2;10-12;;;;;~6-7;~7-8;2-3 min;Smith Machine Static Lunge;DB Static Lunge;Take medium strides. Minimize contribution from the back leg
;Leg Extension;N/A;1-2;2;12-15;;;;;~7-8;~8-9;1-2 min;Reverse Nordic;Sissy Squat;Set the seat back as far as it will go while still feeling comfortable. Grab the handles as hard as you can to pull your butt down into the seat. Use a 2-3 second negative. Feel your quads pulling apart on the negative. 
;Machine Hip Adduction;N/A;1-2;2;12-15;;;;;~7-8;~8-9;1-2 min;Cable Hip Adduction;Copenhagen Hip Adduction;Mind-muscle connection with your inner thighs. These are great for adding thigh mass from the front! Push them hard!
;Machine Hip Abduction;N/A;1-2;2;12-15;;;;;~7-8;~8-9;1-2 min;Cable Hip Abduction;Lateral Band Walk;If possible, use pads to increase the range of motion on the machine. Lean forward and grab onto the machine rails to stretch the glutes further.
;Standing Calf Raise;N/A;1-2;2;12-15;;;;;~7-8;~8-9;1-2 min;Seated Calf Raise;Leg Press Calf Press;1-2 second pause at the bottom of each rep. Instead of just going up onto your toes, think about rolling your ankle back and forth on the balls of your feet.
;;;;;;;;Rest Day;;;;;;;
;;;;;;;;;;;;;;;
Week 7;Exercise;Last-Set Intensity Technique;Warm-up Sets;Working Sets;Reps;Tracking Load and Reps;;;;Early Set RPE;Last Set RPE;Rest;Substitution Option 1;Substitution Option 2;Notes
;;;;;;Set 1;Set 2;Set 3;Set 4;;;;;;
Upper (Strength Focus);45° Incline DB Press;Failure;2-3;3;8-10;;;;;~8-9;10;3-5 min;45° Incline Barbell Press;45° Incline Machine Press;1 second pause at the bottom of each rep while maintaining tension on the pecs
;Pec Deck;Failure;1-2;3;10-12;;;;;~8-9;10;1-2 min;Cable Crossover Ladder;Bottom-Half DB Flye;Focus on bringing your elbows together - not your hands
;Dual-Handle Lat Pulldown;Failure;1-2;3;10-12;;;;;~8-9;10;2-3 min;Wide-Grip Lat Pulldown;Wide-Grip Pull-Up;Lean back by ~15° and drive your elbows down as you squeeze your shoulder blades together. This should feel like a mix of lats and mid-traps.
;High-Cable Lateral Raise;Failure;1-2;2;10-12;;;;;~8-9;10;1-2 min;High-Cable Cuffed Lateral Raise;Lean-In DB Lateral Raise;Focus on squeezing your lateral delt to move the weight.
;Smith Machine Row;Failure + LLPs (Extend set);1-2;3;8-10;;;;;~8-9;10;2-3 min;Pendlay Deficit Row;Single-Arm DB Row;Focus on squeezing your shoulder blades together, keeping your elbows at a ~45° angle
;Overhead Cable Triceps Extension (Bar);Failure;1;2;10-12;;;;;~8-9;10;1-2 min;Overhead Cable Triceps Extension (Rope);DB Skull Crusher;Optionally pause for 0.5-1 second in the stretched aspect of each rep
;Bayesian Cable Curl;Failure;1;2;10-12;;;;;~8-9;10;1-2 min;Seated Super-Bayesian High Cable Curl;Incline DB Stretch Curl;If you have a left-right bicep size imbalance, do these 1 arm at a time, starting with the weaker arm. Take the weaker arm to the listed RPE. Then match the reps with the other arm (stop once you've matched the reps, even if the RPE is lower). If you don't have a size imbalance, do these both arms at the same time.
Lower (Strength Focus);Lying Leg Curl;Failure + LLPs (Extend set);2;2;10-12;;;;;~8-9;10;1-2 min;Seated Leg Curl;Nordic Ham Curl;Set the machine so that you get the biggest stretch possible at the bottom. Prevent your butt from popping up as you curl. 
;Smith Machine Static Lunge w/ Elevated Front Foot;Failure;2-4;3;8-10;;;;;~8-9;10;3-5 min;DB Bulgarian Split Squat;High-Bar Back Squat;Elevate your front foot on a small box. Minimize contribution from your back leg.
;45° Hyperextension;Failure;2-4;3;8-10;;;;;~8-9;10;2-3 min;Glute-Ham Raise;Cable Pull-Through;Squeeze your glutes hard at the top of each rep. Slow controlled reps on the way down, followed by an explosive positive.
;Leg Extension;Failure;1-2;3;10-12;;;;;~8-9;10;1-2 min;Reverse Nordic;Sissy Squat;Set the seat back as far as it will go while still feeling comfortable. Grab the handles as hard as you can to pull your butt down into the seat. Use a 2-3 second negative. Feel your quads pulling apart on the negative. 
;Leg Press Calf Press;Static Stretch (30s);1-2;3;8-10;;;;;~8-9;10;1-2 min;Seated Calf Raise;Standing Calf Raise;1-2 second pause at the bottom of each rep. Instead of just going up onto your toes, think about rolling your ankle back and forth on the balls of your feet.
;Machine Crunch;Failure;1;2;10-12;;;;;~8-9;10;1-2 min;Decline Weighted Crunch;Cable Crunch;Round your lower back as you crunch. Maintain a mind-muscle connection with your 6-pack.
;;;;;;;;Rest Day;;;;;;;
Pull (Hypertrophy Focus);Lean-Back Lat Pulldown;Failure;2-3;3;10-12;;;;;~8-9;10;2-3 min;Lean-Back Machine Pulldown;Pull-Up;Initiate the pulldown with a straight up posture. As you pull the bar down, lean back by about 15-30° to get the mid-back more involved. Softly touch the bar to your chest on every rep and, even though you're leaning back, still control the weight!
;Chest-Supported T-Bar Row;Failure;2-3;3;10-12;;;;;~8-9;10;2-3 min;Chest-Supported Machine Row;Incline Chest-Supported DB Row;Flare elbows out at roughly 45° and squeeze your shoulder blades together hard at the top of each rep.
;Dual-Handle Elbows-Out Cable Row;Failure + LLPs (Extend set);1-2;2;12-15;;;;;~8-9;10;2-3 min;Arm-Out Single-Arm DB Row;Meadows Row;Flare your elbows out ~45°. Smooth, controlled reps.
;1-Arm 45° Cable Rear Delt Flye;Myo-reps;1-2;3;12-15;;;;;~8-9;10;1-2 min;Rope Face Pull;Reverse Pec Deck;Pause for 1-2 seconds in the squeeze of each rep. Contract the rear delts hard!
;Cable Paused Shrug-In;Failure;2-3;2;12-15;;;;;~8-9;10;1-2 min;Machine Shrug;DB Shrug;"Shrug up and in. Think about shrugging ""up to your ears."" 1-2 second pause in the squeeze (at the top) of each rep, then another 1-2 second pause in the stretch (at the bottom) of each rep."
;Cable Rope Hammer Curl;Failure;1;3;12-15;;;;;~8-9;10;1-2 min;DB Hammer Curl;Hammer Preacher Curl;Squeeze the rope hard as you curl the weight up. Smooth, controlled reps.
; DB Concentration Curl;Myo-reps;1;2;15-20;;;;;~8-9;10;1-2 min;Concentration Cable Curl;DB Preacher Curl;Smooth, controlled reps. Mind-muscle connection with the biceps.
Push (Hypertrophy Focus);Machine Chest Press;Failure;2-4;3;10-12;;;;;~8-9;10;3-5 min;Barbell Bench Press;DB Bench Press;1 second pause at the bottom of each rep while maintaining tension on the pecs
;Seated DB Shoulder Press;Failure;2-3;3;10-12;;;;;~8-9;10;2-3 min;Cable Shoulder Press;Machine Shoulder Press;Ensure that your elbows break at least 90°. Mind-muscle connection with your delts. Smooth, controlled reps.
;Bottom-Half Seated Cable Flye;Failure;1-2;2;12-15;;;;;~8-9;10;1-2 min;Bottom-Half DB Flye;Low-to-High Cable Crossover;All reps and sets are to be performed in the bottom half of the ROM. Focus on feeling a deep stretch in your pecs at the bottom of each rep.
;High-Cable Lateral Raise;Myo-reps;1;2;12-15;;;;;~8-9;10;1-2 min;High-Cable Cuffed Lateral Raise;Lean-In DB Lateral Raise;Focus on squeezing your lateral delt to move the weight.
;EZ-Bar Skull Crusher;Failure;1;3;12-15;;;;;~8-9;10;1-2 min;DB Skull Crusher;Katana Triceps Extension;Optionally pause for 0.5-1 second in the stretched aspect of each rep
;Triceps Pressdown (Bar);Myo-reps;1;2;15-20;;;;;~8-9;10;1-2 min;Triceps Pressdown (Rope);DB Triceps Kickback;Focus on squeezing your triceps to move the weight
;Ab Wheel Rollout;Failure;1-2;2;12-15;;;;;~8-9;10;1-2 min;Swiss Ball Rollout;Long-Lever Plank;Don't just bend at your hips, use your abs to lower yourself down under control and pull yourself back up. If you don't have the core strength to get all the way extended at the bottom, try to progressively increase the ROM week to week.
Legs (Hypertrophy Focus);Hack Squat;Failure;2-4;3;10-12;;;;;~8-9;10;2-3 min;Leg Press;DB Walking Lunge;Use a controlled negative (don't free fall) and then explode on the positive.
;Seated Leg Curl;Failure + LLPs (Extend set);1-2;3;12-15;;;;;~8-9;10;1-2 min;Lying Leg Curl;Nordic Ham Curl;Lean forward over the machine to get a maximum stretch in your hamstrings.
;Walking Lunge;Failure;2-3;2;10-12;;;;;~8-9;10;2-3 min;Smith Machine Static Lunge;DB Static Lunge;Take medium strides. Minimize contribution from the back leg
;Leg Extension;Myo-reps;1-2;2;12-15;;;;;~8-9;10;1-2 min;Reverse Nordic;Sissy Squat;Set the seat back as far as it will go while still feeling comfortable. Grab the handles as hard as you can to pull your butt down into the seat. Use a 2-3 second negative. Feel your quads pulling apart on the negative. 
;Machine Hip Adduction;Failure;1-2;2;12-15;;;;;~8-9;10;1-2 min;Cable Hip Adduction;Copenhagen Hip Adduction;Mind-muscle connection with your inner thighs. These are great for adding thigh mass from the front! Push them hard!
;Machine Hip Abduction;Failure;1-2;2;12-15;;;;;~8-9;10;1-2 min;Cable Hip Abduction;Lateral Band Walk;If possible, use pads to increase the range of motion on the machine. Lean forward and grab onto the machine rails to stretch the glutes further.
;Standing Calf Raise;Static Stretch (30s);1-2;2;12-15;;;;;~8-9;10;1-2 min;Seated Calf Raise;Leg Press Calf Press;1-2 second pause at the bottom of each rep. Instead of just going up onto your toes, think about rolling your ankle back and forth on the balls of your feet.
;;;;;;;;Rest Day;;;;;;;
;;;;;;;;;;;;;;;
Week 8;Exercise;Last-Set Intensity Technique;Warm-up Sets;Working Sets;Reps;Tracking Load and Reps;;;;Early Set RPE;Last Set RPE;Rest;Substitution Option 1;Substitution Option 2;Notes
;;;;;;Set 1;Set 2;Set 3;Set 4;;;;;;
Upper (Strength Focus);45° Incline DB Press;Failure;2-3;3;8-10;;;;;~8-9;10;3-5 min;45° Incline Barbell Press;45° Incline Machine Press;1 second pause at the bottom of each rep while maintaining tension on the pecs
;Pec Deck;Failure;1-2;3;10-12;;;;;~8-9;10;1-2 min;Cable Crossover Ladder;Bottom-Half DB Flye;Focus on bringing your elbows together - not your hands
;Dual-Handle Lat Pulldown;Failure;1-2;3;10-12;;;;;~8-9;10;2-3 min;Wide-Grip Lat Pulldown;Wide-Grip Pull-Up;Lean back by ~15° and drive your elbows down as you squeeze your shoulder blades together. This should feel like a mix of lats and mid-traps.
;High-Cable Lateral Raise;Failure;1-2;2;10-12;;;;;~8-9;10;1-2 min;High-Cable Cuffed Lateral Raise;Lean-In DB Lateral Raise;Focus on squeezing your lateral delt to move the weight.
;Smith Machine Row;Failure + LLPs (Extend set);1-2;3;8-10;;;;;~8-9;10;2-3 min;Pendlay Deficit Row;Single-Arm DB Row;Focus on squeezing your shoulder blades together, keeping your elbows at a ~45° angle
;Overhead Cable Triceps Extension (Bar);Failure;1;2;10-12;;;;;~8-9;10;1-2 min;Overhead Cable Triceps Extension (Rope);DB Skull Crusher;Optionally pause for 0.5-1 second in the stretched aspect of each rep
;Bayesian Cable Curl;Failure;1;2;10-12;;;;;~8-9;10;1-2 min;Seated Super-Bayesian High Cable Curl;Incline DB Stretch Curl;If you have a left-right bicep size imbalance, do these 1 arm at a time, starting with the weaker arm. Take the weaker arm to the listed RPE. Then match the reps with the other arm (stop once you've matched the reps, even if the RPE is lower). If you don't have a size imbalance, do these both arms at the same time.
Lower (Strength Focus);Lying Leg Curl;Failure + LLPs (Extend set);2;2;10-12;;;;;~8-9;10;1-2 min;Seated Leg Curl;Nordic Ham Curl;Set the machine so that you get the biggest stretch possible at the bottom. Prevent your butt from popping up as you curl. 
;Smith Machine Static Lunge w/ Elevated Front Foot;Failure;2-4;3;8-10;;;;;~8-9;10;3-5 min;DB Bulgarian Split Squat;High-Bar Back Squat;Elevate your front foot on a small box. Minimize contribution from your back leg.
;45° Hyperextension;Failure;2-4;3;8-10;;;;;~8-9;10;2-3 min;Glute-Ham Raise;Cable Pull-Through;Squeeze your glutes hard at the top of each rep. Slow controlled reps on the way down, followed by an explosive positive.
;Leg Extension;Failure;1-2;3;10-12;;;;;~8-9;10;1-2 min;Reverse Nordic;Sissy Squat;Set the seat back as far as it will go while still feeling comfortable. Grab the handles as hard as you can to pull your butt down into the seat. Use a 2-3 second negative. Feel your quads pulling apart on the negative. 
;Leg Press Calf Press;Static Stretch (30s);1-2;3;8-10;;;;;~8-9;10;1-2 min;Seated Calf Raise;Standing Calf Raise;1-2 second pause at the bottom of each rep. Instead of just going up onto your toes, think about rolling your ankle back and forth on the balls of your feet.
;Machine Crunch;Failure;1;2;10-12;;;;;~8-9;10;1-2 min;Decline Weighted Crunch;Cable Crunch;Round your lower back as you crunch. Maintain a mind-muscle connection with your 6-pack.
;;;;;;;;Rest Day;;;;;;;
Pull (Hypertrophy Focus);Lean-Back Lat Pulldown;Failure;2-3;3;10-12;;;;;~8-9;10;2-3 min;Lean-Back Machine Pulldown;Pull-Up;Initiate the pulldown with a straight up posture. As you pull the bar down, lean back by about 15-30° to get the mid-back more involved. Softly touch the bar to your chest on every rep and, even though you're leaning back, still control the weight!
;Chest-Supported T-Bar Row;Failure;2-3;3;10-12;;;;;~8-9;10;2-3 min;Chest-Supported Machine Row;Incline Chest-Supported DB Row;Flare elbows out at roughly 45° and squeeze your shoulder blades together hard at the top of each rep.
;Dual-Handle Elbows-Out Cable Row;Failure + LLPs (Extend set);1-2;2;12-15;;;;;~8-9;10;2-3 min;Arm-Out Single-Arm DB Row;Meadows Row;Flare your elbows out ~45°. Smooth, controlled reps.
;1-Arm 45° Cable Rear Delt Flye;Myo-reps;1-2;3;12-15;;;;;~8-9;10;1-2 min;Rope Face Pull;Reverse Pec Deck;Pause for 1-2 seconds in the squeeze of each rep. Contract the rear delts hard!
;Cable Paused Shrug-In;Failure;2-3;2;12-15;;;;;~8-9;10;1-2 min;Machine Shrug;DB Shrug;"Shrug up and in. Think about shrugging ""up to your ears."" 1-2 second pause in the squeeze (at the top) of each rep, then another 1-2 second pause in the stretch (at the bottom) of each rep."
;Cable Rope Hammer Curl;Failure;1;3;12-15;;;;;~8-9;10;1-2 min;DB Hammer Curl;Hammer Preacher Curl;Squeeze the rope hard as you curl the weight up. Smooth, controlled reps.
; DB Concentration Curl;Myo-reps;1;2;15-20;;;;;~8-9;10;1-2 min;Concentration Cable Curl;DB Preacher Curl;Smooth, controlled reps. Mind-muscle connection with the biceps.
Push (Hypertrophy Focus);Machine Chest Press;Failure;2-4;3;10-12;;;;;~8-9;10;3-5 min;Barbell Bench Press;DB Bench Press;1 second pause at the bottom of each rep while maintaining tension on the pecs
;Seated DB Shoulder Press;Failure;2-3;3;10-12;;;;;~8-9;10;2-3 min;Cable Shoulder Press;Machine Shoulder Press;Ensure that your elbows break at least 90°. Mind-muscle connection with your delts. Smooth, controlled reps.
;Bottom-Half Seated Cable Flye;Failure;1-2;2;12-15;;;;;~8-9;10;1-2 min;Bottom-Half DB Flye;Low-to-High Cable Crossover;All reps and sets are to be performed in the bottom half of the ROM. Focus on feeling a deep stretch in your pecs at the bottom of each rep.
;High-Cable Lateral Raise;Myo-reps;1;2;12-15;;;;;~8-9;10;1-2 min;High-Cable Cuffed Lateral Raise;Lean-In DB Lateral Raise;Focus on squeezing your lateral delt to move the weight.
;EZ-Bar Skull Crusher;Failure;1;3;12-15;;;;;~8-9;10;1-2 min;DB Skull Crusher;Katana Triceps Extension;Optionally pause for 0.5-1 second in the stretched aspect of each rep
;Triceps Pressdown (Bar);Myo-reps;1;2;15-20;;;;;~8-9;10;1-2 min;Triceps Pressdown (Rope);DB Triceps Kickback;Focus on squeezing your triceps to move the weight
;Ab Wheel Rollout;Failure;1-2;2;12-15;;;;;~8-9;10;1-2 min;Swiss Ball Rollout;Long-Lever Plank;Don't just bend at your hips, use your abs to lower yourself down under control and pull yourself back up. If you don't have the core strength to get all the way extended at the bottom, try to progressively increase the ROM week to week.
Legs (Hypertrophy Focus);Hack Squat;Failure;2-4;3;10-12;;;;;~8-9;10;2-3 min;Leg Press;DB Walking Lunge;Use a controlled negative (don't free fall) and then explode on the positive.
;Seated Leg Curl;Failure + LLPs (Extend set);1-2;3;12-15;;;;;~8-9;10;1-2 min;Lying Leg Curl;Nordic Ham Curl;Lean forward over the machine to get a maximum stretch in your hamstrings.
;Walking Lunge;Failure;2-3;2;10-12;;;;;~8-9;10;2-3 min;Smith Machine Static Lunge;DB Static Lunge;Take medium strides. Minimize contribution from the back leg
;Leg Extension;Myo-reps;1-2;2;12-15;;;;;~8-9;10;1-2 min;Reverse Nordic;Sissy Squat;Set the seat back as far as it will go while still feeling comfortable. Grab the handles as hard as you can to pull your butt down into the seat. Use a 2-3 second negative. Feel your quads pulling apart on the negative. 
;Machine Hip Adduction;Failure;1-2;2;12-15;;;;;~8-9;10;1-2 min;Cable Hip Adduction;Copenhagen Hip Adduction;Mind-muscle connection with your inner thighs. These are great for adding thigh mass from the front! Push them hard!
;Machine Hip Abduction;Failure;1-2;2;12-15;;;;;~8-9;10;1-2 min;Cable Hip Abduction;Lateral Band Walk;If possible, use pads to increase the range of motion on the machine. Lean forward and grab onto the machine rails to stretch the glutes further.
;Standing Calf Raise;Static Stretch (30s);1-2;2;12-15;;;;;~8-9;10;1-2 min;Seated Calf Raise;Leg Press Calf Press;1-2 second pause at the bottom of each rep. Instead of just going up onto your toes, think about rolling your ankle back and forth on the balls of your feet.
;;;;;;;;Rest Day;;;;;;;
;;;;;;;;;;;;;;;
Week 9;Exercise;Last-Set Intensity Technique;Warm-up Sets;Working Sets;Reps;Tracking Load and Reps;;;;Early Set RPE;Last Set RPE;Rest;Substitution Option 1;Substitution Option 2;Notes
;;;;;;Set 1;Set 2;Set 3;Set 4;;;;;;
Upper (Strength Focus);45° Incline DB Press;Failure;2-3;3;8-10;;;;;~8-9;10;3-5 min;45° Incline Barbell Press;45° Incline Machine Press;1 second pause at the bottom of each rep while maintaining tension on the pecs
;Pec Deck;Failure;1-2;3;10-12;;;;;~8-9;10;1-2 min;Cable Crossover Ladder;Bottom-Half DB Flye;Focus on bringing your elbows together - not your hands
;Dual-Handle Lat Pulldown;Failure;1-2;3;10-12;;;;;~8-9;10;2-3 min;Wide-Grip Lat Pulldown;Wide-Grip Pull-Up;Lean back by ~15° and drive your elbows down as you squeeze your shoulder blades together. This should feel like a mix of lats and mid-traps.
;High-Cable Lateral Raise;Failure;1-2;2;10-12;;;;;~8-9;10;1-2 min;High-Cable Cuffed Lateral Raise;Lean-In DB Lateral Raise;Focus on squeezing your lateral delt to move the weight.
;Smith Machine Row;Failure + LLPs (Extend set);1-2;3;8-10;;;;;~8-9;10;2-3 min;Pendlay Deficit Row;Single-Arm DB Row;Focus on squeezing your shoulder blades together, keeping your elbows at a ~45° angle
;Overhead Cable Triceps Extension (Bar);Failure;1;3;10-12;;;;;~8-9;10;1-2 min;Overhead Cable Triceps Extension (Rope);DB Skull Crusher;Optionally pause for 0.5-1 second in the stretched aspect of each rep
;Bayesian Cable Curl;Failure;1;3;10-12;;;;;~8-9;10;1-2 min;Seated Super-Bayesian High Cable Curl;Incline DB Stretch Curl;If you have a left-right bicep size imbalance, do these 1 arm at a time, starting with the weaker arm. Take the weaker arm to the listed RPE. Then match the reps with the other arm (stop once you've matched the reps, even if the RPE is lower). If you don't have a size imbalance, do these both arms at the same time.
Lower (Strength Focus);Lying Leg Curl;Failure + LLPs (Extend set);2;3;10-12;;;;;~8-9;10;1-2 min;Seated Leg Curl;Nordic Ham Curl;Set the machine so that you get the biggest stretch possible at the bottom. Prevent your butt from popping up as you curl. 
;Smith Machine Static Lunge w/ Elevated Front Foot;Failure;2-4;3;8-10;;;;;~8-9;10;3-5 min;DB Bulgarian Split Squat;High-Bar Back Squat;Elevate your front foot on a small box. Minimize contribution from your back leg.
;45° Hyperextension;Failure;2-4;3;8-10;;;;;~8-9;10;2-3 min;Glute-Ham Raise;Cable Pull-Through;Squeeze your glutes hard at the top of each rep. Slow controlled reps on the way down, followed by an explosive positive.
;Leg Extension;Failure;1-2;3;10-12;;;;;~8-9;10;1-2 min;Reverse Nordic;Sissy Squat;Set the seat back as far as it will go while still feeling comfortable. Grab the handles as hard as you can to pull your butt down into the seat. Use a 2-3 second negative. Feel your quads pulling apart on the negative. 
;Leg Press Calf Press;Static Stretch (30s);1-2;3;8-10;;;;;~8-9;10;1-2 min;Seated Calf Raise;Standing Calf Raise;1-2 second pause at the bottom of each rep. Instead of just going up onto your toes, think about rolling your ankle back and forth on the balls of your feet.
;Machine Crunch;Failure;1;3;10-12;;;;;~8-9;10;1-2 min;Decline Weighted Crunch;Cable Crunch;Round your lower back as you crunch. Maintain a mind-muscle connection with your 6-pack.
;;;;;;;;Rest Day;;;;;;;
Pull (Hypertrophy Focus);Lean-Back Lat Pulldown;Failure;2-3;3;10-12;;;;;~8-9;10;2-3 min;Lean-Back Machine Pulldown;Pull-Up;Initiate the pulldown with a straight up posture. As you pull the bar down, lean back by about 15-30° to get the mid-back more involved. Softly touch the bar to your chest on every rep and, even though you're leaning back, still control the weight!
;Chest-Supported T-Bar Row;Failure;2-3;3;10-12;;;;;~8-9;10;2-3 min;Chest-Supported Machine Row;Incline Chest-Supported DB Row;Flare elbows out at roughly 45° and squeeze your shoulder blades together hard at the top of each rep.
;Dual-Handle Elbows-Out Cable Row;Failure + LLPs (Extend set);1-2;3;12-15;;;;;~8-9;10;2-3 min;Arm-Out Single-Arm DB Row;Meadows Row;Flare your elbows out ~45°. Smooth, controlled reps.
;1-Arm 45° Cable Rear Delt Flye;Myo-reps;1-2;3;12-15;;;;;~8-9;10;1-2 min;Rope Face Pull;Reverse Pec Deck;Pause for 1-2 seconds in the squeeze of each rep. Contract the rear delts hard!
;Cable Paused Shrug-In;Failure;2-3;3;12-15;;;;;~8-9;10;1-2 min;Machine Shrug;DB Shrug;"Shrug up and in. Think about shrugging ""up to your ears."" 1-2 second pause in the squeeze (at the top) of each rep, then another 1-2 second pause in the stretch (at the bottom) of each rep."
;Cable Rope Hammer Curl;Failure;1;3;12-15;;;;;~8-9;10;1-2 min;DB Hammer Curl;Hammer Preacher Curl;Squeeze the rope hard as you curl the weight up. Smooth, controlled reps.
; DB Concentration Curl;Myo-reps;1;2;15-20;;;;;~8-9;10;1-2 min;Concentration Cable Curl;DB Preacher Curl;Smooth, controlled reps. Mind-muscle connection with the biceps.
Push (Hypertrophy Focus);Machine Chest Press;Failure;2-4;3;10-12;;;;;~8-9;10;3-5 min;Barbell Bench Press;DB Bench Press;1 second pause at the bottom of each rep while maintaining tension on the pecs
;Seated DB Shoulder Press;Failure;2-3;3;10-12;;;;;~8-9;10;2-3 min;Cable Shoulder Press;Machine Shoulder Press;Ensure that your elbows break at least 90°. Mind-muscle connection with your delts. Smooth, controlled reps.
;Bottom-Half Seated Cable Flye;Failure;1-2;3;12-15;;;;;~8-9;10;1-2 min;Bottom-Half DB Flye;Low-to-High Cable Crossover;All reps and sets are to be performed in the bottom half of the ROM. Focus on feeling a deep stretch in your pecs at the bottom of each rep.
;High-Cable Lateral Raise;Myo-reps;1;3;12-15;;;;;~8-9;10;1-2 min;High-Cable Cuffed Lateral Raise;Lean-In DB Lateral Raise;Focus on squeezing your lateral delt to move the weight.
;EZ-Bar Skull Crusher;Failure;1;3;12-15;;;;;~8-9;10;1-2 min;DB Skull Crusher;Katana Triceps Extension;Optionally pause for 0.5-1 second in the stretched aspect of each rep
;Triceps Pressdown (Bar);Myo-reps;1;2;15-20;;;;;~8-9;10;1-2 min;Triceps Pressdown (Rope);DB Triceps Kickback;Focus on squeezing your triceps to move the weight
;Ab Wheel Rollout;Failure;1-2;3;12-15;;;;;~8-9;10;1-2 min;Swiss Ball Rollout;Long-Lever Plank;Don't just bend at your hips, use your abs to lower yourself down under control and pull yourself back up. If you don't have the core strength to get all the way extended at the bottom, try to progressively increase the ROM week to week.
Legs (Hypertrophy Focus);Hack Squat;Failure;2-4;3;10-12;;;;;~8-9;10;2-3 min;Leg Press;DB Walking Lunge;Use a controlled negative (don't free fall) and then explode on the positive.
;Seated Leg Curl;Failure + LLPs (Extend set);1-2;3;12-15;;;;;~8-9;10;1-2 min;Lying Leg Curl;Nordic Ham Curl;Lean forward over the machine to get a maximum stretch in your hamstrings.
;Walking Lunge;Failure;2-3;2;10-12;;;;;~8-9;10;2-3 min;Smith Machine Static Lunge;DB Static Lunge;Take medium strides. Minimize contribution from the back leg
;Leg Extension;Myo-reps;1-2;3;12-15;;;;;~8-9;10;1-2 min;Reverse Nordic;Sissy Squat;Set the seat back as far as it will go while still feeling comfortable. Grab the handles as hard as you can to pull your butt down into the seat. Use a 2-3 second negative. Feel your quads pulling apart on the negative. 
;Machine Hip Adduction;Failure;1-2;3;12-15;;;;;~8-9;10;1-2 min;Cable Hip Adduction;Copenhagen Hip Adduction;Mind-muscle connection with your inner thighs. These are great for adding thigh mass from the front! Push them hard!
;Machine Hip Abduction;Failure;1-2;3;12-15;;;;;~8-9;10;1-2 min;Cable Hip Abduction;Lateral Band Walk;If possible, use pads to increase the range of motion on the machine. Lean forward and grab onto the machine rails to stretch the glutes further.
;Standing Calf Raise;Static Stretch (30s);1-2;3;12-15;;;;;~8-9;10;1-2 min;Seated Calf Raise;Leg Press Calf Press;1-2 second pause at the bottom of each rep. Instead of just going up onto your toes, think about rolling your ankle back and forth on the balls of your feet.
;;;;;;;;Rest Day;;;;;;;
;;;;;;;;;;;;;;;
Week 10;Exercise;Last-Set Intensity Technique;Warm-up Sets;Working Sets;Reps;Tracking Load and Reps;;;;Early Set RPE;Last Set RPE;Rest;Substitution Option 1;Substitution Option 2;Notes
;;;;;;Set 1;Set 2;Set 3;Set 4;;;;;;
Upper (Strength Focus);45° Incline DB Press;Failure;2-3;3;8-10;;;;;~8-9;10;3-5 min;45° Incline Barbell Press;45° Incline Machine Press;1 second pause at the bottom of each rep while maintaining tension on the pecs
;Pec Deck;Failure;1-2;3;10-12;;;;;~8-9;10;1-2 min;Cable Crossover Ladder;Bottom-Half DB Flye;Focus on bringing your elbows together - not your hands
;Dual-Handle Lat Pulldown;Failure;1-2;3;10-12;;;;;~8-9;10;2-3 min;Wide-Grip Lat Pulldown;Wide-Grip Pull-Up;Lean back by ~15° and drive your elbows down as you squeeze your shoulder blades together. This should feel like a mix of lats and mid-traps.
;High-Cable Lateral Raise;Failure;1-2;2;10-12;;;;;~8-9;10;1-2 min;High-Cable Cuffed Lateral Raise;Lean-In DB Lateral Raise;Focus on squeezing your lateral delt to move the weight.
;Smith Machine Row;Failure + LLPs (Extend set);1-2;3;8-10;;;;;~8-9;10;2-3 min;Pendlay Deficit Row;Single-Arm DB Row;Focus on squeezing your shoulder blades together, keeping your elbows at a ~45° angle
;Overhead Cable Triceps Extension (Bar);Failure;1;3;10-12;;;;;~8-9;10;1-2 min;Overhead Cable Triceps Extension (Rope);DB Skull Crusher;Optionally pause for 0.5-1 second in the stretched aspect of each rep
;Bayesian Cable Curl;Failure;1;3;10-12;;;;;~8-9;10;1-2 min;Seated Super-Bayesian High Cable Curl;Incline DB Stretch Curl;If you have a left-right bicep size imbalance, do these 1 arm at a time, starting with the weaker arm. Take the weaker arm to the listed RPE. Then match the reps with the other arm (stop once you've matched the reps, even if the RPE is lower). If you don't have a size imbalance, do these both arms at the same time.
Lower (Strength Focus);Lying Leg Curl;Failure + LLPs (Extend set);2;3;10-12;;;;;~8-9;10;1-2 min;Seated Leg Curl;Nordic Ham Curl;Set the machine so that you get the biggest stretch possible at the bottom. Prevent your butt from popping up as you curl. 
;Smith Machine Static Lunge w/ Elevated Front Foot;Failure;2-4;3;8-10;;;;;~8-9;10;3-5 min;DB Bulgarian Split Squat;High-Bar Back Squat;Elevate your front foot on a small box. Minimize contribution from your back leg.
;45° Hyperextension;Failure;2-4;3;8-10;;;;;~8-9;10;2-3 min;Glute-Ham Raise;Cable Pull-Through;Squeeze your glutes hard at the top of each rep. Slow controlled reps on the way down, followed by an explosive positive.
;Leg Extension;Failure;1-2;3;10-12;;;;;~8-9;10;1-2 min;Reverse Nordic;Sissy Squat;Set the seat back as far as it will go while still feeling comfortable. Grab the handles as hard as you can to pull your butt down into the seat. Use a 2-3 second negative. Feel your quads pulling apart on the negative. 
;Leg Press Calf Press;Static Stretch (30s);1-2;3;8-10;;;;;~8-9;10;1-2 min;Seated Calf Raise;Standing Calf Raise;1-2 second pause at the bottom of each rep. Instead of just going up onto your toes, think about rolling your ankle back and forth on the balls of your feet.
;Machine Crunch;Failure;1;3;10-12;;;;;~8-9;10;1-2 min;Decline Weighted Crunch;Cable Crunch;Round your lower back as you crunch. Maintain a mind-muscle connection with your 6-pack.
;;;;;;;;Rest Day;;;;;;;
Pull (Hypertrophy Focus);Lean-Back Lat Pulldown;Failure;2-3;3;10-12;;;;;~8-9;10;2-3 min;Lean-Back Machine Pulldown;Pull-Up;Initiate the pulldown with a straight up posture. As you pull the bar down, lean back by about 15-30° to get the mid-back more involved. Softly touch the bar to your chest on every rep and, even though you're leaning back, still control the weight!
;Chest-Supported T-Bar Row;Failure;2-3;3;10-12;;;;;~8-9;10;2-3 min;Chest-Supported Machine Row;Incline Chest-Supported DB Row;Flare elbows out at roughly 45° and squeeze your shoulder blades together hard at the top of each rep.
;Dual-Handle Elbows-Out Cable Row;Failure + LLPs (Extend set);1-2;3;12-15;;;;;~8-9;10;2-3 min;Arm-Out Single-Arm DB Row;Meadows Row;Flare your elbows out ~45°. Smooth, controlled reps.
;1-Arm 45° Cable Rear Delt Flye;Myo-reps;1-2;3;12-15;;;;;~8-9;10;1-2 min;Rope Face Pull;Reverse Pec Deck;Pause for 1-2 seconds in the squeeze of each rep. Contract the rear delts hard!
;Cable Paused Shrug-In;Failure;2-3;3;12-15;;;;;~8-9;10;1-2 min;Machine Shrug;DB Shrug;"Shrug up and in. Think about shrugging ""up to your ears."" 1-2 second pause in the squeeze (at the top) of each rep, then another 1-2 second pause in the stretch (at the bottom) of each rep."
;Cable Rope Hammer Curl;Failure;1;3;12-15;;;;;~8-9;10;1-2 min;DB Hammer Curl;Hammer Preacher Curl;Squeeze the rope hard as you curl the weight up. Smooth, controlled reps.
; DB Concentration Curl;Myo-reps;1;2;15-20;;;;;~8-9;10;1-2 min;Concentration Cable Curl;DB Preacher Curl;Smooth, controlled reps. Mind-muscle connection with the biceps.
Push (Hypertrophy Focus);Machine Chest Press;Failure;2-4;3;10-12;;;;;~8-9;10;3-5 min;Barbell Bench Press;DB Bench Press;1 second pause at the bottom of each rep while maintaining tension on the pecs
;Seated DB Shoulder Press;Failure;2-3;3;10-12;;;;;~8-9;10;2-3 min;Cable Shoulder Press;Machine Shoulder Press;Ensure that your elbows break at least 90°. Mind-muscle connection with your delts. Smooth, controlled reps.
;Bottom-Half Seated Cable Flye;Failure;1-2;3;12-15;;;;;~8-9;10;1-2 min;Bottom-Half DB Flye;Low-to-High Cable Crossover;All reps and sets are to be performed in the bottom half of the ROM. Focus on feeling a deep stretch in your pecs at the bottom of each rep.
;High-Cable Lateral Raise;Myo-reps;1;3;12-15;;;;;~8-9;10;1-2 min;High-Cable Cuffed Lateral Raise;Lean-In DB Lateral Raise;Focus on squeezing your lateral delt to move the weight.
;EZ-Bar Skull Crusher;Failure;1;3;12-15;;;;;~8-9;10;1-2 min;DB Skull Crusher;Katana Triceps Extension;Optionally pause for 0.5-1 second in the stretched aspect of each rep
;Triceps Pressdown (Bar);Myo-reps;1;2;15-20;;;;;~8-9;10;1-2 min;Triceps Pressdown (Rope);DB Triceps Kickback;Focus on squeezing your triceps to move the weight
;Ab Wheel Rollout;Failure;1-2;3;12-15;;;;;~8-9;10;1-2 min;Swiss Ball Rollout;Long-Lever Plank;Don't just bend at your hips, use your abs to lower yourself down under control and pull yourself back up. If you don't have the core strength to get all the way extended at the bottom, try to progressively increase the ROM week to week.
Legs (Hypertrophy Focus);Hack Squat;Failure;2-4;3;10-12;;;;;~8-9;10;2-3 min;Leg Press;DB Walking Lunge;Use a controlled negative (don't free fall) and then explode on the positive.
;Seated Leg Curl;Failure + LLPs (Extend set);1-2;3;12-15;;;;;~8-9;10;1-2 min;Lying Leg Curl;Nordic Ham Curl;Lean forward over the machine to get a maximum stretch in your hamstrings.
;Walking Lunge;Failure;2-3;2;10-12;;;;;~8-9;10;2-3 min;Smith Machine Static Lunge;DB Static Lunge;Take medium strides. Minimize contribution from the back leg
;Leg Extension;Myo-reps;1-2;3;12-15;;;;;~8-9;10;1-2 min;Reverse Nordic;Sissy Squat;Set the seat back as far as it will go while still feeling comfortable. Grab the handles as hard as you can to pull your butt down into the seat. Use a 2-3 second negative. Feel your quads pulling apart on the negative. 
;Machine Hip Adduction;Failure;1-2;3;12-15;;;;;~8-9;10;1-2 min;Cable Hip Adduction;Copenhagen Hip Adduction;Mind-muscle connection with your inner thighs. These are great for adding thigh mass from the front! Push them hard!
;Machine Hip Abduction;Failure;1-2;3;12-15;;;;;~8-9;10;1-2 min;Cable Hip Abduction;Lateral Band Walk;If possible, use pads to increase the range of motion on the machine. Lean forward and grab onto the machine rails to stretch the glutes further.
;Standing Calf Raise;Static Stretch (30s);1-2;3;12-15;;;;;~8-9;10;1-2 min;Seated Calf Raise;Leg Press Calf Press;1-2 second pause at the bottom of each rep. Instead of just going up onto your toes, think about rolling your ankle back and forth on the balls of your feet.
;;;;;;;;Rest Day;;;;;;;
;;;;;;;;;;;;;;;
Week 11;Exercise;Last-Set Intensity Technique;Warm-up Sets;Working Sets;Reps;Tracking Load and Reps;;;;Early Set RPE;Last Set RPE;Rest;Substitution Option 1;Substitution Option 2;Notes
;;;;;;Set 1;Set 2;Set 3;Set 4;;;;;;
Upper (Strength Focus);45° Incline DB Press;Failure;2-3;4;8-10;;;;;~8-9;10;3-5 min;45° Incline Barbell Press;45° Incline Machine Press;1 second pause at the bottom of each rep while maintaining tension on the pecs
;Pec Deck;Failure;1-2;3;10-12;;;;;~8-9;10;1-2 min;Cable Crossover Ladder;Bottom-Half DB Flye;Focus on bringing your elbows together - not your hands
;Dual-Handle Lat Pulldown;Failure;1-2;3;10-12;;;;;~8-9;10;2-3 min;Wide-Grip Lat Pulldown;Wide-Grip Pull-Up;Lean back by ~15° and drive your elbows down as you squeeze your shoulder blades together. This should feel like a mix of lats and mid-traps.
;High-Cable Lateral Raise;Failure;1-2;3;10-12;;;;;~8-9;10;1-2 min;High-Cable Cuffed Lateral Raise;Lean-In DB Lateral Raise;Focus on squeezing your lateral delt to move the weight.
;Smith Machine Row;Failure + LLPs (Extend set);1-2;3;8-10;;;;;~8-9;10;2-3 min;Pendlay Deficit Row;Single-Arm DB Row;Focus on squeezing your shoulder blades together, keeping your elbows at a ~45° angle
;Overhead Cable Triceps Extension (Bar);Failure;1;3;10-12;;;;;~8-9;10;1-2 min;Overhead Cable Triceps Extension (Rope);DB Skull Crusher;Optionally pause for 0.5-1 second in the stretched aspect of each rep
;Bayesian Cable Curl;Failure;1;3;10-12;;;;;~8-9;10;1-2 min;Seated Super-Bayesian High Cable Curl;Incline DB Stretch Curl;If you have a left-right bicep size imbalance, do these 1 arm at a time, starting with the weaker arm. Take the weaker arm to the listed RPE. Then match the reps with the other arm (stop once you've matched the reps, even if the RPE is lower). If you don't have a size imbalance, do these both arms at the same time.
Lower (Strength Focus);Lying Leg Curl;Failure + LLPs (Extend set);2;3;10-12;;;;;~8-9;10;1-2 min;Seated Leg Curl;Nordic Ham Curl;Set the machine so that you get the biggest stretch possible at the bottom. Prevent your butt from popping up as you curl. 
;Smith Machine Static Lunge w/ Elevated Front Foot;Failure;2-4;3;8-10;;;;;~8-9;10;3-5 min;DB Bulgarian Split Squat;High-Bar Back Squat;Elevate your front foot on a small box. Minimize contribution from your back leg.
;45° Hyperextension;Failure;2-4;4;8-10;;;;;~8-9;10;2-3 min;Glute-Ham Raise;Cable Pull-Through;Squeeze your glutes hard at the top of each rep. Slow controlled reps on the way down, followed by an explosive positive.
;Leg Extension;Failure;1-2;3;10-12;;;;;~8-9;10;1-2 min;Reverse Nordic;Sissy Squat;Set the seat back as far as it will go while still feeling comfortable. Grab the handles as hard as you can to pull your butt down into the seat. Use a 2-3 second negative. Feel your quads pulling apart on the negative. 
;Leg Press Calf Press;Static Stretch (30s);1-2;4;8-10;;;;;~8-9;10;1-2 min;Seated Calf Raise;Standing Calf Raise;1-2 second pause at the bottom of each rep. Instead of just going up onto your toes, think about rolling your ankle back and forth on the balls of your feet.
;Machine Crunch;Failure;1;3;10-12;;;;;~8-9;10;1-2 min;Decline Weighted Crunch;Cable Crunch;Round your lower back as you crunch. Maintain a mind-muscle connection with your 6-pack.
;;;;;;;;Rest Day;;;;;;;
Pull (Hypertrophy Focus);Lean-Back Lat Pulldown;Failure;2-3;3;10-12;;;;;~8-9;10;2-3 min;Lean-Back Machine Pulldown;Pull-Up;Initiate the pulldown with a straight up posture. As you pull the bar down, lean back by about 15-30° to get the mid-back more involved. Softly touch the bar to your chest on every rep and, even though you're leaning back, still control the weight!
;Chest-Supported T-Bar Row;Failure;2-3;4;10-12;;;;;~8-9;10;2-3 min;Chest-Supported Machine Row;Incline Chest-Supported DB Row;Flare elbows out at roughly 45° and squeeze your shoulder blades together hard at the top of each rep.
;Dual-Handle Elbows-Out Cable Row;Failure + LLPs (Extend set);1-2;3;12-15;;;;;~8-9;10;2-3 min;Arm-Out Single-Arm DB Row;Meadows Row;Flare your elbows out ~45°. Smooth, controlled reps.
;1-Arm 45° Cable Rear Delt Flye;Myo-reps;1-2;3;12-15;;;;;~8-9;10;1-2 min;Rope Face Pull;Reverse Pec Deck;Pause for 1-2 seconds in the squeeze of each rep. Contract the rear delts hard!
;Cable Paused Shrug-In;Failure;2-3;3;12-15;;;;;~8-9;10;1-2 min;Machine Shrug;DB Shrug;"Shrug up and in. Think about shrugging ""up to your ears."" 1-2 second pause in the squeeze (at the top) of each rep, then another 1-2 second pause in the stretch (at the bottom) of each rep."
;Cable Rope Hammer Curl;Failure;1;3;12-15;;;;;~8-9;10;1-2 min;DB Hammer Curl;Hammer Preacher Curl;Squeeze the rope hard as you curl the weight up. Smooth, controlled reps.
; DB Concentration Curl;Myo-reps;1;3;15-20;;;;;~8-9;10;1-2 min;Concentration Cable Curl;DB Preacher Curl;Smooth, controlled reps. Mind-muscle connection with the biceps.
Push (Hypertrophy Focus);Machine Chest Press;Failure;2-4;4;10-12;;;;;~8-9;10;3-5 min;Barbell Bench Press;DB Bench Press;1 second pause at the bottom of each rep while maintaining tension on the pecs
;Seated DB Shoulder Press;Failure;2-3;3;10-12;;;;;~8-9;10;2-3 min;Cable Shoulder Press;Machine Shoulder Press;Ensure that your elbows break at least 90°. Mind-muscle connection with your delts. Smooth, controlled reps.
;Bottom-Half Seated Cable Flye;Failure;1-2;3;12-15;;;;;~8-9;10;1-2 min;Bottom-Half DB Flye;Low-to-High Cable Crossover;All reps and sets are to be performed in the bottom half of the ROM. Focus on feeling a deep stretch in your pecs at the bottom of each rep.
;High-Cable Lateral Raise;Myo-reps;1;3;12-15;;;;;~8-9;10;1-2 min;High-Cable Cuffed Lateral Raise;Lean-In DB Lateral Raise;Focus on squeezing your lateral delt to move the weight.
;EZ-Bar Skull Crusher;Failure;1;3;12-15;;;;;~8-9;10;1-2 min;DB Skull Crusher;Katana Triceps Extension;Optionally pause for 0.5-1 second in the stretched aspect of each rep
;Triceps Pressdown (Bar);Myo-reps;1;3;15-20;;;;;~8-9;10;1-2 min;Triceps Pressdown (Rope);DB Triceps Kickback;Focus on squeezing your triceps to move the weight
;Ab Wheel Rollout;Failure;1-2;3;12-15;;;;;~8-9;10;1-2 min;Swiss Ball Rollout;Long-Lever Plank;Don't just bend at your hips, use your abs to lower yourself down under control and pull yourself back up. If you don't have the core strength to get all the way extended at the bottom, try to progressively increase the ROM week to week.
Legs (Hypertrophy Focus);Hack Squat;Failure;2-4;4;10-12;;;;;~8-9;10;2-3 min;Leg Press;DB Walking Lunge;Use a controlled negative (don't free fall) and then explode on the positive.
;Seated Leg Curl;Failure + LLPs (Extend set);1-2;4;12-15;;;;;~8-9;10;1-2 min;Lying Leg Curl;Nordic Ham Curl;Lean forward over the machine to get a maximum stretch in your hamstrings.
;Walking Lunge;Failure;2-3;2;10-12;;;;;~8-9;10;2-3 min;Smith Machine Static Lunge;DB Static Lunge;Take medium strides. Minimize contribution from the back leg
;Leg Extension;Myo-reps;1-2;3;12-15;;;;;~8-9;10;1-2 min;Reverse Nordic;Sissy Squat;Set the seat back as far as it will go while still feeling comfortable. Grab the handles as hard as you can to pull your butt down into the seat. Use a 2-3 second negative. Feel your quads pulling apart on the negative. 
;Machine Hip Adduction;Failure;1-2;3;12-15;;;;;~8-9;10;1-2 min;Cable Hip Adduction;Copenhagen Hip Adduction;Mind-muscle connection with your inner thighs. These are great for adding thigh mass from the front! Push them hard!
;Machine Hip Abduction;Failure;1-2;3;12-15;;;;;~8-9;10;1-2 min;Cable Hip Abduction;Lateral Band Walk;If possible, use pads to increase the range of motion on the machine. Lean forward and grab onto the machine rails to stretch the glutes further.
;Standing Calf Raise;Static Stretch (30s);1-2;3;12-15;;;;;~8-9;10;1-2 min;Seated Calf Raise;Leg Press Calf Press;1-2 second pause at the bottom of each rep. Instead of just going up onto your toes, think about rolling your ankle back and forth on the balls of your feet.
;;;;;;;;Rest Day;;;;;;;
;;;;;;;;;;;;;;;
Week 12;Exercise;Last-Set Intensity Technique;Warm-up Sets;Working Sets;Reps;Tracking Load and Reps;;;;Early Set RPE;Last Set RPE;Rest;Substitution Option 1;Substitution Option 2;Notes
;;;;;;Set 1;Set 2;Set 3;Set 4;;;;;;
Upper (Strength Focus);45° Incline DB Press;Failure;2-3;4;8-10;;;;;~8-9;10;3-5 min;45° Incline Barbell Press;45° Incline Machine Press;1 second pause at the bottom of each rep while maintaining tension on the pecs
;Pec Deck;Failure;1-2;3;10-12;;;;;~8-9;10;1-2 min;Cable Crossover Ladder;Bottom-Half DB Flye;Focus on bringing your elbows together - not your hands
;Dual-Handle Lat Pulldown;Failure;1-2;3;10-12;;;;;~8-9;10;2-3 min;Wide-Grip Lat Pulldown;Wide-Grip Pull-Up;Lean back by ~15° and drive your elbows down as you squeeze your shoulder blades together. This should feel like a mix of lats and mid-traps.
;High-Cable Lateral Raise;Failure;1-2;3;10-12;;;;;~8-9;10;1-2 min;High-Cable Cuffed Lateral Raise;Lean-In DB Lateral Raise;Focus on squeezing your lateral delt to move the weight.
;Smith Machine Row;Failure + LLPs (Extend set);1-2;3;8-10;;;;;~8-9;10;2-3 min;Pendlay Deficit Row;Single-Arm DB Row;Focus on squeezing your shoulder blades together, keeping your elbows at a ~45° angle
;Overhead Cable Triceps Extension (Bar);Failure;1;3;10-12;;;;;~8-9;10;1-2 min;Overhead Cable Triceps Extension (Rope);DB Skull Crusher;Optionally pause for 0.5-1 second in the stretched aspect of each rep
;Bayesian Cable Curl;Failure;1;3;10-12;;;;;~8-9;10;1-2 min;Seated Super-Bayesian High Cable Curl;Incline DB Stretch Curl;If you have a left-right bicep size imbalance, do these 1 arm at a time, starting with the weaker arm. Take the weaker arm to the listed RPE. Then match the reps with the other arm (stop once you've matched the reps, even if the RPE is lower). If you don't have a size imbalance, do these both arms at the same time.
Lower (Strength Focus);Lying Leg Curl;Failure + LLPs (Extend set);2;3;10-12;;;;;~8-9;10;1-2 min;Seated Leg Curl;Nordic Ham Curl;Set the machine so that you get the biggest stretch possible at the bottom. Prevent your butt from popping up as you curl. 
;Smith Machine Static Lunge w/ Elevated Front Foot;Failure;2-4;3;8-10;;;;;~8-9;10;3-5 min;DB Bulgarian Split Squat;High-Bar Back Squat;Elevate your front foot on a small box. Minimize contribution from your back leg.
;45° Hyperextension;Failure;2-4;4;8-10;;;;;~8-9;10;2-3 min;Glute-Ham Raise;Cable Pull-Through;Squeeze your glutes hard at the top of each rep. Slow controlled reps on the way down, followed by an explosive positive.
;Leg Extension;Failure;1-2;3;10-12;;;;;~8-9;10;1-2 min;Reverse Nordic;Sissy Squat;Set the seat back as far as it will go while still feeling comfortable. Grab the handles as hard as you can to pull your butt down into the seat. Use a 2-3 second negative. Feel your quads pulling apart on the negative. 
;Leg Press Calf Press;Static Stretch (30s);1-2;4;8-10;;;;;~8-9;10;1-2 min;Seated Calf Raise;Standing Calf Raise;1-2 second pause at the bottom of each rep. Instead of just going up onto your toes, think about rolling your ankle back and forth on the balls of your feet.
;Machine Crunch;Failure;1;3;10-12;;;;;~8-9;10;1-2 min;Decline Weighted Crunch;Cable Crunch;Round your lower back as you crunch. Maintain a mind-muscle connection with your 6-pack.
;;;;;;;;Rest Day;;;;;;;
Pull (Hypertrophy Focus);Lean-Back Lat Pulldown;Failure;2-3;3;10-12;;;;;~8-9;10;2-3 min;Lean-Back Machine Pulldown;Pull-Up;Initiate the pulldown with a straight up posture. As you pull the bar down, lean back by about 15-30° to get the mid-back more involved. Softly touch the bar to your chest on every rep and, even though you're leaning back, still control the weight!
;Chest-Supported T-Bar Row;Failure;2-3;4;10-12;;;;;~8-9;10;2-3 min;Chest-Supported Machine Row;Incline Chest-Supported DB Row;Flare elbows out at roughly 45° and squeeze your shoulder blades together hard at the top of each rep.
;Dual-Handle Elbows-Out Cable Row;Failure + LLPs (Extend set);1-2;3;12-15;;;;;~8-9;10;2-3 min;Arm-Out Single-Arm DB Row;Meadows Row;Flare your elbows out ~45°. Smooth, controlled reps.
;1-Arm 45° Cable Rear Delt Flye;Myo-reps;1-2;3;12-15;;;;;~8-9;10;1-2 min;Rope Face Pull;Reverse Pec Deck;Pause for 1-2 seconds in the squeeze of each rep. Contract the rear delts hard!
;Cable Paused Shrug-In;Failure;2-3;3;12-15;;;;;~8-9;10;1-2 min;Machine Shrug;DB Shrug;"Shrug up and in. Think about shrugging ""up to your ears."" 1-2 second pause in the squeeze (at the top) of each rep, then another 1-2 second pause in the stretch (at the bottom) of each rep."
;Cable Rope Hammer Curl;Failure;1;3;12-15;;;;;~8-9;10;1-2 min;DB Hammer Curl;Hammer Preacher Curl;Squeeze the rope hard as you curl the weight up. Smooth, controlled reps.
; DB Concentration Curl;Myo-reps;1;3;15-20;;;;;~8-9;10;1-2 min;Concentration Cable Curl;DB Preacher Curl;Smooth, controlled reps. Mind-muscle connection with the biceps.
Push (Hypertrophy Focus);Machine Chest Press;Failure;2-4;4;10-12;;;;;~8-9;10;3-5 min;Barbell Bench Press;DB Bench Press;1 second pause at the bottom of each rep while maintaining tension on the pecs
;Seated DB Shoulder Press;Failure;2-3;3;10-12;;;;;~8-9;10;2-3 min;Cable Shoulder Press;Machine Shoulder Press;Ensure that your elbows break at least 90°. Mind-muscle connection with your delts. Smooth, controlled reps.
;Bottom-Half Seated Cable Flye;Failure;1-2;3;12-15;;;;;~8-9;10;1-2 min;Bottom-Half DB Flye;Low-to-High Cable Crossover;All reps and sets are to be performed in the bottom half of the ROM. Focus on feeling a deep stretch in your pecs at the bottom of each rep.
;High-Cable Lateral Raise;Myo-reps;1;3;12-15;;;;;~8-9;10;1-2 min;High-Cable Cuffed Lateral Raise;Lean-In DB Lateral Raise;Focus on squeezing your lateral delt to move the weight.
;EZ-Bar Skull Crusher;Failure;1;3;12-15;;;;;~8-9;10;1-2 min;DB Skull Crusher;Katana Triceps Extension;Optionally pause for 0.5-1 second in the stretched aspect of each rep
;Triceps Pressdown (Bar);Myo-reps;1;3;15-20;;;;;~8-9;10;1-2 min;Triceps Pressdown (Rope);DB Triceps Kickback;Focus on squeezing your triceps to move the weight
;Ab Wheel Rollout;Failure;1-2;3;12-15;;;;;~8-9;10;1-2 min;Swiss Ball Rollout;Long-Lever Plank;Don't just bend at your hips, use your abs to lower yourself down under control and pull yourself back up. If you don't have the core strength to get all the way extended at the bottom, try to progressively increase the ROM week to week.
Legs (Hypertrophy Focus);Hack Squat;Failure;2-4;4;10-12;;;;;~8-9;10;2-3 min;Leg Press;DB Walking Lunge;Use a controlled negative (don't free fall) and then explode on the positive.
;Seated Leg Curl;Failure + LLPs (Extend set);1-2;4;12-15;;;;;~8-9;10;1-2 min;Lying Leg Curl;Nordic Ham Curl;Lean forward over the machine to get a maximum stretch in your hamstrings.
;Walking Lunge;Failure;2-3;2;10-12;;;;;~8-9;10;2-3 min;Smith Machine Static Lunge;DB Static Lunge;Take medium strides. Minimize contribution from the back leg
;Leg Extension;Myo-reps;1-2;3;12-15;;;;;~8-9;10;1-2 min;Reverse Nordic;Sissy Squat;Set the seat back as far as it will go while still feeling comfortable. Grab the handles as hard as you can to pull your butt down into the seat. Use a 2-3 second negative. Feel your quads pulling apart on the negative. 
;Machine Hip Adduction;Failure;1-2;3;12-15;;;;;~8-9;10;1-2 min;Cable Hip Adduction;Copenhagen Hip Adduction;Mind-muscle connection with your inner thighs. These are great for adding thigh mass from the front! Push them hard!
;Machine Hip Abduction;Failure;1-2;3;12-15;;;;;~8-9;10;1-2 min;Cable Hip Abduction;Lateral Band Walk;If possible, use pads to increase the range of motion on the machine. Lean forward and grab onto the machine rails to stretch the glutes further.
;Standing Calf Raise;Static Stretch (30s);1-2;3;12-15;;;;;~8-9;10;1-2 min;Seated Calf Raise;Leg Press Calf Press;1-2 second pause at the bottom of each rep. Instead of just going up onto your toes, think about rolling your ankle back and forth on the balls of your feet.
;;;;;;;;Rest Day;;;;;;;
