Program Name,Program Arthur,Program Description,Program Length,Program Level,Program Equipment,Days Per Week,Mesocycle Name,Mesocycle Description,Mesocycle Order,Microcycle Name,Microcycle Description,Microcycle Order,Workout Name,Workout Day,Workout Notes,Superset,Exercise Name,Exercise Note,Sets,Set Type,Target Repetitions,Target Min Repetitions,Target Max Repetitions,Target Weight (lbs),Target Weight (kg),Weight Increment (lbs),Weight Increment (kg),Target RPE,Target RIR,Percentage of 1RM,Youtube Video Links,Advanced Exercise Sets
Omega Sentinel,John Meadows,An advanced 14-week bodybuilding and hypertrophy program.,14 Weeks,Advanced,"Dumbbells, Barbell, Machines, Bands",6,Legs and Glutes - High Frequency,,1,Microcycle Week 1,Training for Week 1,1,Monday - Legs/Glutes,Monday,,,Hip Thrusts,"Activation and start pump, Work up to max weight for 8 reps, rest pause reps.",3,,"8, 8, 8",8,8,,,,,8,,,,
Omega Sentinel,John Meadows,An advanced 14-week bodybuilding and hypertrophy program.,14 Weeks,Advanced,"Dumbbells, Barbell, Machines, Bands",6,Legs and Glutes - High Frequency,,1,Microcycle Week 1,Training for Week 1,1,Monday - Legs/Glutes,Monday,,,"Single Leg, Alternating, Lying leg curl","Supramax pump, Do 20 reps on one leg, then 20 on the other. Rest 30 seconds, then repeat.",2,,"20, 20",20,20,,,,,9,,,,
Omega Sentinel,John Meadows,An advanced 14-week bodybuilding and hypertrophy program.,14 Weeks,Advanced,"Dumbbells, Barbell, Machines, Bands",6,Legs and Glutes - High Frequency,,1,Microcycle Week 1,Training for Week 1,1,Monday - Legs/Glutes,Monday,,,Squats,"Train explosively, Work up to max weight for 8 reps, controlled descent, stop at 3/4 lockout.",3,,"8, 8, 8",8,8,,,,,8,,,,
Omega Sentinel,John Meadows,An advanced 14-week bodybuilding and hypertrophy program.,14 Weeks,Advanced,"Dumbbells, Barbell, Machines, Bands",6,Legs and Glutes - High Frequency,,1,Microcycle Week 1,Training for Week 1,1,Monday - Legs/Glutes,Monday,,,Bulgarian Split squats - drop set of death,"Supramax pump, Set 1-3: 8 reps. Set 4: 8 reps, 7-second isohold, drop weight, repeat until lightest dumbbells.",4,Drop Set,"8, 8, 8, 8",8,8,,,,,8,,,https://www.youtube.com/watch?v=I1Ee3M6SDgQ&index=49&list=PLD5A37C01FC6D4C0D,
Omega Sentinel,John Meadows,An advanced 14-week bodybuilding and hypertrophy program.,14 Weeks,Advanced,"Dumbbells, Barbell, Machines, Bands",6,Legs and Glutes - High Frequency,,1,Microcycle Week 1,Training for Week 1,1,Monday - Abs,Monday,,,Decline leg raises,"Activation and pump, Come close to failure, leave a few reps in the tank.",4,,"10-20, 10-20, 10-20, 10-20",10,20,,,,,8,,,https://www.youtube.com/watch?v=JwQGUD1wxDg&list=PL512BBB0C927A91DC&index=10,
Omega Sentinel,John Meadows,An advanced 14-week bodybuilding and hypertrophy program.,14 Weeks,Advanced,"Dumbbells, Barbell, Machines, Bands",6,Legs and Glutes - High Frequency,,1,Microcycle Week 1,Training for Week 1,1,Monday - Calves,Monday,,,Standing raises,"Supramax pump, 10 reps, 10s isohold, 10 more reps, 10s isohold, 10 more reps, 10s isohold.",1,,"10 full, 10 half, 10 sec stretch",,,,,,,11,,,,
Omega Sentinel,John Meadows,An advanced 14-week bodybuilding and hypertrophy program.,14 Weeks,Advanced,"Dumbbells, Barbell, Machines, Bands",6,Legs and Glutes - High Frequency,,1,Microcycle Week 1,Training for Week 1,1,Tuesday - Chest,Tuesday,,,Dumbbell press,"Activation and start pump, Slight incline, work up to a tough 8 reps, 3/4 lockout.",3,,"8, 8, 8",8,8,,,,,8,,,https://www.youtube.com/watch?v=BZWIfncVw c&list=PL2955620A11D03694&index=48,
Omega Sentinel,John Meadows,An advanced 14-week bodybuilding and hypertrophy program.,14 Weeks,Advanced,"Dumbbells, Barbell, Machines, Bands",6,Legs and Glutes - High Frequency,,1,Microcycle Week 1,Training for Week 1,1,Tuesday - Chest,Tuesday,,,Incline barbell press,"Train explosively, Lower angle, controlled descent, stop 1-2 inches above chest.",3,,"6, 6, 6",6,6,,,,,8,,,https://www.youtube.com/watch?v=xmD9VxBqCLo&list=PL2955620A11D03694&index=52,
Omega Sentinel,John Meadows,An advanced 14-week bodybuilding and hypertrophy program.,14 Weeks,Advanced,"Dumbbells, Barbell, Machines, Bands",6,Legs and Glutes - High Frequency,,1,Microcycle Week 1,Training for Week 1,1,Tuesday - Chest,Tuesday,,,Machine press,"Activation and start pump, Sets 1-2: 8 reps. Set 3: 8 reps, drop, 8 reps, drop, 15 partials.",3,Drop Set,"8, 8, 8",8,8,,,,,10,,,https://www.youtube.com/watch?v=FfqfvOWyz7s&index=45&list=PL2955620A11D03694,
Omega Sentinel,John Meadows,An advanced 14-week bodybuilding and hypertrophy program.,14 Weeks,Advanced,"Dumbbells, Barbell, Machines, Bands",6,Legs and Glutes - High Frequency,,1,Microcycle Week 1,Training for Week 1,1,Tuesday - Chest,Tuesday,,,Incline flyes,"Train muscle with stretch emphasis, Pronated grip, stretch it out.",3,,"10, 10, 10",10,10,,,,,9,,,https://www.youtube.com/watch?v=bscXcMgQLWo&list=PL2955620A11D03694&index=49,
Omega Sentinel,John Meadows,An advanced 14-week bodybuilding and hypertrophy program.,14 Weeks,Advanced,"Dumbbells, Barbell, Machines, Bands",6,Legs and Glutes - High Frequency,,1,Microcycle Week 1,Training for Week 1,1,Tuesday - Triceps,Tuesday,,,Pushdowns,"Supramax pump, Go to failure on each set.",3,,"12, 12, 12",12,12,,,,,10,,,,
Omega Sentinel,John Meadows,An advanced 14-week bodybuilding and hypertrophy program.,14 Weeks,Advanced,"Dumbbells, Barbell, Machines, Bands",6,Legs and Glutes - High Frequency,,1,Microcycle Week 1,Training for Week 1,1,Tuesday - Triceps,Tuesday,,,Reverse grip pushdown,"Supramax pump, Go to failure on each set.",3,,"12, 12, 12",12,12,,,,,10,,,,
Omega Sentinel,John Meadows,An advanced 14-week bodybuilding and hypertrophy program.,14 Weeks,Advanced,"Dumbbells, Barbell, Machines, Bands",6,Legs and Glutes - High Frequency,,1,Microcycle Week 1,Training for Week 1,1,Tuesday - Triceps,Tuesday,,,Decline lying extension,"Train muscle with stretch emphasis, Nice and slow, focus on the stretch.",3,,"10, 10, 10",10,10,,,,,10,,,,
Omega Sentinel,John Meadows,An advanced 14-week bodybuilding and hypertrophy program.,14 Weeks,Advanced,"Dumbbells, Barbell, Machines, Bands",6,Legs and Glutes - High Frequency,,1,Microcycle Week 1,Training for Week 1,1,Tuesday - Abs,Tuesday,,,Rope crunch,"Stretch and pump, Stretch abdominal wall at the top of each rep.",4,,"to failure, to failure, to failure, to failure",,,,,,,9,,,https://www.youtube.com/watch?v=ZHSef-SDrH4&index=3&list=PL512BBB0C927A91DC,
Omega Sentinel,John Meadows,An advanced 14-week bodybuilding and hypertrophy program.,14 Weeks,Advanced,"Dumbbells, Barbell, Machines, Bands",6,Legs and Glutes - High Frequency,,1,Microcycle Week 1,Training for Week 1,1,Tuesday - Calves,Tuesday,,,Seated calve raises,"Supramax pump, Sit in the stretch position for 1 second on each rep, slow and painful.",4,,"15, 15, 15, 15",15,15,,,,,10,,,,
Omega Sentinel,John Meadows,An advanced 14-week bodybuilding and hypertrophy program.,14 Weeks,Advanced,"Dumbbells, Barbell, Machines, Bands",6,Legs and Glutes - High Frequency,,1,Microcycle Week 1,Training for Week 1,1,Wednesday - Shoulders,Wednesday,,,Reverse peck deck,"Activation and pump, 60 second breaks between sets.",3,,"30, 30, 30",30,30,,,,,9,,,,
Omega Sentinel,John Meadows,An advanced 14-week bodybuilding and hypertrophy program.,14 Weeks,Advanced,"Dumbbells, Barbell, Machines, Bands",6,Legs and Glutes - High Frequency,,1,Microcycle Week 1,Training for Week 1,1,Wednesday - Shoulders,Wednesday,,,Seated side laterals,"Supramax pump, Ultra-strict, up to ear level, 10th rep should be hard.",4,,"10, 10, 10, 10",10,10,,,,,9,,,,
Omega Sentinel,John Meadows,An advanced 14-week bodybuilding and hypertrophy program.,14 Weeks,Advanced,"Dumbbells, Barbell, Machines, Bands",6,Legs and Glutes - High Frequency,,1,Microcycle Week 1,Training for Week 1,1,Wednesday - Shoulders,Wednesday,,,Spidercrawls,"Supramax pump, Up above head, down to waistline, 3 times for 1 set.",3,,"3 times up/down, 3 times up/down, 3 times up/down",,,,,,,9,,,https://www.youtube.com/watch?v=LOd1lSnTCFg&list=PL2F8A4BD406176C34&index=22,
Omega Sentinel,John Meadows,An advanced 14-week bodybuilding and hypertrophy program.,14 Weeks,Advanced,"Dumbbells, Barbell, Machines, Bands",6,Legs and Glutes - High Frequency,,1,Microcycle Week 1,Training for Week 1,1,Wednesday - Abs,Wednesday,,,Decline leg raises,"Activation and pump, Come close to failure, leave a few reps in the tank.",6,,"10-20, 10-20, 10-20, 10-20, 10-20, 10-20",10,20,,,,,8,,,https://www.youtube.com/watch?v=JwQGUD1wxDg&list=PL512BBB0C927A91DC&index=10,
Omega Sentinel,John Meadows,An advanced 14-week bodybuilding and hypertrophy program.,14 Weeks,Advanced,"Dumbbells, Barbell, Machines, Bands",6,Legs and Glutes - High Frequency,,1,Microcycle Week 1,Training for Week 1,1,Wednesday - Calves,Wednesday,,,Standing raises,"Supramax pump, 10 full reps, then 10 partials out of a deep stretch.",6,,"10 full, 10 partials, 10 full, 10 partials, 10 full, 10 partials, 10 full, 10 partials, 10 full, 10 partials, 10 full, 10 partials",10,10,,,,,10,,,,
Omega Sentinel,John Meadows,An advanced 14-week bodybuilding and hypertrophy program.,14 Weeks,Advanced,"Dumbbells, Barbell, Machines, Bands",6,Legs and Glutes - High Frequency,,1,Microcycle Week 1,Training for Week 1,1,Thursday - Legs,Thursday,,,Lying leg curls,"Activation and Supramax pump, Set 1-2: 8 reps. Set 3: 8 reps, drop, 8 reps, drop, 8 reps, 30s isohold.",3,Drop Set,"8, 8, 8",8,8,,,,,10,,,,
Omega Sentinel,John Meadows,An advanced 14-week bodybuilding and hypertrophy program.,14 Weeks,Advanced,"Dumbbells, Barbell, Machines, Bands",6,Legs and Glutes - High Frequency,,1,Microcycle Week 1,Training for Week 1,1,Thursday - Legs,Thursday,,,Dumbbell Romanian deadlifts,"Activation and Supramax pump, Medium weight, 60-second breaks, leave reps in the tank.",6,,"10, 10, 10, 10, 10, 10",10,10,,,,,8,,,,
Omega Sentinel,John Meadows,An advanced 14-week bodybuilding and hypertrophy program.,14 Weeks,Advanced,"Dumbbells, Barbell, Machines, Bands",6,Legs and Glutes - High Frequency,,1,Microcycle Week 1,Training for Week 1,1,Thursday - Legs,Thursday,,,Leg press,"Supramax pump, High and wide foot placement, leave reps in the tank.",5,,"10, 10, 10, 10, 10",10,10,,,,,8,,,,
Omega Sentinel,John Meadows,An advanced 14-week bodybuilding and hypertrophy program.,14 Weeks,Advanced,"Dumbbells, Barbell, Machines, Bands",6,Legs and Glutes - High Frequency,,1,Microcycle Week 1,Training for Week 1,1,Thursday - Calves,Thursday,,,Seated toe raises,"Stretch and pump, Focus on the stretch.",4,,"to failure (12 reps), to failure (12 reps), to failure (12 reps), to failure (12 reps)",,,,,,,10,,,,
Omega Sentinel,John Meadows,An advanced 14-week bodybuilding and hypertrophy program.,14 Weeks,Advanced,"Dumbbells, Barbell, Machines, Bands",6,Legs and Glutes - High Frequency,,1,Microcycle Week 1,Training for Week 1,1,Thursday - Abs,Thursday,,,Leg raise,"Activation and pump, Simple leg raises, to failure.",4,,"to failure, to failure, to failure, to failure",,,,,,,9,,,,
Omega Sentinel,John Meadows,An advanced 14-week bodybuilding and hypertrophy program.,14 Weeks,Advanced,"Dumbbells, Barbell, Machines, Bands",6,Legs and Glutes - High Frequency,,1,Microcycle Week 1,Training for Week 1,1,Friday - Back,Friday,,,Hammer strength pulldowns,"Activation and start pump, Focus on controlled negative.",4,,"8, 8, 8, 8",8,8,,,,,9,,,,
Omega Sentinel,John Meadows,An advanced 14-week bodybuilding and hypertrophy program.,14 Weeks,Advanced,"Dumbbells, Barbell, Machines, Bands",6,Legs and Glutes - High Frequency,,1,Microcycle Week 1,Training for Week 1,1,Friday - Back,Friday,,,Smith rows,"Train explosively, Set weight down on stops, explosive drive up, rest pause reps.",4,,"10, 10, 10, 10",10,10,,,,,9,,,,
Omega Sentinel,John Meadows,An advanced 14-week bodybuilding and hypertrophy program.,14 Weeks,Advanced,"Dumbbells, Barbell, Machines, Bands",6,Legs and Glutes - High Frequency,,1,Microcycle Week 1,Training for Week 1,1,Friday - Back,Friday,,,Seated cable row,"Supramax pump, Pronated grip with individual handles, squeeze reps hard.",4,,"10, 10, 10, 10",10,10,,,,,9,,,https://www.youtube.com/watch?v=FSoUijeznsM&index=85&list=PLA808445EA052D63A,
Omega Sentinel,John Meadows,An advanced 14-week bodybuilding and hypertrophy program.,14 Weeks,Advanced,"Dumbbells, Barbell, Machines, Bands",6,Legs and Glutes - High Frequency,,1,Microcycle Week 1,Training for Week 1,1,Friday - Back,Friday,,,Dumbbell shrugs,"Supramax pump, Hold contracted position for 3 seconds on each rep.",3,,"10, 10, 10",10,10,,,,,9,,,,
Omega Sentinel,John Meadows,An advanced 14-week bodybuilding and hypertrophy program.,14 Weeks,Advanced,"Dumbbells, Barbell, Machines, Bands",6,Legs and Glutes - High Frequency,,1,Microcycle Week 1,Training for Week 1,1,Friday - Back,Friday,,,Banded hyperextensions,"Supramax pump, Use a band, do these very slow, hold flex at top for 1 second.",3,,"10, 10, 10",10,10,,,,,8,,,,
Omega Sentinel,John Meadows,An advanced 14-week bodybuilding and hypertrophy program.,14 Weeks,Advanced,"Dumbbells, Barbell, Machines, Bands",6,Legs and Glutes - High Frequency,,1,Microcycle Week 1,Training for Week 1,1,Friday - Biceps,Friday,,,Preacher curls,"Supramax pump, Slow and controlled, contract at the top for 2 seconds.",3,,"10, 10, 10",10,10,,,,,9,,,,
Omega Sentinel,John Meadows,An advanced 14-week bodybuilding and hypertrophy program.,14 Weeks,Advanced,"Dumbbells, Barbell, Machines, Bands",6,Legs and Glutes - High Frequency,,1,Microcycle Week 1,Training for Week 1,1,Friday - Biceps,Friday,,,Incline dumbbell curls,"Train the muscle from a stretched position, Lean back on an incline, keep grip supinated.",3,,"10, 10, 10",10,10,,,,,9,,,,
Omega Sentinel,John Meadows,An advanced 14-week bodybuilding and hypertrophy program.,14 Weeks,Advanced,"Dumbbells, Barbell, Machines, Bands",6,Legs and Glutes - High Frequency,,1,Microcycle Week 1,Training for Week 1,1,Friday - Abs,Friday,,,Incline sit ups,"Curl up slowly, blow air out, force contraction.",4,,"to failure, to failure, to failure, to failure",,,,,,,10,,,,
Omega Sentinel,John Meadows,An advanced 14-week bodybuilding and hypertrophy program.,14 Weeks,Advanced,"Dumbbells, Barbell, Machines, Bands",6,Legs and Glutes - High Frequency,,1,Microcycle Week 1,Training for Week 1,1,Saturday - Legs,Saturday,,,Single leg hip thrust,"Activation and start pump, 3s down, 2s hold in stretch, explosive up, 2s contracted hold. Alternate legs.",4,,"12, 12, 12, 12",12,12,,,,,9,,,,
Omega Sentinel,John Meadows,An advanced 14-week bodybuilding and hypertrophy program.,14 Weeks,Advanced,"Dumbbells, Barbell, Machines, Bands",6,Legs and Glutes - High Frequency,,1,Microcycle Week 1,Training for Week 1,1,Saturday - Legs,Saturday,,,Smith Machine Seated Deadlifts,"Supramax pump, Pull to knees, pause, then drive with glutes. Keep knees wide.",4,,"12, 12, 12, 12",12,12,,,,,8,,,https://www.youtube.com/watch?v=DnEsI7uf4f0,
Omega Sentinel,John Meadows,An advanced 14-week bodybuilding and hypertrophy program.,14 Weeks,Advanced,"Dumbbells, Barbell, Machines, Bands",6,Legs and Glutes - High Frequency,,1,Microcycle Week 1,Training for Week 1,1,Saturday - Legs,Saturday,,,Seated Good Morning,"Supramax pump, Sit on surface above parallel, rotate pelvis, keep arch in back.",3,,"8, 8, 8",8,8,,,,,8,,,,
Omega Sentinel,John Meadows,An advanced 14-week bodybuilding and hypertrophy program.,14 Weeks,Advanced,"Dumbbells, Barbell, Machines, Bands",6,Legs and Glutes - High Frequency,,1,Microcycle Week 1,Training for Week 1,1,Saturday - Calves,Saturday,,,Standing calve raises (superset),"Supramax pump, Supersetted with Seated calve raises for 8 total work sets.",4,Superset,"10, 10, 10, 10",10,10,,,,,8,,,,
Omega Sentinel,John Meadows,An advanced 14-week bodybuilding and hypertrophy program.,14 Weeks,Advanced,"Dumbbells, Barbell, Machines, Bands",6,Legs and Glutes - High Frequency,,1,Microcycle Week 1,Training for Week 1,1,Saturday - Calves,Saturday,,,Seated calve raises (superset),"Supramax pump, Supersetted with Standing calve raises for 8 total work sets.",4,Superset,"10, 10, 10, 10",10,10,,,,,8,,,,
Omega Sentinel,John Meadows,An advanced 14-week bodybuilding and hypertrophy program.,14 Weeks,Advanced,"Dumbbells, Barbell, Machines, Bands",6,Legs and Glutes - High Frequency,,1,Microcycle Week 2,Training for Week 2,2,Monday - Legs/Glutes,Monday,,,Hip Thrust,"Activation and start pump, Same as Week 1 but with 10 reps.",3,,"10, 10, 10",10,10,,,,,8,,,,
Omega Sentinel,John Meadows,An advanced 14-week bodybuilding and hypertrophy program.,14 Weeks,Advanced,"Dumbbells, Barbell, Machines, Bands",6,Legs and Glutes - High Frequency,,1,Microcycle Week 2,Training for Week 2,2,Monday - Legs/Glutes,Monday,,,"Single Leg, Alternating, Lying leg curl","Supramax pump, Drop set of 10, 10, 10 reps. Stretch for 30 seconds after.",1,Drop Set,"10, 10, 10",10,10,,,,,11,,,,
Omega Sentinel,John Meadows,An advanced 14-week bodybuilding and hypertrophy program.,14 Weeks,Advanced,"Dumbbells, Barbell, Machines, Bands",6,Legs and Glutes - High Frequency,,1,Microcycle Week 2,Training for Week 2,2,Monday - Legs/Glutes,Monday,,,Box Squats,"Train explosively, Squat onto a box 1-2 inches above parallel.",3,,"8, 8, 8",8,8,,,,,8,,,,
Omega Sentinel,John Meadows,An advanced 14-week bodybuilding and hypertrophy program.,14 Weeks,Advanced,"Dumbbells, Barbell, Machines, Bands",6,Legs and Glutes - High Frequency,,1,Microcycle Week 2,Training for Week 2,2,Monday - Legs/Glutes,Monday,,,Leg extensions - drop set of death,"Supramax pump, Sets 1-3: 8 reps. Set 4: 8 reps, 5s isohold, drop weight, repeat. Stretch after.",4,Drop Set,"8, 8, 8, 8",8,8,,,,,8,,,,
Omega Sentinel,John Meadows,An advanced 14-week bodybuilding and hypertrophy program.,14 Weeks,Advanced,"Dumbbells, Barbell, Machines, Bands",6,Legs and Glutes - High Frequency,,1,Microcycle Week 2,Training for Week 2,2,Monday - Abs,Monday,,,Decline leg raises,"Activation and pump, Come close to failure, leave a few reps in the tank.",4,,"10-20, 10-20, 10-20, 10-20",10,20,,,,,8,,,https://www.youtube.com/watch?v=JwQGUD1wxDg&list=PL512BBB0C927A91DC&index=10,
Omega Sentinel,John Meadows,An advanced 14-week bodybuilding and hypertrophy program.,14 Weeks,Advanced,"Dumbbells, Barbell, Machines, Bands",6,Legs and Glutes - High Frequency,,1,Microcycle Week 2,Training for Week 2,2,Monday - Calves,Monday,,,Standing raises,"Supramax pump, Same rep scheme as Week 1, but 2 total work sets.",2,,"10 full, 10 half, 10 sec stretch, 10 full, 10 half, 10 sec stretch",,,,,,,11,,,,
Omega Sentinel,John Meadows,An advanced 14-week bodybuilding and hypertrophy program.,14 Weeks,Advanced,"Dumbbells, Barbell, Machines, Bands",6,Legs and Glutes - High Frequency,,1,Microcycle Week 2,Training for Week 2,2,Tuesday - Chest,Tuesday,,,Hammer press (with bands),"Activation and start pump, Drive and squeeze hard on every rep.",4,,"6, 6, 6, 6",6,6,,,,,9,,,https://www.youtube.com/watch?v=2qe6zhjNVK4&index=16&list=PL2F8A4BD406176C34,
Omega Sentinel,John Meadows,An advanced 14-week bodybuilding and hypertrophy program.,14 Weeks,Advanced,"Dumbbells, Barbell, Machines, Bands",6,Legs and Glutes - High Frequency,,1,Microcycle Week 2,Training for Week 2,2,Tuesday - Chest,Tuesday,,,Incline barbell press,"Train explosively, Same as last week.",3,,"6, 6, 6",6,6,,,,,8,,,,
Omega Sentinel,John Meadows,An advanced 14-week bodybuilding and hypertrophy program.,14 Weeks,Advanced,"Dumbbells, Barbell, Machines, Bands",6,Legs and Glutes - High Frequency,,1,Microcycle Week 2,Training for Week 2,2,Tuesday - Chest,Tuesday,,,Machine/assisted dips (superset),"Train muscle with stretch emphasis, Supersetted with Machine/dumbbell flyes. 8 total sets.",4,Superset,"8, 8, 8, 8",8,8,,,,,9,,,,
Omega Sentinel,John Meadows,An advanced 14-week bodybuilding and hypertrophy program.,14 Weeks,Advanced,"Dumbbells, Barbell, Machines, Bands",6,Legs and Glutes - High Frequency,,1,Microcycle Week 2,Training for Week 2,2,Tuesday - Chest,Tuesday,,,Incline flyes (superset),"Train muscle with stretch emphasis, Supersetted with Machine/assisted dips. 8 total sets.",4,Superset,"8-10, 8-10, 8-10, 8-10",8,10,,,,,9,,,https://www.youtube.com/watch?v=bscXcMgQLWo&list=PL2955620A11D03694&index=49,
Omega Sentinel,John Meadows,An advanced 14-week bodybuilding and hypertrophy program.,14 Weeks,Advanced,"Dumbbells, Barbell, Machines, Bands",6,Legs and Glutes - High Frequency,,1,Microcycle Week 2,Training for Week 2,2,Tuesday - Triceps,Tuesday,,,Pushdowns,"Supramax pump, Go to failure.",4,,"20, 20, 20, 20",20,20,,,,,10,,,,
Omega Sentinel,John Meadows,An advanced 14-week bodybuilding and hypertrophy program.,14 Weeks,Advanced,"Dumbbells, Barbell, Machines, Bands",6,Legs and Glutes - High Frequency,,1,Microcycle Week 2,Training for Week 2,2,Tuesday - Triceps,Tuesday,,,Incline lying extensions,"Train muscle with stretch emphasis, Good old-fashioned skull crushers, stretch for 30s after each set.",4,,"10, 10, 10, 10",10,10,,,,,9,,,,
Omega Sentinel,John Meadows,An advanced 14-week bodybuilding and hypertrophy program.,14 Weeks,Advanced,"Dumbbells, Barbell, Machines, Bands",6,Legs and Glutes - High Frequency,,1,Microcycle Week 2,Training for Week 2,2,Tuesday - Abs,Tuesday,,,Rope crunch,"Stretch and pump, Stretch abdominal wall at the top of each rep.",4,,"to failure, to failure, to failure, to failure",,,,,,,9,,,https://www.youtube.com/watch?v=ZHSef-SDrH4&index=3&list=PL512BBB0C927A91DC,
Omega Sentinel,John Meadows,An advanced 14-week bodybuilding and hypertrophy program.,14 Weeks,Advanced,"Dumbbells, Barbell, Machines, Bands",6,Legs and Glutes - High Frequency,,1,Microcycle Week 2,Training for Week 2,2,Tuesday - Calves,Tuesday,,,Seated calve raises,"Supramax pump, Sit in the stretch position for 1 second, try to use more weight than last week.",4,,"15, 15, 15, 15",15,15,,,,,10,,,,
Omega Sentinel,John Meadows,An advanced 14-week bodybuilding and hypertrophy program.,14 Weeks,Advanced,"Dumbbells, Barbell, Machines, Bands",6,Legs and Glutes - High Frequency,,1,Microcycle Week 2,Training for Week 2,2,Wednesday - Shoulders,Wednesday,,,Reverse peck deck,"Activation and pump, Go heavier this week, sets of 30, 20, 10, and 10.",4,Pyramid,"30, 20, 10, 10",10,30,,,,,9,,,,
Omega Sentinel,John Meadows,An advanced 14-week bodybuilding and hypertrophy program.,14 Weeks,Advanced,"Dumbbells, Barbell, Machines, Bands",6,Legs and Glutes - High Frequency,,1,Microcycle Week 2,Training for Week 2,2,Wednesday - Shoulders,Wednesday,,,Standing side laterals,"Supramax pump, Go heavier, use a little momentum if needed.",4,,"10, 10, 10, 10",10,10,,,,,9,,,,
Omega Sentinel,John Meadows,An advanced 14-week bodybuilding and hypertrophy program.,14 Weeks,Advanced,"Dumbbells, Barbell, Machines, Bands",6,Legs and Glutes - High Frequency,,1,Microcycle Week 2,Training for Week 2,2,Wednesday - Shoulders,Wednesday,,,Barbell front raises,"Supramax pump, Raise to eye level.",4,,"12, 12, 12, 12",12,12,,,,,9,,,,
Omega Sentinel,John Meadows,An advanced 14-week bodybuilding and hypertrophy program.,14 Weeks,Advanced,"Dumbbells, Barbell, Machines, Bands",6,Legs and Glutes - High Frequency,,1,Microcycle Week 2,Training for Week 2,2,Wednesday - Abs,Wednesday,,,Decline leg raises,"Activation and pump, Come close to failure, leave a few reps in the tank.",6,,"10-20, 10-20, 10-20, 10-20, 10-20, 10-20",10,20,,,,,8,,,https://www.youtube.com/watch?v=JwQGUD1wxDg&list=PL512BBB0C927A91DC&index=10,
Omega Sentinel,John Meadows,An advanced 14-week bodybuilding and hypertrophy program.,14 Weeks,Advanced,"Dumbbells, Barbell, Machines, Bands",6,Legs and Glutes - High Frequency,,1,Microcycle Week 2,Training for Week 2,2,Wednesday - Calves,Wednesday,,,Standing raises,"Supramax pump, Go heavy, pause and stretch for 1 second at the bottom of each rep.",6,,"8, 8, 8, 8, 8, 8",8,8,,,,,10,,,,
Omega Sentinel,John Meadows,An advanced 14-week bodybuilding and hypertrophy program.,14 Weeks,Advanced,"Dumbbells, Barbell, Machines, Bands",6,Legs and Glutes - High Frequency,,1,Microcycle Week 2,Training for Week 2,2,Thursday - Legs,Thursday,,,Standing leg curls,"Activation and Supramax pump, Sets 1-2: 10 reps. Set 3: 10 reps, isohold, drop, 10 reps, isohold, drop, 10 reps.",3,Drop Set,"10, 10, 10",10,10,,,,,10,,,,
Omega Sentinel,John Meadows,An advanced 14-week bodybuilding and hypertrophy program.,14 Weeks,Advanced,"Dumbbells, Barbell, Machines, Bands",6,Legs and Glutes - High Frequency,,1,Microcycle Week 2,Training for Week 2,2,Thursday - Legs,Thursday,,,Abductor machine,"Activation and Supramax pump, Lean forward, push with feet not knees, hold contraction for 1-2 counts.",3,,"12, 12, 12",12,12,,,,,8,,,,
Omega Sentinel,John Meadows,An advanced 14-week bodybuilding and hypertrophy program.,14 Weeks,Advanced,"Dumbbells, Barbell, Machines, Bands",6,Legs and Glutes - High Frequency,,1,Microcycle Week 2,Training for Week 2,2,Thursday - Legs,Thursday,,,Hack Squats,"Supramax pump, Light weight, don't bury reps, maintain low back arch.",4,,"20, 20, 20, 20",20,20,,,,,7,,,,
Omega Sentinel,John Meadows,An advanced 14-week bodybuilding and hypertrophy program.,14 Weeks,Advanced,"Dumbbells, Barbell, Machines, Bands",6,Legs and Glutes - High Frequency,,1,Microcycle Week 2,Training for Week 2,2,Thursday - Calves,Thursday,,,Seated toe raises,"Stretch and pump, Focus on the stretch.",4,,"to failure (25 reps), to failure (25 reps), to failure (25 reps), to failure (25 reps)",,,,,,,10,,,,
Omega Sentinel,John Meadows,An advanced 14-week bodybuilding and hypertrophy program.,14 Weeks,Advanced,"Dumbbells, Barbell, Machines, Bands",6,Legs and Glutes - High Frequency,,1,Microcycle Week 2,Training for Week 2,2,Thursday - Abs,Thursday,,,Leg raise,"Activation and pump, Simple leg raises, to failure.",4,,"to failure, to failure, to failure, to failure",,,,,,,9,,,,
Omega Sentinel,John Meadows,An advanced 14-week bodybuilding and hypertrophy program.,14 Weeks,Advanced,"Dumbbells, Barbell, Machines, Bands",6,Legs and Glutes - High Frequency,,1,Microcycle Week 2,Training for Week 2,2,Friday - Back,Friday,,,One arm supinated pulldowns,"Activation and start pump, Use a band for isohold variation.",4,,"8, 8, 8, 8",8,8,,,,,9,,,,
Omega Sentinel,John Meadows,An advanced 14-week bodybuilding and hypertrophy program.,14 Weeks,Advanced,"Dumbbells, Barbell, Machines, Bands",6,Legs and Glutes - High Frequency,,1,Microcycle Week 2,Training for Week 2,2,Friday - Back,Friday,,,Meadows rows,"Supramax pump, Use a T-bar or landmine. Grind out reps.",4,,"10, 10, 10, 10",10,10,,,,,9,,,,
Omega Sentinel,John Meadows,An advanced 14-week bodybuilding and hypertrophy program.,14 Weeks,Advanced,"Dumbbells, Barbell, Machines, Bands",6,Legs and Glutes - High Frequency,,1,Microcycle Week 2,Training for Week 2,2,Friday - Back,Friday,,,Rack Deadlifts (superset),"Supramax pump, Supersetted with Chins. 8 total work sets.",4,Superset,"5, 5, 5, 5",5,5,,,,,9,,,https://www.youtube.com/watch?v=oBtTRdbFX7k&index=15&list=PLA808445EA052D63A,
Omega Sentinel,John Meadows,An advanced 14-week bodybuilding and hypertrophy program.,14 Weeks,Advanced,"Dumbbells, Barbell, Machines, Bands",6,Legs and Glutes - High Frequency,,1,Microcycle Week 2,Training for Week 2,2,Friday - Back,Friday,,,Chins (superset),"Supramax pump, Supersetted with Rack Deadlifts. 8 total work sets.",4,Superset,"6-8, 6-8, 6-8, 6-8",6,8,,,,,9,,,,
Omega Sentinel,John Meadows,An advanced 14-week bodybuilding and hypertrophy program.,14 Weeks,Advanced,"Dumbbells, Barbell, Machines, Bands",6,Legs and Glutes - High Frequency,,1,Microcycle Week 2,Training for Week 2,2,Friday - Back,Friday,,,Dumbbell pullovers,"Supramax pump, Stretch the lats out.",3,,"15, 15, 15",15,15,,,,,9,,,,
Omega Sentinel,John Meadows,An advanced 14-week bodybuilding and hypertrophy program.,14 Weeks,Advanced,"Dumbbells, Barbell, Machines, Bands",6,Legs and Glutes - High Frequency,,1,Microcycle Week 2,Training for Week 2,2,Friday - Biceps,Friday,,,Incline concentration curls,"Supramax pump, Smash dumbbells together, feels like a cramp.",3,,"10, 10, 10",10,10,,,,,9,,,,
Omega Sentinel,John Meadows,An advanced 14-week bodybuilding and hypertrophy program.,14 Weeks,Advanced,"Dumbbells, Barbell, Machines, Bands",6,Legs and Glutes - High Frequency,,1,Microcycle Week 2,Training for Week 2,2,Friday - Biceps,Friday,,,Hammer curls,"Train the muscle from a stretched position, Squeeze dumbbells hard, focus on stretch.",3,,"12, 12, 12",12,12,,,,,9,,,,
Omega Sentinel,John Meadows,An advanced 14-week bodybuilding and hypertrophy program.,14 Weeks,Advanced,"Dumbbells, Barbell, Machines, Bands",6,Legs and Glutes - High Frequency,,1,Microcycle Week 2,Training for Week 2,2,Friday - Abs,Friday,,,Incline sit ups,"Curl up slowly, blow air out, force contraction.",4,,"to failure, to failure, to failure, to failure",,,,,,,10,,,,
Omega Sentinel,John Meadows,An advanced 14-week bodybuilding and hypertrophy program.,14 Weeks,Advanced,"Dumbbells, Barbell, Machines, Bands",6,Legs and Glutes - High Frequency,,1,Microcycle Week 2,Training for Week 2,2,Saturday - Legs,Saturday,,,Single leg hip thrust,"Activation and start pump, Same rep tempo as Week 1.",4,,"15, 15, 15, 15",15,15,,,,,9,,,,
Omega Sentinel,John Meadows,An advanced 14-week bodybuilding and hypertrophy program.,14 Weeks,Advanced,"Dumbbells, Barbell, Machines, Bands",6,Legs and Glutes - High Frequency,,1,Microcycle Week 2,Training for Week 2,2,Saturday - Legs,Saturday,,,Smith Machine Seated Deadlifts,"Supramax pump, Same as Week 1, but 3 sets of 8.",3,,"8, 8, 8",8,8,,,,,8,,,,
Omega Sentinel,John Meadows,An advanced 14-week bodybuilding and hypertrophy program.,14 Weeks,Advanced,"Dumbbells, Barbell, Machines, Bands",6,Legs and Glutes - High Frequency,,1,Microcycle Week 2,Training for Week 2,2,Saturday - Legs,Saturday,,,Short Step Lunges,"Supramax pump, 5-second eccentric.",3,,"10, 10, 10",10,10,,,,,8,,,,
Omega Sentinel,John Meadows,An advanced 14-week bodybuilding and hypertrophy program.,14 Weeks,Advanced,"Dumbbells, Barbell, Machines, Bands",6,Legs and Glutes - High Frequency,,1,Microcycle Week 2,Training for Week 2,2,Saturday - Calves,Saturday,,,Seated calve raises (superset),"Supramax pump, Supersetted with Standing calve raises. 8 total sets.",4,Superset,"20, 20, 20, 20",20,20,,,,,8,,,,
Omega Sentinel,John Meadows,An advanced 14-week bodybuilding and hypertrophy program.,14 Weeks,Advanced,"Dumbbells, Barbell, Machines, Bands",6,Legs and Glutes - High Frequency,,1,Microcycle Week 2,Training for Week 2,2,Saturday - Calves,Saturday,,,Standing calve raises (superset),"Supramax pump, Supersetted with Seated calve raises. 8 total sets.",4,Superset,"6, 6, 6, 6",6,6,,,,,8,,,,
Omega Sentinel,John Meadows,An advanced 14-week bodybuilding and hypertrophy program.,14 Weeks,Advanced,"Dumbbells, Barbell, Machines, Bands",6,Legs and Glutes - High Frequency,,1,Microcycle Week 3,Training for Week 3,3,Monday - Legs/Glutes,Monday,,,Hip Thrust,"Activation and start pump, Same as Week 1 but with 12 reps.",3,,"12, 12, 12",12,12,,,,,8,,,,
Omega Sentinel,John Meadows,An advanced 14-week bodybuilding and hypertrophy program.,14 Weeks,Advanced,"Dumbbells, Barbell, Machines, Bands",6,Legs and Glutes - High Frequency,,1,Microcycle Week 3,Training for Week 3,3,Monday - Legs/Glutes,Monday,,,"Single Leg, Alternating, Lying leg curl","Supramax pump, Eccentric loading set, partner pushes down on negative.",1,,20,20,20,,,,,11,,,,
Omega Sentinel,John Meadows,An advanced 14-week bodybuilding and hypertrophy program.,14 Weeks,Advanced,"Dumbbells, Barbell, Machines, Bands",6,Legs and Glutes - High Frequency,,1,Microcycle Week 3,Training for Week 3,3,Monday - Legs/Glutes,Monday,,,Squats,"Train explosively, Same as Week 1. Work to beat week 1's weight.",3,,"8, 8, 8",8,8,,,,,8,,,,
Omega Sentinel,John Meadows,An advanced 14-week bodybuilding and hypertrophy program.,14 Weeks,Advanced,"Dumbbells, Barbell, Machines, Bands",6,Legs and Glutes - High Frequency,,1,Microcycle Week 3,Training for Week 3,3,Monday - Legs/Glutes,Monday,,,Hack squats - drop set of death,"Supramax pump, Sets 1-3: 8 reps. Set 4: 8 reps, 5s isohold, drop weight, repeat. Stretch after.",4,Drop Set,"8, 8, 8, 8",8,8,,,,,8,,,,
Omega Sentinel,John Meadows,An advanced 14-week bodybuilding and hypertrophy program.,14 Weeks,Advanced,"Dumbbells, Barbell, Machines, Bands",6,Legs and Glutes - High Frequency,,1,Microcycle Week 3,Training for Week 3,3,Monday - Abs,Monday,,,Decline leg raises,"Activation and pump, Push for higher reps this week.",4,,"10-20, 10-20, 10-20, 10-20",10,20,,,,,8,,,,
Omega Sentinel,John Meadows,An advanced 14-week bodybuilding and hypertrophy program.,14 Weeks,Advanced,"Dumbbells, Barbell, Machines, Bands",6,Legs and Glutes - High Frequency,,1,Microcycle Week 3,Training for Week 3,3,Monday - Calves,Monday,,,Standing raises,"Supramax pump, Same rep scheme as Week 1, but 3 total work sets.",3,,"10 full, 10 half, 10 sec stretch, 10 full, 10 half, 10 sec stretch, 10 full, 10 half, 10 sec stretch",,,,,,,11,,,,
Omega Sentinel,John Meadows,An advanced 14-week bodybuilding and hypertrophy program.,14 Weeks,Advanced,"Dumbbells, Barbell, Machines, Bands",6,Legs and Glutes - High Frequency,,1,Microcycle Week 3,Training for Week 3,3,Tuesday - Chest,Tuesday,,,Hex press,"Activation and start pump, Smash dumbbells together, work up to a tough 8 reps.",4,,"8, 8, 8, 8",8,8,,,,,9,,,https://www.youtube.com/watch?v=oL7Tb4ofKUI&index=22&list=PL2955620A11D03694,
Omega Sentinel,John Meadows,An advanced 14-week bodybuilding and hypertrophy program.,14 Weeks,Advanced,"Dumbbells, Barbell, Machines, Bands",6,Legs and Glutes - High Frequency,,1,Microcycle Week 3,Training for Week 3,3,Tuesday - Chest,Tuesday,,,Incline barbell press,"Train explosively, Pause at bottom for a 2-count, drive up hard.",4,,"6, 6, 6, 6",6,6,,,,,9,,,,
Omega Sentinel,John Meadows,An advanced 14-week bodybuilding and hypertrophy program.,14 Weeks,Advanced,"Dumbbells, Barbell, Machines, Bands",6,Legs and Glutes - High Frequency,,1,Microcycle Week 3,Training for Week 3,3,Tuesday - Chest,Tuesday,,,Machine/assisted dips (superset),"Train muscle with stretch emphasis, Supersetted with Stretch pushups. 8 total sets.",4,Superset,"8, 8, 8, 8",8,8,,,,,9,,,,
Omega Sentinel,John Meadows,An advanced 14-week bodybuilding and hypertrophy program.,14 Weeks,Advanced,"Dumbbells, Barbell, Machines, Bands",6,Legs and Glutes - High Frequency,,1,Microcycle Week 3,Training for Week 3,3,Tuesday - Chest,Tuesday,,,Stretch pushups (superset),"Train muscle with stretch emphasis, Supersetted with Machine/assisted dips. 8 total sets.",4,Superset,"8-10, 8-10, 8-10, 8-10",8,10,,,,,9,,,,
Omega Sentinel,John Meadows,An advanced 14-week bodybuilding and hypertrophy program.,14 Weeks,Advanced,"Dumbbells, Barbell, Machines, Bands",6,Legs and Glutes - High Frequency,,1,Microcycle Week 3,Training for Week 3,3,Tuesday - Triceps,Tuesday,,,Pushdowns,"Supramax pump, 45-second breaks.",8,,"12, 12, 12, 12, 12, 12, 12, 12",12,12,,,,,9,,,,
Omega Sentinel,John Meadows,An advanced 14-week bodybuilding and hypertrophy program.,14 Weeks,Advanced,"Dumbbells, Barbell, Machines, Bands",6,Legs and Glutes - High Frequency,,1,Microcycle Week 3,Training for Week 3,3,Tuesday - Abs,Tuesday,,,Rope crunch,"Stretch and pump, Stretch abdominal wall at the top of each rep.",4,,"to failure, to failure, to failure, to failure",,,,,,,9,,,https://www.youtube.com/watch?v=ZHSef-SDrH4&index=3&list=PL512BBB0C927A91DC,
Omega Sentinel,John Meadows,An advanced 14-week bodybuilding and hypertrophy program.,14 Weeks,Advanced,"Dumbbells, Barbell, Machines, Bands",6,Legs and Glutes - High Frequency,,1,Microcycle Week 3,Training for Week 3,3,Tuesday - Calves,Tuesday,,,Seated calve raises,"Supramax pump, Sit in the stretch position for 4 seconds, slow painful sets.",4,,"8, 8, 8, 8",8,8,,,,,10,,,,
Omega Sentinel,John Meadows,An advanced 14-week bodybuilding and hypertrophy program.,14 Weeks,Advanced,"Dumbbells, Barbell, Machines, Bands",6,Legs and Glutes - High Frequency,,1,Microcycle Week 3,Training for Week 3,3,Wednesday - Shoulders,Wednesday,,,Rear delt swings,"Activation and pump, Supersetted with 10 over and backs with a rope, 4 total sets.",4,Superset,"20, 20, 20, 20",20,20,,,,,9,,,https://www.youtube.com/watch?v=yIvDTNk9-qA&index=15&list=PL1F60A60A3E4E2E83,
Omega Sentinel,John Meadows,An advanced 14-week bodybuilding and hypertrophy program.,14 Weeks,Advanced,"Dumbbells, Barbell, Machines, Bands",6,Legs and Glutes - High Frequency,,1,Microcycle Week 3,Training for Week 3,3,Wednesday - Shoulders,Wednesday,,,Standing side laterals,"Supramax pump, 4 heavy sets.",4,,"8, 8, 8, 8",8,8,,,,,9,,,,
Omega Sentinel,John Meadows,An advanced 14-week bodybuilding and hypertrophy program.,14 Weeks,Advanced,"Dumbbells, Barbell, Machines, Bands",6,Legs and Glutes - High Frequency,,1,Microcycle Week 3,Training for Week 3,3,Wednesday - Shoulders,Wednesday,,,Dumbbell front raises,"Supramax pump, Raise to eye level, then another 6 inches, flex hard.",4,,"12, 12, 12, 12",12,12,,,,,9,,,,
Omega Sentinel,John Meadows,An advanced 14-week bodybuilding and hypertrophy program.,14 Weeks,Advanced,"Dumbbells, Barbell, Machines, Bands",6,Legs and Glutes - High Frequency,,1,Microcycle Week 3,Training for Week 3,3,Wednesday - Abs,Wednesday,,,Decline leg raises,"Activation and pump, Come close to failure, leave a few reps in the tank.",6,,"10-20, 10-20, 10-20, 10-20, 10-20, 10-20",10,20,,,,,8,,,,
Omega Sentinel,John Meadows,An advanced 14-week bodybuilding and hypertrophy program.,14 Weeks,Advanced,"Dumbbells, Barbell, Machines, Bands",6,Legs and Glutes - High Frequency,,1,Microcycle Week 3,Training for Week 3,3,Wednesday - Calves,Wednesday,,,Standing raises,"Supramax pump, Stay heavy, pause 1 second at the bottom of each rep.",6,,"10, 10, 10, 10, 10, 10",10,10,,,,,10,,,,
Omega Sentinel,John Meadows,An advanced 14-week bodybuilding and hypertrophy program.,14 Weeks,Advanced,"Dumbbells, Barbell, Machines, Bands",6,Legs and Glutes - High Frequency,,1,Microcycle Week 3,Training for Week 3,3,Thursday - Legs,Thursday,,,Lying leg curls (superset),"Activation and Supramax pump, Supersetted with Barbell Romanian deadlifts. 8 total sets.",4,Superset,"12, 12, 12, 12",12,12,,,,,8,,,,
Omega Sentinel,John Meadows,An advanced 14-week bodybuilding and hypertrophy program.,14 Weeks,Advanced,"Dumbbells, Barbell, Machines, Bands",6,Legs and Glutes - High Frequency,,1,Microcycle Week 3,Training for Week 3,3,Thursday - Legs,Thursday,,,Barbell Romanian deadlifts (superset),"Activation and Supramax pump, Supersetted with Lying leg curls. 8 total sets.",4,Superset,"8, 8, 8, 8",8,8,,,,,8,,,,
Omega Sentinel,John Meadows,An advanced 14-week bodybuilding and hypertrophy program.,14 Weeks,Advanced,"Dumbbells, Barbell, Machines, Bands",6,Legs and Glutes - High Frequency,,1,Microcycle Week 3,Training for Week 3,3,Thursday - Legs,Thursday,,,Abductor machine,"Activation and Supramax pump, Drive out with feet, keep arch.",4,,"12, 12, 12, 12",12,12,,,,,8,,,,
Omega Sentinel,John Meadows,An advanced 14-week bodybuilding and hypertrophy program.,14 Weeks,Advanced,"Dumbbells, Barbell, Machines, Bands",6,Legs and Glutes - High Frequency,,1,Microcycle Week 3,Training for Week 3,3,Thursday - Calves,Thursday,,,Standing calve raises,"Stretch and pump, Work the stretch hard at the bottom.",4,,"to failure (10 reps), to failure (10 reps), to failure (10 reps), to failure (10 reps)",,,,,,,10,,,,
Omega Sentinel,John Meadows,An advanced 14-week bodybuilding and hypertrophy program.,14 Weeks,Advanced,"Dumbbells, Barbell, Machines, Bands",6,Legs and Glutes - High Frequency,,1,Microcycle Week 3,Training for Week 3,3,Thursday - Abs,Thursday,,,Leg raise,"Activation and pump, Simple leg raises, to failure.",4,,"to failure, to failure, to failure, to failure",,,,,,,9,,,,
Omega Sentinel,John Meadows,An advanced 14-week bodybuilding and hypertrophy program.,14 Weeks,Advanced,"Dumbbells, Barbell, Machines, Bands",6,Legs and Glutes - High Frequency,,1,Microcycle Week 3,Training for Week 3,3,Friday - Back,Friday,,,One arm supinated pulldowns,"Activation and start pump, No band, just solid sets.",4,,"10, 10, 10, 10",10,10,,,,,9,,,,
Omega Sentinel,John Meadows,An advanced 14-week bodybuilding and hypertrophy program.,14 Weeks,Advanced,"Dumbbells, Barbell, Machines, Bands",6,Legs and Glutes - High Frequency,,1,Microcycle Week 3,Training for Week 3,3,Friday - Back,Friday,,,One arm barbell rows,"Supramax pump, Grind out 4 sets of 8, very hard.",4,,"8, 8, 8, 8",8,8,,,,,9,,,https://www.youtube.com/watch?v=ExuDK5iWKM8&list=PLA808445EA052D63A&index=7,
Omega Sentinel,John Meadows,An advanced 14-week bodybuilding and hypertrophy program.,14 Weeks,Advanced,"Dumbbells, Barbell, Machines, Bands",6,Legs and Glutes - High Frequency,,1,Microcycle Week 3,Training for Week 3,3,Friday - Back,Friday,,,Barbell shrugs,"Supramax pump, Hold contraction for 2 seconds.",4,,"10, 10, 10, 10",10,10,,,,,10,,,,
Omega Sentinel,John Meadows,An advanced 14-week bodybuilding and hypertrophy program.,14 Weeks,Advanced,"Dumbbells, Barbell, Machines, Bands",6,Legs and Glutes - High Frequency,,1,Microcycle Week 3,Training for Week 3,3,Friday - Back,Friday,,,Dumbbell pullovers,"Work muscle from a stretched position, Stretch the lats out.",4,,"12, 12, 12, 12",12,12,,,,,9,,,,
Omega Sentinel,John Meadows,An advanced 14-week bodybuilding and hypertrophy program.,14 Weeks,Advanced,"Dumbbells, Barbell, Machines, Bands",6,Legs and Glutes - High Frequency,,1,Microcycle Week 3,Training for Week 3,3,Friday - Back,Friday,,,Chest supported rows,"Supramax pump, Use pronated grip.",3,,"15, 15, 15",15,15,,,,,9,,,,
Omega Sentinel,John Meadows,An advanced 14-week bodybuilding and hypertrophy program.,14 Weeks,Advanced,"Dumbbells, Barbell, Machines, Bands",6,Legs and Glutes - High Frequency,,1,Microcycle Week 3,Training for Week 3,3,Friday - Biceps,Friday,,,Incline concentration curls,"Supramax pump, Use an EZ curl bar this week, squeeze hard.",3,,"10, 10, 10",10,10,,,,,9,,,,
Omega Sentinel,John Meadows,An advanced 14-week bodybuilding and hypertrophy program.,14 Weeks,Advanced,"Dumbbells, Barbell, Machines, Bands",6,Legs and Glutes - High Frequency,,1,Microcycle Week 3,Training for Week 3,3,Friday - Biceps,Friday,,,Preacher curls,"Train the muscle from a stretched position, Use an EZ bar.",3,,"8, 8, 8",8,8,,,,,9,,,,
Omega Sentinel,John Meadows,An advanced 14-week bodybuilding and hypertrophy program.,14 Weeks,Advanced,"Dumbbells, Barbell, Machines, Bands",6,Legs and Glutes - High Frequency,,1,Microcycle Week 3,Training for Week 3,3,Friday - Abs,Friday,,,Incline sit ups,"Curl up slowly, blow air out, force contraction.",4,,"to failure, to failure, to failure, to failure",,,,,,,10,,,,
Omega Sentinel,John Meadows,An advanced 14-week bodybuilding and hypertrophy program.,14 Weeks,Advanced,"Dumbbells, Barbell, Machines, Bands",6,Legs and Glutes - High Frequency,,1,Microcycle Week 3,Training for Week 3,3,Saturday - Legs,Saturday,,,Single leg hip thrust,"Activation and start pump, Same rep tempo as Week 1.",4,,"15, 15, 15, 15",15,15,,,,,9,,,,
Omega Sentinel,John Meadows,An advanced 14-week bodybuilding and hypertrophy program.,14 Weeks,Advanced,"Dumbbells, Barbell, Machines, Bands",6,Legs and Glutes - High Frequency,,1,Microcycle Week 3,Training for Week 3,3,Saturday - Legs,Saturday,,,Dumbbell walking lunge,"Supramax pump, Lunge 20 steps with one leg, then 20 back with the other.",3,,"20 steps, 20 steps, 20 steps",20,20,,,,,8,,,,
Omega Sentinel,John Meadows,An advanced 14-week bodybuilding and hypertrophy program.,14 Weeks,Advanced,"Dumbbells, Barbell, Machines, Bands",6,Legs and Glutes - High Frequency,,1,Microcycle Week 3,Training for Week 3,3,Saturday - Legs,Saturday,,,Hack squats,"Supramax pump, Light weight, feet lower on platform to hit teardrop hard.",3,,"20, 20, 20",20,20,,,,,8,,,,
Omega Sentinel,John Meadows,An advanced 14-week bodybuilding and hypertrophy program.,14 Weeks,Advanced,"Dumbbells, Barbell, Machines, Bands",6,Legs and Glutes - High Frequency,,1,Microcycle Week 3,Training for Week 3,3,Saturday - Calves,Saturday,,,Seated calve raises (superset),"Supramax pump, Supersetted with Standing calve raises. 8 total sets.",4,Superset,"10, 10, 10, 10",10,10,,,,,8,,,,
Omega Sentinel,John Meadows,An advanced 14-week bodybuilding and hypertrophy program.,14 Weeks,Advanced,"Dumbbells, Barbell, Machines, Bands",6,Legs and Glutes - High Frequency,,1,Microcycle Week 3,Training for Week 3,3,Saturday - Calves,Saturday,,,Standing calve raises (superset),"Supramax pump, Supersetted with Seated calve raises. 8 total sets.",4,Superset,"6, 6, 6, 6",6,6,,,,,8,,,,
Omega Sentinel,John Meadows,An advanced 14-week bodybuilding and hypertrophy program.,14 Weeks,Advanced,"Dumbbells, Barbell, Machines, Bands",6,Legs and Glutes - High Frequency,,1,Microcycle Week 4,Training for Week 4,4,Monday - Legs/Glutes,Monday,,,Hip Thrust,"Activation and start pump, Continuous pumping reps, squeeze hard.",3,,"20, 20, 20",20,20,,,,,9,,,,
Omega Sentinel,John Meadows,An advanced 14-week bodybuilding and hypertrophy program.,14 Weeks,Advanced,"Dumbbells, Barbell, Machines, Bands",6,Legs and Glutes - High Frequency,,1,Microcycle Week 4,Training for Week 4,4,Monday - Legs/Glutes,Monday,,,"Single Leg, Alternating, Lying leg curl","Supramax pump, Heavy, all rest-pause reps.",3,,"8, 8, 8",8,8,,,,,9,,,,
Omega Sentinel,John Meadows,An advanced 14-week bodybuilding and hypertrophy program.,14 Weeks,Advanced,"Dumbbells, Barbell, Machines, Bands",6,Legs and Glutes - High Frequency,,1,Microcycle Week 4,Training for Week 4,4,Monday - Legs/Glutes,Monday,,,Squats,"Train explosively, Sets of 6 up to max weight, then a final set of 4-5.",3,,"6, 6, 4-5",6,6,,,,,8,,,,
Omega Sentinel,John Meadows,An advanced 14-week bodybuilding and hypertrophy program.,14 Weeks,Advanced,"Dumbbells, Barbell, Machines, Bands",6,Legs and Glutes - High Frequency,,1,Microcycle Week 4,Training for Week 4,4,Monday - Legs/Glutes,Monday,,,Leg press - drop set of death,"Supramax pump, 30 reps, remove plate, 20 reps, remove plate, 10 reps. One brutal set.",1,Drop Set,"30, 20, 10",10,30,,,,,12,,,,
Omega Sentinel,John Meadows,An advanced 14-week bodybuilding and hypertrophy program.,14 Weeks,Advanced,"Dumbbells, Barbell, Machines, Bands",6,Legs and Glutes - High Frequency,,1,Microcycle Week 4,Training for Week 4,4,Monday - Abs,Monday,,,Decline leg raises,"Activation and pump, Push for higher reps.",4,,"10-20, 10-20, 10-20, 10-20",10,20,,,,,8,,,,
Omega Sentinel,John Meadows,An advanced 14-week bodybuilding and hypertrophy program.,14 Weeks,Advanced,"Dumbbells, Barbell, Machines, Bands",6,Legs and Glutes - High Frequency,,1,Microcycle Week 4,Training for Week 4,4,Monday - Calves,Monday,,,Standing raises,"Supramax pump, Same rep scheme as Week 1, but 4 total work sets.",4,,"10 full, 10 half, 10 sec stretch, 10 full, 10 half, 10 sec stretch, 10 full, 10 half, 10 sec stretch, 10 full, 10 half, 10 sec stretch",,,,,,,11,,,,
Omega Sentinel,John Meadows,An advanced 14-week bodybuilding and hypertrophy program.,14 Weeks,Advanced,"Dumbbells, Barbell, Machines, Bands",6,Legs and Glutes - High Frequency,,1,Microcycle Week 4,Training for Week 4,4,Tuesday - Chest,Tuesday,,,Dumbell press,"Activation and start pump, Work up to a tough 8, then a drop set (8 reps, drop, failure, drop, failure).",3,Drop Set,"8, 8, 8",8,8,,,,,8,,,https://www.youtube.com/watch?v=AYFGq1amMuQ&index=28&list=PL2955620A11D03694,
Omega Sentinel,John Meadows,An advanced 14-week bodybuilding and hypertrophy program.,14 Weeks,Advanced,"Dumbbells, Barbell, Machines, Bands",6,Legs and Glutes - High Frequency,,1,Microcycle Week 4,Training for Week 4,4,Tuesday - Chest,Tuesday,,,Flat barbell press,"Train explosively, 60-second breaks between sets, pause at chest.",5,,"5, 5, 5, 5, 5",5,5,,,,,8,,,,
Omega Sentinel,John Meadows,An advanced 14-week bodybuilding and hypertrophy program.,14 Weeks,Advanced,"Dumbbells, Barbell, Machines, Bands",6,Legs and Glutes - High Frequency,,1,Microcycle Week 4,Training for Week 4,4,Tuesday - Chest,Tuesday,,,Machine/assisted dips (superset),"Train muscle with stretch emphasis, Supersetted with Machine/dumbbell flyes. 8 total sets.",4,Superset,"8, 8, 8, 8",8,8,,,,,9,,,,
Omega Sentinel,John Meadows,An advanced 14-week bodybuilding and hypertrophy program.,14 Weeks,Advanced,"Dumbbells, Barbell, Machines, Bands",6,Legs and Glutes - High Frequency,,1,Microcycle Week 4,Training for Week 4,4,Tuesday - Chest,Tuesday,,,Machine flyes (superset),"Train muscle with stretch emphasis, Supersetted with Machine/assisted dips. 8 total sets.",4,Superset,"8-10, 8-10, 8-10, 8-10",8,10,,,,,9,,,,
Omega Sentinel,John Meadows,An advanced 14-week bodybuilding and hypertrophy program.,14 Weeks,Advanced,"Dumbbells, Barbell, Machines, Bands",6,Legs and Glutes - High Frequency,,1,Microcycle Week 4,Training for Week 4,4,Tuesday - Triceps,Tuesday,,,Pushdowns,"Supramax pump, 45-second breaks, continuous tension.",10,,"10, 10, 10, 10, 10, 10, 10, 10, 10, 10",10,10,,,,,9,,,,
Omega Sentinel,John Meadows,An advanced 14-week bodybuilding and hypertrophy program.,14 Weeks,Advanced,"Dumbbells, Barbell, Machines, Bands",6,Legs and Glutes - High Frequency,,1,Microcycle Week 4,Training for Week 4,4,Tuesday - Abs,Tuesday,,,Rope crunch,"Stretch and pump, Stretch abdominal wall at the top of each rep.",4,,"to failure, to failure, to failure, to failure",,,,,,,9,,,https://www.youtube.com/watch?v=ZHSef-SDrH4&index=3&list=PL512BBB0C927A91DC,
Omega Sentinel,John Meadows,An advanced 14-week bodybuilding and hypertrophy program.,14 Weeks,Advanced,"Dumbbells, Barbell, Machines, Bands",6,Legs and Glutes - High Frequency,,1,Microcycle Week 4,Training for Week 4,4,Tuesday - Calves,Tuesday,,,Seated calve raises,"Supramax pump, Sit in the stretch position for 4 seconds, try to use more weight than last week.",4,,"25, 25, 25, 25",25,25,,,,,10,,,,
Omega Sentinel,John Meadows,An advanced 14-week bodybuilding and hypertrophy program.,14 Weeks,Advanced,"Dumbbells, Barbell, Machines, Bands",6,Legs and Glutes - High Frequency,,1,Microcycle Week 4,Training for Week 4,4,Wednesday - Shoulders,Wednesday,,,Giant Sets,"Complete destruction of deltoids, Rear delt swings (20), side laterals (10), front raises (10), presses (8). Rest 3 mins between sets.",4,Giant Set,"20/10/10/8, 20/10/10/8, 20/10/10/8, 20/10/10/8",,,,,,,,,,,
Omega Sentinel,John Meadows,An advanced 14-week bodybuilding and hypertrophy program.,14 Weeks,Advanced,"Dumbbells, Barbell, Machines, Bands",6,Legs and Glutes - High Frequency,,1,Microcycle Week 4,Training for Week 4,4,Wednesday - Abs,Wednesday,,,Decline leg raises,"Activation and pump, Come close to failure, leave a few reps in the tank.",6,,"10-20, 10-20, 10-20, 10-20, 10-20, 10-20",10,20,,,,,8,,,,
Omega Sentinel,John Meadows,An advanced 14-week bodybuilding and hypertrophy program.,14 Weeks,Advanced,"Dumbbells, Barbell, Machines, Bands",6,Legs and Glutes - High Frequency,,1,Microcycle Week 4,Training for Week 4,4,Wednesday - Calves,Wednesday,,,Standing raises,"Supramax pump, Pause and squeeze for 8 seconds at the top of each rep.",4,,"8, 8, 8, 8",8,8,,,,,10,,,,
Omega Sentinel,John Meadows,An advanced 14-week bodybuilding and hypertrophy program.,14 Weeks,Advanced,"Dumbbells, Barbell, Machines, Bands",6,Legs and Glutes - High Frequency,,1,Microcycle Week 4,Training for Week 4,4,Thursday - Legs,Thursday,,,Lying leg curls,"Supramax pump, Go to failure, rest 15 seconds, repeat until 40 total reps.",4,,"40, 40, 40, 40",40,40,,,,,10,,,,
Omega Sentinel,John Meadows,An advanced 14-week bodybuilding and hypertrophy program.,14 Weeks,Advanced,"Dumbbells, Barbell, Machines, Bands",6,Legs and Glutes - High Frequency,,1,Microcycle Week 4,Training for Week 4,4,Thursday - Legs,Thursday,,,Barbell Romanian deadlifts,"Supramax pump, Double pump at the top, conscious glute contraction.",4,,"8, 8, 8, 8",8,8,,,,,9,,,,
Omega Sentinel,John Meadows,An advanced 14-week bodybuilding and hypertrophy program.,14 Weeks,Advanced,"Dumbbells, Barbell, Machines, Bands",6,Legs and Glutes - High Frequency,,1,Microcycle Week 4,Training for Week 4,4,Thursday - Legs,Thursday,,,Abductor machine,"Activation and Supramax pump, Drive out with feet, keep arch.",4,,"15, 15, 15, 15",15,15,,,,,8,,,,
Omega Sentinel,John Meadows,An advanced 14-week bodybuilding and hypertrophy program.,14 Weeks,Advanced,"Dumbbells, Barbell, Machines, Bands",6,Legs and Glutes - High Frequency,,1,Microcycle Week 4,Training for Week 4,4,Thursday - Calves,Thursday,,,Standing calve raises,"Stretch and pump, Work the stretch hard at the bottom.",5,,"10 full reps, 10 partials, 10 full reps, 10 partials, 10 full reps, 10 partials, 10 full reps, 10 partials, 10 full reps, 10 partials",,,,,,,10,,,,
Omega Sentinel,John Meadows,An advanced 14-week bodybuilding and hypertrophy program.,14 Weeks,Advanced,"Dumbbells, Barbell, Machines, Bands",6,Legs and Glutes - High Frequency,,1,Microcycle Week 4,Training for Week 4,4,Thursday - Abs,Thursday,,,Leg raise,"Activation and pump, Simple leg raises, to failure.",4,,"to failure, to failure, to failure, to failure",,,,,,,9,,,,
Omega Sentinel,John Meadows,An advanced 14-week bodybuilding and hypertrophy program.,14 Weeks,Advanced,"Dumbbells, Barbell, Machines, Bands",6,Legs and Glutes - High Frequency,,1,Microcycle Week 4,Training for Week 4,4,Friday - Back,Friday,,,Low rows with a rope,"Activation and start pump, Focus on squeezing in the contracted position.",4,,"12, 12, 12, 12",12,12,,,,,9,,,https://www.youtube.com/watch?v=cN_t711_Hgs&list=PLA808445EA052D63A&index=84,
Omega Sentinel,John Meadows,An advanced 14-week bodybuilding and hypertrophy program.,14 Weeks,Advanced,"Dumbbells, Barbell, Machines, Bands",6,Legs and Glutes - High Frequency,,1,Microcycle Week 4,Training for Week 4,4,Friday - Back,Friday,,,T-bar rows,"Supramax pump, Use a pronated grip.",4,,"8, 8, 8, 8",8,8,,,,,9,,,,
Omega Sentinel,John Meadows,An advanced 14-week bodybuilding and hypertrophy program.,14 Weeks,Advanced,"Dumbbells, Barbell, Machines, Bands",6,Legs and Glutes - High Frequency,,1,Microcycle Week 4,Training for Week 4,4,Friday - Back,Friday,,,Dumbbell pullovers,"Work muscle from a stretched position, Stretch the lats out.",4,,"12, 12, 12, 12",12,12,,,,,9,,,,
Omega Sentinel,John Meadows,An advanced 14-week bodybuilding and hypertrophy program.,14 Weeks,Advanced,"Dumbbells, Barbell, Machines, Bands",6,Legs and Glutes - High Frequency,,1,Microcycle Week 4,Training for Week 4,4,Friday - Back,Friday,,,Dumbbell rows,"Supramax pump, Neutral grip, gut-busting sets.",4,,"10, 10, 10, 10",10,10,,,,,10,,,,
Omega Sentinel,John Meadows,An advanced 14-week bodybuilding and hypertrophy program.,14 Weeks,Advanced,"Dumbbells, Barbell, Machines, Bands",6,Legs and Glutes - High Frequency,,1,Microcycle Week 4,Training for Week 4,4,Friday - Back,Friday,,,Dumbbell shrugs,"Supramax pump, Finish off your back with a rhythm.",2,,"25, 25",25,25,,,,,9,,,,
Omega Sentinel,John Meadows,An advanced 14-week bodybuilding and hypertrophy program.,14 Weeks,Advanced,"Dumbbells, Barbell, Machines, Bands",6,Legs and Glutes - High Frequency,,1,Microcycle Week 4,Training for Week 4,4,Friday - Biceps,Friday,,,Barbell curls,"Supramax pump, 3-second descent on all reps.",3,,"10, 10, 10",10,10,,,,,9,,,,
Omega Sentinel,John Meadows,An advanced 14-week bodybuilding and hypertrophy program.,14 Weeks,Advanced,"Dumbbells, Barbell, Machines, Bands",6,Legs and Glutes - High Frequency,,1,Microcycle Week 4,Training for Week 4,4,Friday - Biceps,Friday,,,Preacher curls,"Train the muscle from a stretched position, Use an EZ bar, focus on stretch.",3,,"12, 12, 12",12,12,,,,,9,,,,
Omega Sentinel,John Meadows,An advanced 14-week bodybuilding and hypertrophy program.,14 Weeks,Advanced,"Dumbbells, Barbell, Machines, Bands",6,Legs and Glutes - High Frequency,,1,Microcycle Week 4,Training for Week 4,4,Friday - Abs,Friday,,,Incline sit ups,"Curl up slowly, blow air out, force contraction.",4,,"to failure, to failure, to failure, to failure",,,,,,,10,,,,
Omega Sentinel,John Meadows,An advanced 14-week bodybuilding and hypertrophy program.,14 Weeks,Advanced,"Dumbbells, Barbell, Machines, Bands",6,Legs and Glutes - High Frequency,,1,Microcycle Week 4,Training for Week 4,4,Saturday - Legs,Saturday,,,Single leg hip thrust,"Activation and start pump, 3s down, 2s hold in stretch, explosive up, 5s contracted hold. Alternate legs.",4,,"15, 15, 15, 15",15,15,,,,,9,,,,
Omega Sentinel,John Meadows,An advanced 14-week bodybuilding and hypertrophy program.,14 Weeks,Advanced,"Dumbbells, Barbell, Machines, Bands",6,Legs and Glutes - High Frequency,,1,Microcycle Week 4,Training for Week 4,4,Saturday - Legs,Saturday,,,Short Step Lunges,"Supramax pump, Sets 1-4 progressively add pumps (1, 2, 3, 4 pumps per rep).",4,,"10, 10, 10, 10",10,10,,,,,8,,,,
Omega Sentinel,John Meadows,An advanced 14-week bodybuilding and hypertrophy program.,14 Weeks,Advanced,"Dumbbells, Barbell, Machines, Bands",6,Legs and Glutes - High Frequency,,1,Microcycle Week 4,Training for Week 4,4,Saturday - Legs,Saturday,,,Pause squats,"Supramax pump, Pause for 2 seconds just above parallel.",4,,"8, 8, 8, 8",8,8,,,,,8,,,,
Omega Sentinel,John Meadows,An advanced 14-week bodybuilding and hypertrophy program.,14 Weeks,Advanced,"Dumbbells, Barbell, Machines, Bands",6,Legs and Glutes - High Frequency,,1,Microcycle Week 4,Training for Week 4,4,Saturday - Calves,Saturday,,,Seated calve raises (superset),"Supramax pump, Supersetted with Standing calve raises. 8 total sets.",4,Superset,"10, 10, 10, 10",10,10,,,,,8,,,,
Omega Sentinel,John Meadows,An advanced 14-week bodybuilding and hypertrophy program.,14 Weeks,Advanced,"Dumbbells, Barbell, Machines, Bands",6,Legs and Glutes - High Frequency,,1,Microcycle Week 4,Training for Week 4,4,Saturday - Calves,Saturday,,,Standing calve raises (superset),"Supramax pump, Supersetted with Seated calve raises. 8 total sets.",4,Superset,"6, 6, 6, 6",6,6,,,,,8,,,,
Omega Sentinel,John Meadows,An advanced 14-week bodybuilding and hypertrophy program.,14 Weeks,Advanced,"Dumbbells, Barbell, Machines, Bands",6,Back - High Frequency,,2,Microcycle Week 5,Training for Week 5,5,Monday - Back,Monday,,,Seated cable rows,"Activate and pump, Elevated position is nice, but not required.",4,,"10, 10, 10, 10",10,10,,,,,9,,,,
Omega Sentinel,John Meadows,An advanced 14-week bodybuilding and hypertrophy program.,14 Weeks,Advanced,"Dumbbells, Barbell, Machines, Bands",6,Back - High Frequency,,2,Microcycle Week 5,Training for Week 5,5,Monday - Back,Monday,,,Smith bent over row,"Train explosively, Rest pause style.",3,,"8, 8, 8",8,8,,,,,9,,,,
Omega Sentinel,John Meadows,An advanced 14-week bodybuilding and hypertrophy program.,14 Weeks,Advanced,"Dumbbells, Barbell, Machines, Bands",6,Back - High Frequency,,2,Microcycle Week 5,Training for Week 5,5,Monday - Back,Monday,,,Chest supported row,"Train muscle with a stretch emphasis, Focus on hard stretch at the bottom.",4,,"8, 8, 8, 8",8,8,,,,,9,,,,
Omega Sentinel,John Meadows,An advanced 14-week bodybuilding and hypertrophy program.,14 Weeks,Advanced,"Dumbbells, Barbell, Machines, Bands",6,Back - High Frequency,,2,Microcycle Week 5,Training for Week 5,5,Monday - Back,Monday,,,Dumbbell pullover,"Train muscle with a stretch emphasis, Give arms a break.",3,,"10, 10, 10",10,10,,,,,8,,,,
Omega Sentinel,John Meadows,An advanced 14-week bodybuilding and hypertrophy program.,14 Weeks,Advanced,"Dumbbells, Barbell, Machines, Bands",6,Back - High Frequency,,2,Microcycle Week 5,Training for Week 5,5,Monday - Abs,Monday,,,Decline leg raises,Activation and pump,4,,"10-20, 10-20, 10-20, 10-20",10,20,,,,,8,,,https://www.youtube.com/watch?v=JwQGUD1wxDg&list=PL512BBB0C927A91DC&index=10,
Omega Sentinel,John Meadows,An advanced 14-week bodybuilding and hypertrophy program.,14 Weeks,Advanced,"Dumbbells, Barbell, Machines, Bands",6,Back - High Frequency,,2,Microcycle Week 5,Training for Week 5,5,Monday - Calves,Monday,,,Standing raises,"Supramax pump, Get high on toes, finish with partials if needed.",4,,"35, 35, 35, 35",35,35,,,,,10,,,,
Omega Sentinel,John Meadows,An advanced 14-week bodybuilding and hypertrophy program.,14 Weeks,Advanced,"Dumbbells, Barbell, Machines, Bands",6,Back - High Frequency,,2,Microcycle Week 5,Training for Week 5,5,Tuesday - Chest,Tuesday,,,Incline dumbbell press,"Activation and start pump, Work up to a tough 8 reps.",3,,"8, 8, 8",8,8,,,,,8,,,,
Omega Sentinel,John Meadows,An advanced 14-week bodybuilding and hypertrophy program.,14 Weeks,Advanced,"Dumbbells, Barbell, Machines, Bands",6,Back - High Frequency,,2,Microcycle Week 5,Training for Week 5,5,Tuesday - Chest,Tuesday,,,Incline barbell press,"Train explosively, Use a small incline.",3,,"8, 8, 8",8,8,,,,,8,,,,
Omega Sentinel,John Meadows,An advanced 14-week bodybuilding and hypertrophy program.,14 Weeks,Advanced,"Dumbbells, Barbell, Machines, Bands",6,Back - High Frequency,,2,Microcycle Week 5,Training for Week 5,5,Tuesday - Chest,Tuesday,,,Machine/assisted dips (superset),"Train muscle with stretch emphasis, Supersetted with machine/dumbbell flyes. 8 total sets.",4,Superset,"8, 8, 8, 8",8,8,,,,,9,,,,
Omega Sentinel,John Meadows,An advanced 14-week bodybuilding and hypertrophy program.,14 Weeks,Advanced,"Dumbbells, Barbell, Machines, Bands",6,Back - High Frequency,,2,Microcycle Week 5,Training for Week 5,5,Tuesday - Chest,Tuesday,,,Machine flyes (superset),"Train muscle with stretch emphasis, Supersetted with machine/assisted dips. 8 total sets.",4,Superset,"8-10, 8-10, 8-10, 8-10",8,10,,,,,9,,,,
Omega Sentinel,John Meadows,An advanced 14-week bodybuilding and hypertrophy program.,14 Weeks,Advanced,"Dumbbells, Barbell, Machines, Bands",6,Back - High Frequency,,2,Microcycle Week 5,Training for Week 5,5,Tuesday - Triceps,Tuesday,,,Pushdowns,"Supramax pump, 60-second breaks.",5,,"20, 20, 20, 20, 20",20,20,,,,,9,,,,
Omega Sentinel,John Meadows,An advanced 14-week bodybuilding and hypertrophy program.,14 Weeks,Advanced,"Dumbbells, Barbell, Machines, Bands",6,Back - High Frequency,,2,Microcycle Week 5,Training for Week 5,5,Tuesday - Triceps,Tuesday,,,Lying extensions/skullcrushers,"Supramax pump, Get the bar behind your head for a massive stretch.",4,,"8, 8, 8, 8",8,8,,,,,9,,,,
Omega Sentinel,John Meadows,An advanced 14-week bodybuilding and hypertrophy program.,14 Weeks,Advanced,"Dumbbells, Barbell, Machines, Bands",6,Back - High Frequency,,2,Microcycle Week 5,Training for Week 5,5,Tuesday - Abs,Tuesday,,,Rope crunch,Stretch and pump,4,,"to failure, to failure, to failure, to failure",,,,,,,9,,,https://www.youtube.com/watch?v=ZHSef-SDrH4&index=3&list=PL512BBB0C927A91DC,
Omega Sentinel,John Meadows,An advanced 14-week bodybuilding and hypertrophy program.,14 Weeks,Advanced,"Dumbbells, Barbell, Machines, Bands",6,Back - High Frequency,,2,Microcycle Week 5,Training for Week 5,5,Tuesday - Calves,Tuesday,,,Seated calf raises,"Supramax pump, Sit in the stretch for 4 seconds on each rep.",4,,"25, 25, 25, 25",25,25,,,,,10,,,,
Omega Sentinel,John Meadows,An advanced 14-week bodybuilding and hypertrophy program.,14 Weeks,Advanced,"Dumbbells, Barbell, Machines, Bands",6,Back - High Frequency,,2,Microcycle Week 5,Training for Week 5,5,Wednesday - Shoulders,Wednesday,,,Reverse peck deck,"Activation and pump, 10-second isohold after last rep on all 3 sets, midrange position.",3,,"30, 30, 30",30,30,,,,,12,,,,
Omega Sentinel,John Meadows,An advanced 14-week bodybuilding and hypertrophy program.,14 Weeks,Advanced,"Dumbbells, Barbell, Machines, Bands",6,Back - High Frequency,,2,Microcycle Week 5,Training for Week 5,5,Wednesday - Shoulders,Wednesday,,,Standing side laterals,"Supramax pump, Sets of 15, 12, 10, and 8, increasing weight each set.",4,Pyramid,"15, 12, 10, 8",8,15,,,,,9,,,,
Omega Sentinel,John Meadows,An advanced 14-week bodybuilding and hypertrophy program.,14 Weeks,Advanced,"Dumbbells, Barbell, Machines, Bands",6,Back - High Frequency,,2,Microcycle Week 5,Training for Week 5,5,Wednesday - Shoulders,Wednesday,,,Spidercrawls,"Supramax pump, Up above head, down to waistline, 3 times for 1 set.",3,,"3 times up/down, 3 times up/down, 3 times up/down",,,,,,,9,,,https://www.youtube.com/watch?v=LOd1lSnTCFg&list=PL2F8A4BD406176C34&index=22,
Omega Sentinel,John Meadows,An advanced 14-week bodybuilding and hypertrophy program.,14 Weeks,Advanced,"Dumbbells, Barbell, Machines, Bands",6,Back - High Frequency,,2,Microcycle Week 5,Training for Week 5,5,Wednesday - Abs,Wednesday,,,Decline leg raises,Activation and pump,6,,"10-20, 10-20, 10-20, 10-20, 10-20, 10-20",10,20,,,,,8,,,https://www.youtube.com/watch?v=JwQGUD1wxDg&list=PL512BBB0C927A91DC&index=10,
Omega Sentinel,John Meadows,An advanced 14-week bodybuilding and hypertrophy program.,14 Weeks,Advanced,"Dumbbells, Barbell, Machines, Bands",6,Back - High Frequency,,2,Microcycle Week 5,Training for Week 5,5,Wednesday - Calves,Wednesday,,,Standing raises,"Supramax pump, Pause and squeeze for 8 seconds at the top of each rep.",4,,"8, 8, 8, 8",8,8,,,,,10,,,,
Omega Sentinel,John Meadows,An advanced 14-week bodybuilding and hypertrophy program.,14 Weeks,Advanced,"Dumbbells, Barbell, Machines, Bands",6,Back - High Frequency,,2,Microcycle Week 5,Training for Week 5,5,Thursday - Back,Thursday,,,One arm supinated pull-downs,"Activate and pump, Hold contraction at the bottom for 1 second, squeeze hard.",4,,"10, 10, 10, 10",10,10,,,,,9,,,,
Omega Sentinel,John Meadows,An advanced 14-week bodybuilding and hypertrophy program.,14 Weeks,Advanced,"Dumbbells, Barbell, Machines, Bands",6,Back - High Frequency,,2,Microcycle Week 5,Training for Week 5,5,Thursday - Back,Thursday,,,Stretchers,"Train muscle with a stretch emphasis, Dip head down, let arms straighten for an insane stretch.",4,,"8, 8, 8, 8",8,8,,,,,9,,,https://www.youtube.com/watch?v=-hWBCW8V_U0&list=PLA808445EA052D63A&index=2,
Omega Sentinel,John Meadows,An advanced 14-week bodybuilding and hypertrophy program.,14 Weeks,Advanced,"Dumbbells, Barbell, Machines, Bands",6,Back - High Frequency,,2,Microcycle Week 5,Training for Week 5,5,Thursday - Back,Thursday,,,Barbell shrugs,"Supramax pump, Leave a few reps in the tank, 2-second contraction hold.",4,,"8, 8, 8, 8",8,8,,,,,8,,,,
Omega Sentinel,John Meadows,An advanced 14-week bodybuilding and hypertrophy program.,14 Weeks,Advanced,"Dumbbells, Barbell, Machines, Bands",6,Back - High Frequency,,2,Microcycle Week 5,Training for Week 5,5,Thursday - Calves,Thursday,,,Standing calve raises,"Stretch and pump, Work the stretch hard at the bottom.",5,,"10 full, 10 partials, 10 full, 10 partials, 10 full, 10 partials, 10 full, 10 partials, 10 full, 10 partials",,,,,,,10,,,,
Omega Sentinel,John Meadows,An advanced 14-week bodybuilding and hypertrophy program.,14 Weeks,Advanced,"Dumbbells, Barbell, Machines, Bands",6,Back - High Frequency,,2,Microcycle Week 5,Training for Week 5,5,Thursday - Abs,Thursday,,,Leg raises,"Activation and pump, Simple leg raises, to failure.",4,,"to failure, to failure, to failure, to failure",,,,,,,9,,,,
Omega Sentinel,John Meadows,An advanced 14-week bodybuilding and hypertrophy program.,14 Weeks,Advanced,"Dumbbells, Barbell, Machines, Bands",6,Back - High Frequency,,2,Microcycle Week 5,Training for Week 5,5,Friday - Legs,Friday,,,Seated leg curls,"Activation and start pump, 3 continuous tension sets of 12. Set 4: 10 reps (3s negative), drop, 8 reps, drop, 8 reps.",4,Drop Set,"12, 12, 12, 10, 8, 8",8,12,,,,,8,,,,
Omega Sentinel,John Meadows,An advanced 14-week bodybuilding and hypertrophy program.,14 Weeks,Advanced,"Dumbbells, Barbell, Machines, Bands",6,Back - High Frequency,,2,Microcycle Week 5,Training for Week 5,5,Friday - Legs,Friday,,,Leg press,"Train explosively and supramax pump, Set 1-2: 8 reps (3s negative). Set 3: 8 reps, drop, 8 reps, drop, 8 reps, then 15 partials.",3,Drop Set,"8, 8, 8",8,8,,,,,10,,,,
Omega Sentinel,John Meadows,An advanced 14-week bodybuilding and hypertrophy program.,14 Weeks,Advanced,"Dumbbells, Barbell, Machines, Bands",6,Back - High Frequency,,2,Microcycle Week 5,Training for Week 5,5,Friday - Legs,Friday,,,Cable Belt Squat March,"Supramax pump, March in place for 2 minutes with a cable attached to a belt.",3,,"2 minutes, 2 minutes, 2 minutes",,,,,,,9,,,https://www.youtube.com/watch?v=PtshjV56huM,
Omega Sentinel,John Meadows,An advanced 14-week bodybuilding and hypertrophy program.,14 Weeks,Advanced,"Dumbbells, Barbell, Machines, Bands",6,Back - High Frequency,,2,Microcycle Week 5,Training for Week 5,5,Friday - Legs,Friday,,,Glute Extensions,"Supramax pump and working muscle from stretched position, Sets 1-3: 15 reps. Set 2-3: drop weight, 10 reps without weight.",3,Drop Set,"15, 15, 15",15,15,,,,,9,,,,
Omega Sentinel,John Meadows,An advanced 14-week bodybuilding and hypertrophy program.,14 Weeks,Advanced,"Dumbbells, Barbell, Machines, Bands",6,Back - High Frequency,,2,Microcycle Week 5,Training for Week 5,5,Friday - Abs,Friday,,,Incline sit ups,"Curl up slowly, blow air out, force contraction.",4,,"to failure, to failure, to failure, to failure",,,,,,,10,,,,
Omega Sentinel,John Meadows,An advanced 14-week bodybuilding and hypertrophy program.,14 Weeks,Advanced,"Dumbbells, Barbell, Machines, Bands",6,Back - High Frequency,,2,Microcycle Week 5,Training for Week 5,5,Saturday - Back,Saturday,,,Chest supported row,"Activation and start pump, Neutral grip, focus on lower lats.",4,,"10, 10, 10, 10",10,10,,,,,9,,,,
Omega Sentinel,John Meadows,An advanced 14-week bodybuilding and hypertrophy program.,14 Weeks,Advanced,"Dumbbells, Barbell, Machines, Bands",6,Back - High Frequency,,2,Microcycle Week 5,Training for Week 5,5,Saturday - Back,Saturday,,,Dumbbell pullovers,"Train muscle with a stretch emphasis, Stretch the lats out.",4,,"10, 10, 10, 10",10,10,,,,,8,,,,
Omega Sentinel,John Meadows,An advanced 14-week bodybuilding and hypertrophy program.,14 Weeks,Advanced,"Dumbbells, Barbell, Machines, Bands",6,Back - High Frequency,,2,Microcycle Week 5,Training for Week 5,5,Saturday - Back,Saturday,,,Chins,"Supramax pump, Use assist machine, neutral grip.",4,,"8, 8, 8, 8",8,8,,,,,10,,,,
Omega Sentinel,John Meadows,An advanced 14-week bodybuilding and hypertrophy program.,14 Weeks,Advanced,"Dumbbells, Barbell, Machines, Bands",6,Back - High Frequency,,2,Microcycle Week 5,Training for Week 5,5,Saturday - Biceps,Saturday,,,Preacher curls,"Supramax pump, Since biceps are warm, can do these first.",4,,"8, 8, 8, 8",8,8,,,,,9,,,,
Omega Sentinel,John Meadows,An advanced 14-week bodybuilding and hypertrophy program.,14 Weeks,Advanced,"Dumbbells, Barbell, Machines, Bands",6,Back - High Frequency,,2,Microcycle Week 5,Training for Week 5,5,Saturday - Biceps,Saturday,,,Hammer curl,"Supramax pump, Hard squeeze at the top of each rep.",4,,"12, 12, 12, 12",12,12,,,,,9,,,,
Omega Sentinel,John Meadows,An advanced 14-week bodybuilding and hypertrophy program.,14 Weeks,Advanced,"Dumbbells, Barbell, Machines, Bands",6,Back - High Frequency,,2,Microcycle Week 5,Training for Week 5,5,Saturday - Calves,Saturday,,,Seated calve raises (superset),"Supramax pump, Supersetted with Standing calve raises. 8 total sets.",4,Superset,"10, 10, 10, 10",10,10,,,,,8,,,,
Omega Sentinel,John Meadows,An advanced 14-week bodybuilding and hypertrophy program.,14 Weeks,Advanced,"Dumbbells, Barbell, Machines, Bands",6,Back - High Frequency,,2,Microcycle Week 5,Training for Week 5,5,Saturday - Calves,Saturday,,,Standing calve raises (superset),"Supramax pump, Supersetted with Seated calve raises. 8 total sets.",4,Superset,"6, 6, 6, 6",6,6,,,,,8,,,,
Omega Sentinel,John Meadows,An advanced 14-week bodybuilding and hypertrophy program.,14 Weeks,Advanced,"Dumbbells, Barbell, Machines, Bands",6,Back - High Frequency,,2,Microcycle Week 6,Training for Week 6,6,Monday - Back,Monday,,,One-arm barbell rows,"Activation and start pump, Keep hip high on rowing side for a good stretch.",4,,"10, 10, 10, 10",10,10,,,,,9,,,,
Omega Sentinel,John Meadows,An advanced 14-week bodybuilding and hypertrophy program.,14 Weeks,Advanced,"Dumbbells, Barbell, Machines, Bands",6,Back - High Frequency,,2,Microcycle Week 6,Training for Week 6,6,Monday - Back,Monday,,,Smith bent over row,"Train explosively, Rest-pause technique. Beat last week's weight.",4,,"8, 8, 8, 8",8,8,,,,,9,,,,
Omega Sentinel,John Meadows,An advanced 14-week bodybuilding and hypertrophy program.,14 Weeks,Advanced,"Dumbbells, Barbell, Machines, Bands",6,Back - High Frequency,,2,Microcycle Week 6,Training for Week 6,6,Monday - Back,Monday,,,Straight arm pulldown,"Supramax pump, Give arms a break, use a rope if you like.",3,,"10, 10, 10",10,10,,,,,9,,,,
Omega Sentinel,John Meadows,An advanced 14-week bodybuilding and hypertrophy program.,14 Weeks,Advanced,"Dumbbells, Barbell, Machines, Bands",6,Back - High Frequency,,2,Microcycle Week 6,Training for Week 6,6,Monday - Back,Monday,,,Rack pulls,"Train explosively, Set pins at mid-shin. Do doubles to get to a tough 5.",3,,"5, 5, 5",5,5,,,,,9,,,,
Omega Sentinel,John Meadows,An advanced 14-week bodybuilding and hypertrophy program.,14 Weeks,Advanced,"Dumbbells, Barbell, Machines, Bands",6,Back - High Frequency,,2,Microcycle Week 6,Training for Week 6,6,Monday - Abs,Monday,,Superset,Ab combination #1,A hanging leg raise and incline sit up combo. 4 rounds.,8,,N/A,,,,,,,8,,,,
Omega Sentinel,John Meadows,An advanced 14-week bodybuilding and hypertrophy program.,14 Weeks,Advanced,"Dumbbells, Barbell, Machines, Bands",6,Back - High Frequency,,2,Microcycle Week 6,Training for Week 6,6,Monday - Calves,Monday,,,Calve program #1,Supramax pump,4,,"10 full, 10 half, 10 sec stretch, 10 full, 10 half, 10 sec stretch, 10 full, 10 half, 10 sec stretch, 10 full, 10 half, 10 sec stretch",,,,,,,10,,,https://www.youtube.com/watch?v=Qhdlw51Xjsc&index=68&list=PLD5A37C01FC6D4C0D,
Omega Sentinel,John Meadows,An advanced 14-week bodybuilding and hypertrophy program.,14 Weeks,Advanced,"Dumbbells, Barbell, Machines, Bands",6,Back - High Frequency,,2,Microcycle Week 6,Training for Week 6,6,Tuesday - Chest,Tuesday,,,Decline dumbbell press,"Activation and start pump, Slight decline, work up to a tough 8 reps.",3,,"8, 8, 8",8,8,,,,,8,,,,
Omega Sentinel,John Meadows,An advanced 14-week bodybuilding and hypertrophy program.,14 Weeks,Advanced,"Dumbbells, Barbell, Machines, Bands",6,Back - High Frequency,,2,Microcycle Week 6,Training for Week 6,6,Tuesday - Chest,Tuesday,,,Incline barbell press,"Train explosively, Try to beat last week's reps, 3 sets.",3,,"9-10, 9-10, 9-10",9,10,,,,,10,,,,
Omega Sentinel,John Meadows,An advanced 14-week bodybuilding and hypertrophy program.,14 Weeks,Advanced,"Dumbbells, Barbell, Machines, Bands",6,Back - High Frequency,,2,Microcycle Week 6,Training for Week 6,6,Tuesday - Chest,Tuesday,,,Machine flyes,"Train muscle with stretch emphasis, 25 reps, then sit in the stretch for 30 seconds.",3,,"25, 25, 25",25,25,,,,,11,,,,
Omega Sentinel,John Meadows,An advanced 14-week bodybuilding and hypertrophy program.,14 Weeks,Advanced,"Dumbbells, Barbell, Machines, Bands",6,Back - High Frequency,,2,Microcycle Week 6,Training for Week 6,6,Tuesday - Triceps,Tuesday,,,Rope pushdowns,"Supramax pump, Nice and slow, flexing hard at the bottom.",4,,"8, 8, 8, 8",8,8,,,,,9,,,,
Omega Sentinel,John Meadows,An advanced 14-week bodybuilding and hypertrophy program.,14 Weeks,Advanced,"Dumbbells, Barbell, Machines, Bands",6,Back - High Frequency,,2,Microcycle Week 6,Training for Week 6,6,Tuesday - Triceps,Tuesday,,,Dips,"Supramax pump, Use assist machine.",4,,"8, 8, 8, 8",8,8,,,,,9,,,,
Omega Sentinel,John Meadows,An advanced 14-week bodybuilding and hypertrophy program.,14 Weeks,Advanced,"Dumbbells, Barbell, Machines, Bands",6,Back - High Frequency,,2,Microcycle Week 6,Training for Week 6,6,Tuesday - Triceps,Tuesday,,,Incline lying extensions/skullcrushers,"Supramax pump, Lay back on an incline, get a massive stretch.",4,,"8, 8, 8, 8",8,8,,,,,9,,,,
Omega Sentinel,John Meadows,An advanced 14-week bodybuilding and hypertrophy program.,14 Weeks,Advanced,"Dumbbells, Barbell, Machines, Bands",6,Back - High Frequency,,2,Microcycle Week 6,Training for Week 6,6,Tuesday - Abs,Tuesday,,Superset,Ab combination #2,A hanging leg raise and a rope crunch combo. 4 rounds.,8,,"N/A, N/A, N/A, N/A, N/A, N/A, N/A, N/A",,,,,,,9,,,,
Omega Sentinel,John Meadows,An advanced 14-week bodybuilding and hypertrophy program.,14 Weeks,Advanced,"Dumbbells, Barbell, Machines, Bands",6,Back - High Frequency,,2,Microcycle Week 6,Training for Week 6,6,Tuesday - Calves,Tuesday,,,Calve program #4,"Supramax pump, 10 reps, 10s top hold, repeat 2 more times.",4,,"10, 10, 10, 10",10,10,,,,,10,,,,
Omega Sentinel,John Meadows,An advanced 14-week bodybuilding and hypertrophy program.,14 Weeks,Advanced,"Dumbbells, Barbell, Machines, Bands",6,Back - High Frequency,,2,Microcycle Week 6,Training for Week 6,6,Wednesday - Shoulders,Wednesday,,,Machine side laterals,"Activation and pump, Partner pushes down on eccentric for increased load.",4,,"8, 8, 8, 8",8,8,,,,,11,,,,
Omega Sentinel,John Meadows,An advanced 14-week bodybuilding and hypertrophy program.,14 Weeks,Advanced,"Dumbbells, Barbell, Machines, Bands",6,Back - High Frequency,,2,Microcycle Week 6,Training for Week 6,6,Wednesday - Shoulders,Wednesday,,,Bent over rear delt swings,"Supramax pump, Let arms hang, swing the weight, it's going to hurt.",4,,"20, 20, 20, 20",20,20,,,,,9,,,,
Omega Sentinel,John Meadows,An advanced 14-week bodybuilding and hypertrophy program.,14 Weeks,Advanced,"Dumbbells, Barbell, Machines, Bands",6,Back - High Frequency,,2,Microcycle Week 6,Training for Week 6,6,Wednesday - Shoulders,Wednesday,,,Spidercrawls,"Supramax pump, Up above head, down to waistline, 3 times for 1 set.",3,,"3 times up/down, 3 times up/down, 3 times up/down",,,,,,,9,,,,
Omega Sentinel,John Meadows,An advanced 14-week bodybuilding and hypertrophy program.,14 Weeks,Advanced,"Dumbbells, Barbell, Machines, Bands",6,Back - High Frequency,,2,Microcycle Week 6,Training for Week 6,6,Wednesday - Abs,Wednesday,,Superset,Ab combination #3,A rope crunch and a pulldown crunch combo. 4 rounds.,8,,"N/A, N/A, N/A, N/A, N/A, N/A, N/A, N/A",,,,,,,9,,,,
Omega Sentinel,John Meadows,An advanced 14-week bodybuilding and hypertrophy program.,14 Weeks,Advanced,"Dumbbells, Barbell, Machines, Bands",6,Back - High Frequency,,2,Microcycle Week 6,Training for Week 6,6,Wednesday - Calves,Wednesday,,,Seated raises,"Supramax pump, Pause and squeeze at the top for 8 seconds, long painful sets.",4,,"15, 15, 15, 15",15,15,,,,,10,,,,
Omega Sentinel,John Meadows,An advanced 14-week bodybuilding and hypertrophy program.,14 Weeks,Advanced,"Dumbbells, Barbell, Machines, Bands",6,Back - High Frequency,,2,Microcycle Week 6,Training for Week 6,6,Thursday - Back,Thursday,,,Neutral grip pulldowns,"Activate and pump, Medium width, hold squeeze for half a second at bottom.",4,,"10, 10, 10, 10",10,10,,,,,9,,,,
Omega Sentinel,John Meadows,An advanced 14-week bodybuilding and hypertrophy program.,14 Weeks,Advanced,"Dumbbells, Barbell, Machines, Bands",6,Back - High Frequency,,2,Microcycle Week 6,Training for Week 6,6,Thursday - Back,Thursday,,,Scapulae stretch pulldowns,"Train muscle with a stretch emphasis, Very heavy, pull to top of head only.",4,,"8, 8, 8, 8",8,8,,,,,10,,,,
Omega Sentinel,John Meadows,An advanced 14-week bodybuilding and hypertrophy program.,14 Weeks,Advanced,"Dumbbells, Barbell, Machines, Bands",6,Back - High Frequency,,2,Microcycle Week 6,Training for Week 6,6,Thursday - Back,Thursday,,,Face pulls,"Supramax pump, More like a chest pull, hold contraction for 1 second.",4,,"15, 15, 15, 15",15,15,,,,,8,,,,
Omega Sentinel,John Meadows,An advanced 14-week bodybuilding and hypertrophy program.,14 Weeks,Advanced,"Dumbbells, Barbell, Machines, Bands",6,Back - High Frequency,,2,Microcycle Week 6,Training for Week 6,6,Thursday - Calves,Thursday,,,Standing calve raises,"Stretch and pump, 1 set of 100 reps, stop as needed, but no more than 10s rest.",1,,100,100,100,,,,,12,,,,
Omega Sentinel,John Meadows,An advanced 14-week bodybuilding and hypertrophy program.,14 Weeks,Advanced,"Dumbbells, Barbell, Machines, Bands",6,Back - High Frequency,,2,Microcycle Week 6,Training for Week 6,6,Thursday - Abs,Thursday,,,Decline bench leg raise,Activation and pump.,3,,"to failure, to failure, to failure",,,,,,,9,,,,
Omega Sentinel,John Meadows,An advanced 14-week bodybuilding and hypertrophy program.,14 Weeks,Advanced,"Dumbbells, Barbell, Machines, Bands",6,Back - High Frequency,,2,Microcycle Week 6,Training for Week 6,6,Friday - Legs,Friday,,,Alternating Single Leg Lying leg curls,"Activation and start pump, Partner gives added eccentric resistance.",4,,"8, 8, 8, 8",8,8,,,,,11,,,,
Omega Sentinel,John Meadows,An advanced 14-week bodybuilding and hypertrophy program.,14 Weeks,Advanced,"Dumbbells, Barbell, Machines, Bands",6,Back - High Frequency,,2,Microcycle Week 6,Training for Week 6,6,Friday - Legs,Friday,,,Leg press,"Supramax pump, Sets of 10 up to max weight (3 sets), then 2 heavy sets of 8.",5,,"10, 10, 10, 8, 8",8,10,,,,,10,,,,
Omega Sentinel,John Meadows,An advanced 14-week bodybuilding and hypertrophy program.,14 Weeks,Advanced,"Dumbbells, Barbell, Machines, Bands",6,Back - High Frequency,,2,Microcycle Week 6,Training for Week 6,6,Friday - Legs,Friday,,,Barbell squats,"Supramax pump, Use a safety squat bar if available.",4,,"10, 10, 10, 10",10,10,,,,,9,,,,
Omega Sentinel,John Meadows,An advanced 14-week bodybuilding and hypertrophy program.,14 Weeks,Advanced,"Dumbbells, Barbell, Machines, Bands",6,Back - High Frequency,,2,Microcycle Week 6,Training for Week 6,6,Friday - Legs,Friday,,,Glute Extensions,"Supramax pump and working muscle from stretched position, Sets 1-3: 15 reps. Set 2-3: drop weight, 10 reps without weight.",3,Drop Set,"15, 15, 15",15,15,,,,,9,,,,
Omega Sentinel,John Meadows,An advanced 14-week bodybuilding and hypertrophy program.,14 Weeks,Advanced,"Dumbbells, Barbell, Machines, Bands",6,Back - High Frequency,,2,Microcycle Week 6,Training for Week 6,6,Friday - Abs,Friday,,Superset,Ab combination #4,"A leg raise, rope crunch, and incline sit-up combo. 3 rounds.",9,,"N/A, N/A, N/A, N/A, N/A, N/A, N/A, N/A, N/A",,,,,,,10,,,,
Omega Sentinel,John Meadows,An advanced 14-week bodybuilding and hypertrophy program.,14 Weeks,Advanced,"Dumbbells, Barbell, Machines, Bands",6,Back - High Frequency,,2,Microcycle Week 6,Training for Week 6,6,Saturday - Back,Saturday,,,Neutral grip chins,"Activation and start pump, Use assist machine if needed, drive elbows down hard.",4,,"8, 8, 8, 8",8,8,,,,,8,,,,
Omega Sentinel,John Meadows,An advanced 14-week bodybuilding and hypertrophy program.,14 Weeks,Advanced,"Dumbbells, Barbell, Machines, Bands",6,Back - High Frequency,,2,Microcycle Week 6,Training for Week 6,6,Saturday - Back,Saturday,,,Chest supported row,"Supramax pump, Pronated grip, medium width, full range of motion.",4,,"10, 10, 10, 10",10,10,,,,,9,,,,
Omega Sentinel,John Meadows,An advanced 14-week bodybuilding and hypertrophy program.,14 Weeks,Advanced,"Dumbbells, Barbell, Machines, Bands",6,Back - High Frequency,,2,Microcycle Week 6,Training for Week 6,6,Saturday - Back,Saturday,,,Seated dumbbell shrugs,"Supramax pump, Do these seated.",4,,"15, 15, 15, 15",15,15,,,,,9,,,,
Omega Sentinel,John Meadows,An advanced 14-week bodybuilding and hypertrophy program.,14 Weeks,Advanced,"Dumbbells, Barbell, Machines, Bands",6,Back - High Frequency,,2,Microcycle Week 6,Training for Week 6,6,Saturday - Biceps,Saturday,,,Reverse curls,"Supramax pump, Crush forearms.",4,,"12, 12, 12, 12",12,12,,,,,9,,,,
Omega Sentinel,John Meadows,An advanced 14-week bodybuilding and hypertrophy program.,14 Weeks,Advanced,"Dumbbells, Barbell, Machines, Bands",6,Back - High Frequency,,2,Microcycle Week 6,Training for Week 6,6,Saturday - Biceps,Saturday,,,Barbell curl,"Supramax pump, 4 sets of 1, very heavy.",4,,"1, 1, 1, 1",1,1,,,,,10,,,,
Omega Sentinel,John Meadows,An advanced 14-week bodybuilding and hypertrophy program.,14 Weeks,Advanced,"Dumbbells, Barbell, Machines, Bands",6,Back - High Frequency,,2,Microcycle Week 6,Training for Week 6,6,Saturday - Calves,Saturday,,,Calve program #1,Supramax pump,4,,"10 full, 10 half, 10 sec stretch, 10 full, 10 half, 10 sec stretch, 10 full, 10 half, 10 sec stretch, 10 full, 10 half, 10 sec stretch",,,,,,,10,,,https://www.youtube.com/watch?v=Qhdlw51Xjsc&index=68&list=PLD5A37C01FC6D4C0D,
Omega Sentinel,John Meadows,An advanced 14-week bodybuilding and hypertrophy program.,14 Weeks,Advanced,"Dumbbells, Barbell, Machines, Bands",6,Back - High Frequency,,2,Microcycle Week 7,Training for Week 7,7,Monday - Back,Monday,,,Neutral grip chins,"Activation and start pump, Keep some bend in elbows, don't get a full stretch.",4,,"10, 10, 10, 10",10,10,,,,,9,,,,
Omega Sentinel,John Meadows,An advanced 14-week bodybuilding and hypertrophy program.,14 Weeks,Advanced,"Dumbbells, Barbell, Machines, Bands",6,Back - High Frequency,,2,Microcycle Week 7,Training for Week 7,7,Monday - Back,Monday,,,Dumbbell deadstop row,"Train explosively, Drive elbow up hard, engage lats.",4,,"8, 8, 8, 8",8,8,,,,,9,,,,
Omega Sentinel,John Meadows,An advanced 14-week bodybuilding and hypertrophy program.,14 Weeks,Advanced,"Dumbbells, Barbell, Machines, Bands",6,Back - High Frequency,,2,Microcycle Week 7,Training for Week 7,7,Monday - Back,Monday,,,Pulldown with a stretch,"Train muscle with a stretch emphasis, Partner provides force on stretch only.",4,,"8, 8, 8, 8",8,8,,,,,9,,,,
Omega Sentinel,John Meadows,An advanced 14-week bodybuilding and hypertrophy program.,14 Weeks,Advanced,"Dumbbells, Barbell, Machines, Bands",6,Back - High Frequency,,2,Microcycle Week 7,Training for Week 7,7,Monday - Back,Monday,,,Hyperextensions,"Supramax pump, Use a band.",3,,"10, 10, 10",10,10,,,,,9,,,,
Omega Sentinel,John Meadows,An advanced 14-week bodybuilding and hypertrophy program.,14 Weeks,Advanced,"Dumbbells, Barbell, Machines, Bands",6,Back - High Frequency,,2,Microcycle Week 7,Training for Week 7,7,Monday - Abs,Monday,,Superset,Ab combination #1,A hanging leg raise and incline sit up combo. 4 rounds.,8,,"N/A, N/A, N/A, N/A, N/A, N/A, N/A, N/A",,,,,,,8,,,,
Omega Sentinel,John Meadows,An advanced 14-week bodybuilding and hypertrophy program.,14 Weeks,Advanced,"Dumbbells, Barbell, Machines, Bands",6,Back - High Frequency,,2,Microcycle Week 7,Training for Week 7,7,Monday - Calves,Monday,,,Calve program #1,Supramax pump,4,,"10 full, 10 half, 10 sec stretch, 10 full, 10 half, 10 sec stretch, 10 full, 10 half, 10 sec stretch, 10 full, 10 half, 10 sec stretch",,,,,,,10,,,https://www.youtube.com/watch?v=Qhdlw51Xjsc&index=68&list=PLD5A37C01FC6D4C0D,
Omega Sentinel,John Meadows,An advanced 14-week bodybuilding and hypertrophy program.,14 Weeks,Advanced,"Dumbbells, Barbell, Machines, Bands",6,Back - High Frequency,,2,Microcycle Week 7,Training for Week 7,7,Tuesday - Chest,Tuesday,,,Incline dumbbell press,"Activation and start pump, Work up to a tough 8 reps.",3,,"8, 8, 8",8,8,,,,,8,,,,
Omega Sentinel,John Meadows,An advanced 14-week bodybuilding and hypertrophy program.,14 Weeks,Advanced,"Dumbbells, Barbell, Machines, Bands",6,Back - High Frequency,,2,Microcycle Week 7,Training for Week 7,7,Tuesday - Chest,Tuesday,,,Incline barbell press,"Train explosively, Hit some unusually high reps this week.",4,,"12, 12, 12, 12",12,12,,,,,10,,,,
Omega Sentinel,John Meadows,An advanced 14-week bodybuilding and hypertrophy program.,14 Weeks,Advanced,"Dumbbells, Barbell, Machines, Bands",6,Back - High Frequency,,2,Microcycle Week 7,Training for Week 7,7,Tuesday - Chest,Tuesday,,,Incline flyes,"Train muscle with stretch emphasis, Pronated grip.",4,,"8, 8, 8, 8",8,8,,,,,9,,,,
Omega Sentinel,John Meadows,An advanced 14-week bodybuilding and hypertrophy program.,14 Weeks,Advanced,"Dumbbells, Barbell, Machines, Bands",6,Back - High Frequency,,2,Microcycle Week 7,Training for Week 7,7,Tuesday - Triceps,Tuesday,,,Reverse grip pushdowns,"Supramax pump, Use individual handles.",4,,"15, 15, 15, 15",15,15,,,,,9,,,,
Omega Sentinel,John Meadows,An advanced 14-week bodybuilding and hypertrophy program.,14 Weeks,Advanced,"Dumbbells, Barbell, Machines, Bands",6,Back - High Frequency,,2,Microcycle Week 7,Training for Week 7,7,Tuesday - Triceps,Tuesday,,,Tate press,"Supramax pump, Use dumbbells or kettlebells.",4,,"10, 10, 10, 10",10,10,,,,,9,,,,
Omega Sentinel,John Meadows,An advanced 14-week bodybuilding and hypertrophy program.,14 Weeks,Advanced,"Dumbbells, Barbell, Machines, Bands",6,Back - High Frequency,,2,Microcycle Week 7,Training for Week 7,7,Tuesday - Triceps,Tuesday,,,Decline lying extensions/skullcrushers,"Supramax pump, Focus on stretch.",2,,"15, 15",15,15,,,,,9,,,,
Omega Sentinel,John Meadows,An advanced 14-week bodybuilding and hypertrophy program.,14 Weeks,Advanced,"Dumbbells, Barbell, Machines, Bands",6,Back - High Frequency,,2,Microcycle Week 7,Training for Week 7,7,Tuesday - Abs,Tuesday,,Superset,Ab combination #2,A hanging leg raise and a rope crunch combo. 4 rounds.,8,,"N/A, N/A, N/A, N/A, N/A, N/A, N/A, N/A",,,,,,,9,,,,
Omega Sentinel,John Meadows,An advanced 14-week bodybuilding and hypertrophy program.,14 Weeks,Advanced,"Dumbbells, Barbell, Machines, Bands",6,Back - High Frequency,,2,Microcycle Week 7,Training for Week 7,7,Tuesday - Calves,Tuesday,,,Calve program #4,"Supramax pump, 10 reps, 10s top hold, repeat 2 more times.",4,,"10, 10, 10, 10",10,10,,,,,10,,,,
Omega Sentinel,John Meadows,An advanced 14-week bodybuilding and hypertrophy program.,14 Weeks,Advanced,"Dumbbells, Barbell, Machines, Bands",6,Back - High Frequency,,2,Microcycle Week 7,Training for Week 7,7,Wednesday - Shoulders,Wednesday,,,Machine rear laterals,"Activation and pump, Hold and flex for a second in the contracted position.",5,,"15, 15, 15, 15, 15",15,15,,,,,9,,,,
Omega Sentinel,John Meadows,An advanced 14-week bodybuilding and hypertrophy program.,14 Weeks,Advanced,"Dumbbells, Barbell, Machines, Bands",6,Back - High Frequency,,2,Microcycle Week 7,Training for Week 7,7,Wednesday - Shoulders,Wednesday,,,Overhead press (superset),"Supramax pump, Supersetted with Dumbbell side laterals for 10 total sets.",5,Superset,"8, 8, 8, 8, 8",8,8,,,,,9,,,,
Omega Sentinel,John Meadows,An advanced 14-week bodybuilding and hypertrophy program.,14 Weeks,Advanced,"Dumbbells, Barbell, Machines, Bands",6,Back - High Frequency,,2,Microcycle Week 7,Training for Week 7,7,Wednesday - Shoulders,Wednesday,,,Dumbbell side laterals (superset),"Supramax pump, Supersetted with Overhead press for 10 total sets.",5,Superset,"10, 10, 10, 10, 10",10,10,,,,,9,,,,
Omega Sentinel,John Meadows,An advanced 14-week bodybuilding and hypertrophy program.,14 Weeks,Advanced,"Dumbbells, Barbell, Machines, Bands",6,Back - High Frequency,,2,Microcycle Week 7,Training for Week 7,7,Wednesday - Abs,Wednesday,,Superset,Ab combination #3,A rope crunch and a pulldown crunch combo. 4 rounds.,8,,"N/A, N/A, N/A, N/A, N/A, N/A, N/A, N/A",,,,,,,9,,,,
Omega Sentinel,John Meadows,An advanced 14-week bodybuilding and hypertrophy program.,14 Weeks,Advanced,"Dumbbells, Barbell, Machines, Bands",6,Back - High Frequency,,2,Microcycle Week 7,Training for Week 7,7,Wednesday - Calves,Wednesday,,,Seated raises,"Supramax pump, Pause and squeeze at the top for 8 seconds, long painful sets.",4,,"15, 15, 15, 15",15,15,,,,,10,,,,
Omega Sentinel,John Meadows,An advanced 14-week bodybuilding and hypertrophy program.,14 Weeks,Advanced,"Dumbbells, Barbell, Machines, Bands",6,Back - High Frequency,,2,Microcycle Week 7,Training for Week 7,7,Thursday - Back,Thursday,,,Cable rows w/ single pulleys,"Activate and pump, Hit lower traps and rhomboids, hard squeeze.",4,,"12, 12, 12, 12",12,12,,,,,9,,,,
Omega Sentinel,John Meadows,An advanced 14-week bodybuilding and hypertrophy program.,14 Weeks,Advanced,"Dumbbells, Barbell, Machines, Bands",6,Back - High Frequency,,2,Microcycle Week 7,Training for Week 7,7,Thursday - Back,Thursday,,,Pulldowns w/ single pulleys,"Train muscle with a stretch emphasis, Do both arms at once, slow negative.",4,,"8, 8, 8, 8",8,8,,,,,9,,,,
Omega Sentinel,John Meadows,An advanced 14-week bodybuilding and hypertrophy program.,14 Weeks,Advanced,"Dumbbells, Barbell, Machines, Bands",6,Back - High Frequency,,2,Microcycle Week 7,Training for Week 7,7,Thursday - Back,Thursday,,,Rack pulls,"Supramax pump, Sets of 5, 10s rest. Mid-shin height.",8,,"5, 5, 5, 5, 5, 5, 5, 5",5,5,,,,,7,,,,
Omega Sentinel,John Meadows,An advanced 14-week bodybuilding and hypertrophy program.,14 Weeks,Advanced,"Dumbbells, Barbell, Machines, Bands",6,Back - High Frequency,,2,Microcycle Week 7,Training for Week 7,7,Thursday - Calves,Thursday,,,Standing calve raises,"Stretch and pump, 1 set of 100 reps, stop as needed, but no more than 10s rest.",1,,100,100,100,,,,,12,,,,
Omega Sentinel,John Meadows,An advanced 14-week bodybuilding and hypertrophy program.,14 Weeks,Advanced,"Dumbbells, Barbell, Machines, Bands",6,Back - High Frequency,,2,Microcycle Week 7,Training for Week 7,7,Thursday - Abs,Thursday,,,Decline bench leg raise,Activation and pump.,3,,"to failure, to failure, to failure",,,,,,,9,,,,
Omega Sentinel,John Meadows,An advanced 14-week bodybuilding and hypertrophy program.,14 Weeks,Advanced,"Dumbbells, Barbell, Machines, Bands",6,Back - High Frequency,,2,Microcycle Week 7,Training for Week 7,7,Friday - Legs,Friday,,,Alternating Single Leg Lying leg curls,"Activation and start pump, 3 hard sets of 10. Set 4: 10 reps, drop, 8 reps, drop, 8 reps, 30s isohold.",4,Drop Set,"10, 10, 10, 10",10,10,,,,,9,,,,
Omega Sentinel,John Meadows,An advanced 14-week bodybuilding and hypertrophy program.,14 Weeks,Advanced,"Dumbbells, Barbell, Machines, Bands",6,Back - High Frequency,,2,Microcycle Week 7,Training for Week 7,7,Friday - Legs,Friday,,,Leg press,"Supramax pump, Feet in strongest position, pump fast.",3,,"10, 10, 10",10,10,,,,,8,,,,
Omega Sentinel,John Meadows,An advanced 14-week bodybuilding and hypertrophy program.,14 Weeks,Advanced,"Dumbbells, Barbell, Machines, Bands",6,Back - High Frequency,,2,Microcycle Week 7,Training for Week 7,7,Friday - Legs,Friday,,,Hack squat 1.5's,"Supramax pump, Go to parallel, pause 1s, up halfway, down, up all the way. That's 1 rep.",4,,"10, 10, 10, 10",10,10,,,,,9,,,,
Omega Sentinel,John Meadows,An advanced 14-week bodybuilding and hypertrophy program.,14 Weeks,Advanced,"Dumbbells, Barbell, Machines, Bands",6,Back - High Frequency,,2,Microcycle Week 7,Training for Week 7,7,Friday - Legs,Friday,,,Leg extensions,"Supramax pump and working muscle from stretched position, Heavy, don't lock out, pump like a madman.",3,,"25, 25, 25",25,25,,,,,10,,,,
Omega Sentinel,John Meadows,An advanced 14-week bodybuilding and hypertrophy program.,14 Weeks,Advanced,"Dumbbells, Barbell, Machines, Bands",6,Back - High Frequency,,2,Microcycle Week 7,Training for Week 7,7,Friday - Abs,Friday,,Superset,Ab combination #4,"A leg raise, rope crunch, and incline sit-up combo. 3 rounds.",9,,"N/A, N/A, N/A, N/A, N/A, N/A, N/A, N/A, N/A",,,,,,,10,,,,
Omega Sentinel,John Meadows,An advanced 14-week bodybuilding and hypertrophy program.,14 Weeks,Advanced,"Dumbbells, Barbell, Machines, Bands",6,Back - High Frequency,,2,Microcycle Week 7,Training for Week 7,7,Saturday - Back,Saturday,,,Chest supported row,"Activation and start pump, Neutral grip, focus on lats.",4,,"10, 10, 10, 10",10,10,,,,,9,,,,
Omega Sentinel,John Meadows,An advanced 14-week bodybuilding and hypertrophy program.,14 Weeks,Advanced,"Dumbbells, Barbell, Machines, Bands",6,Back - High Frequency,,2,Microcycle Week 7,Training for Week 7,7,Saturday - Back,Saturday,,,Dumbbell pullovers,"Train muscle with a stretch emphasis, Stretch the lats out.",4,,"10, 10, 10, 10",10,10,,,,,8,,,,
Omega Sentinel,John Meadows,An advanced 14-week bodybuilding and hypertrophy program.,14 Weeks,Advanced,"Dumbbells, Barbell, Machines, Bands",6,Back - High Frequency,,2,Microcycle Week 7,Training for Week 7,7,Saturday - Back,Saturday,,,Dumbbell shrugs,"Supramax pump, Hold contracted position for 2 seconds.",4,,"12, 12, 12, 12",12,12,,,,,9,,,,
Omega Sentinel,John Meadows,An advanced 14-week bodybuilding and hypertrophy program.,14 Weeks,Advanced,"Dumbbells, Barbell, Machines, Bands",6,Back - High Frequency,,2,Microcycle Week 7,Training for Week 7,7,Saturday - Biceps,Saturday,,,Hammer curls,"Supramax pump, Grip dumbbells hard, pump extremely fast.",4,,"15, 15, 15, 15",15,15,,,,,9,,,,
Omega Sentinel,John Meadows,An advanced 14-week bodybuilding and hypertrophy program.,14 Weeks,Advanced,"Dumbbells, Barbell, Machines, Bands",6,Back - High Frequency,,2,Microcycle Week 7,Training for Week 7,7,Saturday - Biceps,Saturday,,,Barbell curl 1.5's,"Supramax pump, Lower all the way, up halfway, down, up all the way. That's 1 rep.",4,,"10, 10, 10, 10",10,10,,,,,10,,,,
Omega Sentinel,John Meadows,An advanced 14-week bodybuilding and hypertrophy program.,14 Weeks,Advanced,"Dumbbells, Barbell, Machines, Bands",6,Back - High Frequency,,2,Microcycle Week 7,Training for Week 7,7,Saturday - Calves,Saturday,,,Calve program #1,Supramax pump,4,,"10 full, 10 half, 10 sec stretch, 10 full, 10 half, 10 sec stretch, 10 full, 10 half, 10 sec stretch, 10 full, 10 half, 10 sec stretch",,,,,,,10,,,https://www.youtube.com/watch?v=Qhdlw51Xjsc&index=68&list=PLD5A37C01FC6D4C0D,
Omega Sentinel,John Meadows,An advanced 14-week bodybuilding and hypertrophy program.,14 Weeks,Advanced,"Dumbbells, Barbell, Machines, Bands",6,Back - High Frequency,,2,Microcycle Week 8,Training for Week 8,8,Monday - Back,Monday,,,Semi supinated pulldowns,"Activation and start pump, Drive elbows back.",4,,"10, 10, 10, 10",10,10,,,,,9,,,,
Omega Sentinel,John Meadows,An advanced 14-week bodybuilding and hypertrophy program.,14 Weeks,Advanced,"Dumbbells, Barbell, Machines, Bands",6,Back - High Frequency,,2,Microcycle Week 8,Training for Week 8,8,Monday - Back,Monday,,,Cable iron cross,"Supramax pump, Don't let arms go past parallel, safe for shoulders.",4,,"10, 10, 10, 10",10,10,,,,,9,,,,
Omega Sentinel,John Meadows,An advanced 14-week bodybuilding and hypertrophy program.,14 Weeks,Advanced,"Dumbbells, Barbell, Machines, Bands",6,Back - High Frequency,,2,Microcycle Week 8,Training for Week 8,8,Monday - Back,Monday,,,T-bar,"Train muscle with a stretch emphasis, Heavy, pronated grip.",4,,"8, 8, 8, 8",8,8,,,,,9,,,,
Omega Sentinel,John Meadows,An advanced 14-week bodybuilding and hypertrophy program.,14 Weeks,Advanced,"Dumbbells, Barbell, Machines, Bands",6,Back - High Frequency,,2,Microcycle Week 8,Training for Week 8,8,Monday - Back,Monday,,,Hyperextensions,"Supramax pump, Use a band.",3,,"10, 10, 10",10,10,,,,,9,,,,
Omega Sentinel,John Meadows,An advanced 14-week bodybuilding and hypertrophy program.,14 Weeks,Advanced,"Dumbbells, Barbell, Machines, Bands",6,Back - High Frequency,,2,Microcycle Week 8,Training for Week 8,8,Monday - Abs,Monday,,Superset,Ab combination #1,A hanging leg raise and incline sit up combo. 4 rounds.,8,,"N/A, N/A, N/A, N/A, N/A, N/A, N/A, N/A",,,,,,,8,,,,
Omega Sentinel,John Meadows,An advanced 14-week bodybuilding and hypertrophy program.,14 Weeks,Advanced,"Dumbbells, Barbell, Machines, Bands",6,Back - High Frequency,,2,Microcycle Week 8,Training for Week 8,8,Monday - Calves,Monday,,,Calf program #1,Supramax pump,4,,"10 full, 10 half, 10 sec stretch, 10 full, 10 half, 10 sec stretch, 10 full, 10 half, 10 sec stretch, 10 full, 10 half, 10 sec stretch",,,,,,,10,,,https://www.youtube.com/watch?v=Qhdlw51Xjsc&index=68&list=PLD5A37C01FC6D4C0D,
Omega Sentinel,John Meadows,An advanced 14-week bodybuilding and hypertrophy program.,14 Weeks,Advanced,"Dumbbells, Barbell, Machines, Bands",6,Back - High Frequency,,2,Microcycle Week 8,Training for Week 8,8,Tuesday - Chest,Tuesday,,,Flat dumbbell press,"Activation and start pump, Work up to a tough 8 reps, 3/4 lockout.",3,,"8, 8, 8",8,8,,,,,8,,,,
Omega Sentinel,John Meadows,An advanced 14-week bodybuilding and hypertrophy program.,14 Weeks,Advanced,"Dumbbells, Barbell, Machines, Bands",6,Back - High Frequency,,2,Microcycle Week 8,Training for Week 8,8,Tuesday - Chest,Tuesday,,,Incline barbell press,"Train explosively, Change bench angle from last week.",4,,"8, 8, 8, 8",8,8,,,,,9,,,,
Omega Sentinel,John Meadows,An advanced 14-week bodybuilding and hypertrophy program.,14 Weeks,Advanced,"Dumbbells, Barbell, Machines, Bands",6,Back - High Frequency,,2,Microcycle Week 8,Training for Week 8,8,Tuesday - Chest,Tuesday,,,Flat flyes,"Train muscle with stretch emphasis, Pronated grip, slow and controlled.",4,,"8, 8, 8, 8",8,8,,,,,9,,,,
Omega Sentinel,John Meadows,An advanced 14-week bodybuilding and hypertrophy program.,14 Weeks,Advanced,"Dumbbells, Barbell, Machines, Bands",6,Back - High Frequency,,2,Microcycle Week 8,Training for Week 8,8,Tuesday - Triceps,Tuesday,,,Rope pushdowns,"Supramax pump, Nice and slow, flexing hard at the bottom.",4,,"15, 15, 15, 15",15,15,,,,,9,,,,
Omega Sentinel,John Meadows,An advanced 14-week bodybuilding and hypertrophy program.,14 Weeks,Advanced,"Dumbbells, Barbell, Machines, Bands",6,Back - High Frequency,,2,Microcycle Week 8,Training for Week 8,8,Tuesday - Triceps,Tuesday,,,Tate press,"Supramax pump, Use dumbbells or kettlebells, a lot of volume.",4,,"20, 20, 20, 20",20,20,,,,,9,,,,
Omega Sentinel,John Meadows,An advanced 14-week bodybuilding and hypertrophy program.,14 Weeks,Advanced,"Dumbbells, Barbell, Machines, Bands",6,Back - High Frequency,,2,Microcycle Week 8,Training for Week 8,8,Tuesday - Abs,Tuesday,,Superset,Ab combination #2,A hanging leg raise and a rope crunch combo. 4 rounds.,8,,"N/A, N/A, N/A, N/A, N/A, N/A, N/A, N/A",,,,,,,9,,,,
Omega Sentinel,John Meadows,An advanced 14-week bodybuilding and hypertrophy program.,14 Weeks,Advanced,"Dumbbells, Barbell, Machines, Bands",6,Back - High Frequency,,2,Microcycle Week 8,Training for Week 8,8,Tuesday - Calves,Tuesday,,,Calve program #4,"Supramax pump, 10 reps, 10s top hold, repeat 2 more times.",4,,"10, 10, 10, 10",10,10,,,,,10,,,,
Omega Sentinel,John Meadows,An advanced 14-week bodybuilding and hypertrophy program.,14 Weeks,Advanced,"Dumbbells, Barbell, Machines, Bands",6,Back - High Frequency,,2,Microcycle Week 8,Training for Week 8,8,Wednesday - Shoulders,Wednesday,,,Machine rear laterals,"Activation and pump, Hold and flex for a second in the contracted position.",4,,"25, 25, 25, 25",25,25,,,,,9,,,,
Omega Sentinel,John Meadows,An advanced 14-week bodybuilding and hypertrophy program.,14 Weeks,Advanced,"Dumbbells, Barbell, Machines, Bands",6,Back - High Frequency,,2,Microcycle Week 8,Training for Week 8,8,Wednesday - Shoulders,Wednesday,,,Seated dumbbell press,"Activation and pump, Bench with back support.",4,,"8, 8, 8, 8",8,8,,,,,9,,,,
Omega Sentinel,John Meadows,An advanced 14-week bodybuilding and hypertrophy program.,14 Weeks,Advanced,"Dumbbells, Barbell, Machines, Bands",6,Back - High Frequency,,2,Microcycle Week 8,Training for Week 8,8,Wednesday - Shoulders,Wednesday,,,Dumbbell side laterals,"Activation and pump, Simple, controlled sets.",4,,"10, 10, 10, 10",10,10,,,,,9,,,,
Omega Sentinel,John Meadows,An advanced 14-week bodybuilding and hypertrophy program.,14 Weeks,Advanced,"Dumbbells, Barbell, Machines, Bands",6,Back - High Frequency,,2,Microcycle Week 8,Training for Week 8,8,Wednesday - Shoulders,Wednesday,,,Barbell front raises,"Activation and pump, Simple, controlled sets.",4,,"10, 10, 10, 10",10,10,,,,,9,,,,
Omega Sentinel,John Meadows,An advanced 14-week bodybuilding and hypertrophy program.,14 Weeks,Advanced,"Dumbbells, Barbell, Machines, Bands",6,Back - High Frequency,,2,Microcycle Week 8,Training for Week 8,8,Wednesday - Abs,Wednesday,,Superset,Ab combination #3,A rope crunch and a pulldown crunch combo. 4 rounds.,8,,"N/A, N/A, N/A, N/A, N/A, N/A, N/A, N/A",,,,,,,9,,,,
Omega Sentinel,John Meadows,An advanced 14-week bodybuilding and hypertrophy program.,14 Weeks,Advanced,"Dumbbells, Barbell, Machines, Bands",6,Back - High Frequency,,2,Microcycle Week 8,Training for Week 8,8,Wednesday - Calves,Wednesday,,,Seated raises,"Supramax pump, Pause and squeeze at the top for 8 seconds, long painful sets.",4,,"15, 15, 15, 15",15,15,,,,,10,,,,
Omega Sentinel,John Meadows,An advanced 14-week bodybuilding and hypertrophy program.,14 Weeks,Advanced,"Dumbbells, Barbell, Machines, Bands",6,Back - High Frequency,,2,Microcycle Week 8,Training for Week 8,8,Thursday - Back,Thursday,,,Cable rows w/ single pulleys,"Activate and pump, Normal neutral grip.",4,,"10, 10, 10, 10",10,10,,,,,9,,,,
Omega Sentinel,John Meadows,An advanced 14-week bodybuilding and hypertrophy program.,14 Weeks,Advanced,"Dumbbells, Barbell, Machines, Bands",6,Back - High Frequency,,2,Microcycle Week 8,Training for Week 8,8,Thursday - Back,Thursday,,,Wide grip behind the back pulldowns,"Train muscle with a stretch emphasis, Pull to back of head only.",4,,"10, 10, 10, 10",10,10,,,,,9,,,,
Omega Sentinel,John Meadows,An advanced 14-week bodybuilding and hypertrophy program.,14 Weeks,Advanced,"Dumbbells, Barbell, Machines, Bands",6,Back - High Frequency,,2,Microcycle Week 8,Training for Week 8,8,Thursday - Back,Thursday,,,Rack pulls,"Supramax pump, 6 sets of 5 reps. Pull from knee height.",6,,"5, 5, 5, 5, 5, 5",5,5,,,,,7,,,,
Omega Sentinel,John Meadows,An advanced 14-week bodybuilding and hypertrophy program.,14 Weeks,Advanced,"Dumbbells, Barbell, Machines, Bands",6,Back - High Frequency,,2,Microcycle Week 8,Training for Week 8,8,Thursday - Calves,Thursday,,,Standing calve raises,"Stretch and pump, 1 set of 100 reps, stop as needed, but no more than 10s rest.",1,,100,100,100,,,,,12,,,,
Omega Sentinel,John Meadows,An advanced 14-week bodybuilding and hypertrophy program.,14 Weeks,Advanced,"Dumbbells, Barbell, Machines, Bands",6,Back - High Frequency,,2,Microcycle Week 8,Training for Week 8,8,Thursday - Abs,Thursday,,,Decline bench leg raise,Activation and pump.,3,,"to failure, to failure, to failure",,,,,,,9,,,,
Omega Sentinel,John Meadows,An advanced 14-week bodybuilding and hypertrophy program.,14 Weeks,Advanced,"Dumbbells, Barbell, Machines, Bands",6,Back - High Frequency,,2,Microcycle Week 8,Training for Week 8,8,Friday - Legs,Friday,,,Seated leg curls,"Activation and start pump, Pump out reps fast and hard.",3,,"25, 25, 25",25,25,,,,,9,,,,
Omega Sentinel,John Meadows,An advanced 14-week bodybuilding and hypertrophy program.,14 Weeks,Advanced,"Dumbbells, Barbell, Machines, Bands",6,Back - High Frequency,,2,Microcycle Week 8,Training for Week 8,8,Friday - Legs,Friday,,,Leg press,"Supramax pump, Feet in strongest position, 2 sets at top weight.",4,,"10, 10, 10, 10",10,10,,,,,8,,,,
Omega Sentinel,John Meadows,An advanced 14-week bodybuilding and hypertrophy program.,14 Weeks,Advanced,"Dumbbells, Barbell, Machines, Bands",6,Back - High Frequency,,2,Microcycle Week 8,Training for Week 8,8,Friday - Legs,Friday,,,Hack squat 1.5's (superset),"Supramax pump, Supersetted with Short Step Walking Lunges. 8 total sets.",4,Superset,"8, 8, 8, 8",8,8,,,,,9,,,,
Omega Sentinel,John Meadows,An advanced 14-week bodybuilding and hypertrophy program.,14 Weeks,Advanced,"Dumbbells, Barbell, Machines, Bands",6,Back - High Frequency,,2,Microcycle Week 8,Training for Week 8,8,Friday - Legs,Friday,,,Short Step Walking lunges (superset),"Supramax pump, Supersetted with Hack squat 1.5's. 8 total sets.",4,Superset,"10 steps/leg, 10 steps/leg, 10 steps/leg, 10 steps/leg",10,10,,,,,9,,,,
Omega Sentinel,John Meadows,An advanced 14-week bodybuilding and hypertrophy program.,14 Weeks,Advanced,"Dumbbells, Barbell, Machines, Bands",6,Back - High Frequency,,2,Microcycle Week 8,Training for Week 8,8,Friday - Abs,Friday,,Superset,Ab combination #4,"A leg raise, rope crunch, and incline sit-up combo. 3 rounds.",9,,"N/A, N/A, N/A, N/A, N/A, N/A, N/A, N/A, N/A",,,,,,,10,,,,
Omega Sentinel,John Meadows,An advanced 14-week bodybuilding and hypertrophy program.,14 Weeks,Advanced,"Dumbbells, Barbell, Machines, Bands",6,Back - High Frequency,,2,Microcycle Week 8,Training for Week 8,8,Saturday - Back,Saturday,,,Chins,"Activation and start pump, Use assist machine if needed, add weight if too easy.",4,,"10, 10, 10, 10",10,10,,,,,9,,,,
Omega Sentinel,John Meadows,An advanced 14-week bodybuilding and hypertrophy program.,14 Weeks,Advanced,"Dumbbells, Barbell, Machines, Bands",6,Back - High Frequency,,2,Microcycle Week 8,Training for Week 8,8,Saturday - Back,Saturday,,,Dumbell pullovers,"Train muscle with a stretch emphasis, Stretch the lats out.",4,,"10, 10, 10, 10",10,10,,,,,8,,,,
Omega Sentinel,John Meadows,An advanced 14-week bodybuilding and hypertrophy program.,14 Weeks,Advanced,"Dumbbells, Barbell, Machines, Bands",6,Back - High Frequency,,2,Microcycle Week 8,Training for Week 8,8,Saturday - Back,Saturday,,,Smith barbell rows,"Supramax pump, Rest pause style, drive elbows up hard.",4,,"10, 10, 10, 10",10,10,,,,,9,,,,
Omega Sentinel,John Meadows,An advanced 14-week bodybuilding and hypertrophy program.,14 Weeks,Advanced,"Dumbbells, Barbell, Machines, Bands",6,Back - High Frequency,,2,Microcycle Week 8,Training for Week 8,8,Saturday - Biceps,Saturday,,,Reverse ez bar curls,"Supramax pump, Crush forearms.",4,,"15, 15, 15, 15",15,15,,,,,9,,,,
Omega Sentinel,John Meadows,An advanced 14-week bodybuilding and hypertrophy program.,14 Weeks,Advanced,"Dumbbells, Barbell, Machines, Bands",6,Back - High Frequency,,2,Microcycle Week 8,Training for Week 8,8,Saturday - Biceps,Saturday,,,Barbell curl 1.5's,"Supramax pump, Lower all the way, up halfway, down, up all the way. That's 1 rep.",4,,"10, 10, 10, 10",10,10,,,,,10,,,,
Omega Sentinel,John Meadows,An advanced 14-week bodybuilding and hypertrophy program.,14 Weeks,Advanced,"Dumbbells, Barbell, Machines, Bands",6,Back - High Frequency,,2,Microcycle Week 8,Training for Week 8,8,Saturday - Calves,Saturday,,,Calf program #1,Supramax pump,4,,"10 full, 10 half, 10 sec stretch, 10 full, 10 half, 10 sec stretch, 10 full, 10 half, 10 sec stretch, 10 full, 10 half, 10 sec stretch",,,,,,,10,,,https://www.youtube.com/watch?v=Qhdlw51Xjsc&index=68&list=PLD5A37C01FC6D4C0D,
Omega Sentinel,John Meadows,An advanced 14-week bodybuilding and hypertrophy program.,14 Weeks,Advanced,"Dumbbells, Barbell, Machines, Bands",6,Back - High Frequency,,2,Microcycle Week 9,Training for Week 9,9,Monday - Back,Monday,,,Dumbbell rows,"Activation and start pump, 3 sets of 10, set 4 is a drop set (10, 8, 8).",4,Drop Set,"10, 10, 10, 10",10,10,,,,,9,,,,
Omega Sentinel,John Meadows,An advanced 14-week bodybuilding and hypertrophy program.,14 Weeks,Advanced,"Dumbbells, Barbell, Machines, Bands",6,Back - High Frequency,,2,Microcycle Week 9,Training for Week 9,9,Monday - Back,Monday,,,Wide grip pulldowns,"Supramax pump, Stretch on all reps.",4,,"8, 8, 8, 8",8,8,,,,,9,,,,
Omega Sentinel,John Meadows,An advanced 14-week bodybuilding and hypertrophy program.,14 Weeks,Advanced,"Dumbbells, Barbell, Machines, Bands",6,Back - High Frequency,,2,Microcycle Week 9,Training for Week 9,9,Monday - Back,Monday,,,Cable low rows,"Supramax pump, 10th rep should be the last one you can get with perfect form.",4,,"10, 10, 10, 10",10,10,,,,,9,,,,
Omega Sentinel,John Meadows,An advanced 14-week bodybuilding and hypertrophy program.,14 Weeks,Advanced,"Dumbbells, Barbell, Machines, Bands",6,Back - High Frequency,,2,Microcycle Week 9,Training for Week 9,9,Monday - Back,Monday,,,Hyperextensions,"Supramax pump, Use a band.",3,,"10, 10, 10",10,10,,,,,9,,,,
Omega Sentinel,John Meadows,An advanced 14-week bodybuilding and hypertrophy program.,14 Weeks,Advanced,"Dumbbells, Barbell, Machines, Bands",6,Back - High Frequency,,2,Microcycle Week 9,Training for Week 9,9,Monday - Abs,Monday,,Superset,Ab combination #1,A hanging leg raise and incline sit up combo. 4 rounds.,8,,"N/A, N/A, N/A, N/A, N/A, N/A, N/A, N/A",,,,,,,8,,,,
Omega Sentinel,John Meadows,An advanced 14-week bodybuilding and hypertrophy program.,14 Weeks,Advanced,"Dumbbells, Barbell, Machines, Bands",6,Back - High Frequency,,2,Microcycle Week 9,Training for Week 9,9,Monday - Calves,Monday,,,Calf program #1,Supramax pump,4,,"10 full, 10 half, 10 sec stretch, 10 full, 10 half, 10 sec stretch, 10 full, 10 half, 10 sec stretch, 10 full, 10 half, 10 sec stretch",,,,,,,10,,,https://www.youtube.com/watch?v=Qhdlw51Xjsc&index=68&list=PLD5A37C01FC6D4C0D,
Omega Sentinel,John Meadows,An advanced 14-week bodybuilding and hypertrophy program.,14 Weeks,Advanced,"Dumbbells, Barbell, Machines, Bands",6,Back - High Frequency,,2,Microcycle Week 9,Training for Week 9,9,Tuesday - Chest,Tuesday,,,Machine press,"Activation and start pump, 8th rep should be very hard, but doable.",4,,"8, 8, 8, 8",8,8,,,,,9,,,,
Omega Sentinel,John Meadows,An advanced 14-week bodybuilding and hypertrophy program.,14 Weeks,Advanced,"Dumbbells, Barbell, Machines, Bands",6,Back - High Frequency,,2,Microcycle Week 9,Training for Week 9,9,Tuesday - Chest,Tuesday,,,Smith incline barbell press,"Supramax pump, Pyramid sets increasing weight.",4,Pyramid,"20, 15, 10, 6",6,20,,,,,9,,,,
Omega Sentinel,John Meadows,An advanced 14-week bodybuilding and hypertrophy program.,14 Weeks,Advanced,"Dumbbells, Barbell, Machines, Bands",6,Back - High Frequency,,2,Microcycle Week 9,Training for Week 9,9,Tuesday - Chest,Tuesday,,,Machine flyes,"Train muscle with stretch emphasis, Do 10 over and backs with a rope/band between sets.",4,,"10, 10, 10, 10",10,10,,,,,9,,,https://www.youtube.com/watch?v=vI5Fy-jIVH0&list=PL2F8A4BD406176C34&index=19,
Omega Sentinel,John Meadows,An advanced 14-week bodybuilding and hypertrophy program.,14 Weeks,Advanced,"Dumbbells, Barbell, Machines, Bands",6,Back - High Frequency,,2,Microcycle Week 9,Training for Week 9,9,Tuesday - Triceps,Tuesday,,,Rope pushdowns,"Supramax pump, Continuous tension, heavy, not locking out all the way.",4,,"10, 10, 10, 10",10,10,,,,,9,,,,
Omega Sentinel,John Meadows,An advanced 14-week bodybuilding and hypertrophy program.,14 Weeks,Advanced,"Dumbbells, Barbell, Machines, Bands",6,Back - High Frequency,,2,Microcycle Week 9,Training for Week 9,9,Tuesday - Triceps,Tuesday,,,Tricep extensions,"Supramax pump, Single handle variation.",4,,"15, 15, 15, 15",15,15,,,,,9,,,,
Omega Sentinel,John Meadows,An advanced 14-week bodybuilding and hypertrophy program.,14 Weeks,Advanced,"Dumbbells, Barbell, Machines, Bands",6,Back - High Frequency,,2,Microcycle Week 9,Training for Week 9,9,Tuesday - Abs,Tuesday,,Superset,Ab combination #2,A hanging leg raise and a rope crunch combo. 4 rounds.,8,,"N/A, N/A, N/A, N/A, N/A, N/A, N/A, N/A",,,,,,,9,,,,
Omega Sentinel,John Meadows,An advanced 14-week bodybuilding and hypertrophy program.,14 Weeks,Advanced,"Dumbbells, Barbell, Machines, Bands",6,Back - High Frequency,,2,Microcycle Week 9,Training for Week 9,9,Tuesday - Calves,Tuesday,,,Calve program #4,"Supramax pump, 10 reps, 10s top hold, repeat 2 more times.",4,,"10, 10, 10, 10",10,10,,,,,10,,,,
Omega Sentinel,John Meadows,An advanced 14-week bodybuilding and hypertrophy program.,14 Weeks,Advanced,"Dumbbells, Barbell, Machines, Bands",6,Back - High Frequency,,2,Microcycle Week 9,Training for Week 9,9,Wednesday - Shoulders,Wednesday,,,Machine rear laterals,"Activation and pump, Hold and flex for a second.",4,,"15, 15, 15, 15",15,15,,,,,9,,,,
Omega Sentinel,John Meadows,An advanced 14-week bodybuilding and hypertrophy program.,14 Weeks,Advanced,"Dumbbells, Barbell, Machines, Bands",6,Back - High Frequency,,2,Microcycle Week 9,Training for Week 9,9,Wednesday - Shoulders,Wednesday,,,Ultra-wide overhead presses,"Activation and pump, Do not go heavy.",4,,"10, 10, 10, 10",10,10,,,,,9,,,,
Omega Sentinel,John Meadows,An advanced 14-week bodybuilding and hypertrophy program.,14 Weeks,Advanced,"Dumbbells, Barbell, Machines, Bands",6,Back - High Frequency,,2,Microcycle Week 9,Training for Week 9,9,Wednesday - Shoulders,Wednesday,,,Dumbbell side laterals,"Activation and pump, Go to a complete numb feeling in shoulders.",4,,"20, 20, 20, 20",20,20,,,,,9,,,,
Omega Sentinel,John Meadows,An advanced 14-week bodybuilding and hypertrophy program.,14 Weeks,Advanced,"Dumbbells, Barbell, Machines, Bands",6,Back - High Frequency,,2,Microcycle Week 9,Training for Week 9,9,Wednesday - Shoulders,Wednesday,,,Barbell front raises,"Activation and pump, Simple, controlled sets.",4,,"10, 10, 10, 10",10,10,,,,,9,,,,
Omega Sentinel,John Meadows,An advanced 14-week bodybuilding and hypertrophy program.,14 Weeks,Advanced,"Dumbbells, Barbell, Machines, Bands",6,Back - High Frequency,,2,Microcycle Week 9,Training for Week 9,9,Wednesday - Abs,Wednesday,,Superset,Ab combination #3,A rope crunch and a pulldown crunch combo. 4 rounds.,8,,"N/A, N/A, N/A, N/A, N/A, N/A, N/A, N/A",,,,,,,9,,,,
Omega Sentinel,John Meadows,An advanced 14-week bodybuilding and hypertrophy program.,14 Weeks,Advanced,"Dumbbells, Barbell, Machines, Bands",6,Back - High Frequency,,2,Microcycle Week 9,Training for Week 9,9,Wednesday - Calves,Wednesday,,,Seated raises,"Supramax pump, Pause and squeeze at the top for 8 seconds, long painful sets.",4,,"15, 15, 15, 15",15,15,,,,,10,,,,
Omega Sentinel,John Meadows,An advanced 14-week bodybuilding and hypertrophy program.,14 Weeks,Advanced,"Dumbbells, Barbell, Machines, Bands",6,Back - High Frequency,,2,Microcycle Week 9,Training for Week 9,9,Thursday - Back,Thursday,,,One arm barbell rows,"Activate and pump, Do some grinders here.",4,,"8, 8, 8, 8",8,8,,,,,9,,,,
Omega Sentinel,John Meadows,An advanced 14-week bodybuilding and hypertrophy program.,14 Weeks,Advanced,"Dumbbells, Barbell, Machines, Bands",6,Back - High Frequency,,2,Microcycle Week 9,Training for Week 9,9,Thursday - Back,Thursday,,,Chins,"Supramax pump, Use assist machine with neutral grip.",4,,"10, 10, 10, 10",10,10,,,,,9,,,,
Omega Sentinel,John Meadows,An advanced 14-week bodybuilding and hypertrophy program.,14 Weeks,Advanced,"Dumbbells, Barbell, Machines, Bands",6,Back - High Frequency,,2,Microcycle Week 9,Training for Week 9,9,Thursday - Back,Thursday,,,Rack pulls,"Supramax pump, 6 sets of 4 reps. Pull from a higher pin height than last week.",6,,"4, 4, 4, 4, 4, 4",4,4,,,,,8,,,,
Omega Sentinel,John Meadows,An advanced 14-week bodybuilding and hypertrophy program.,14 Weeks,Advanced,"Dumbbells, Barbell, Machines, Bands",6,Back - High Frequency,,2,Microcycle Week 9,Training for Week 9,9,Thursday - Calves,Thursday,,,Standing calf raises,"Stretch and pump, 1 set of 100 reps, stop as needed, but no more than 10s rest.",1,,100,100,100,,,,,12,,,,
Omega Sentinel,John Meadows,An advanced 14-week bodybuilding and hypertrophy program.,14 Weeks,Advanced,"Dumbbells, Barbell, Machines, Bands",6,Back - High Frequency,,2,Microcycle Week 9,Training for Week 9,9,Thursday - Abs,Thursday,,,Decline bench leg raise,Activation and pump.,3,,"to failure, to failure, to failure",,,,,,,9,,,,
Omega Sentinel,John Meadows,An advanced 14-week bodybuilding and hypertrophy program.,14 Weeks,Advanced,"Dumbbells, Barbell, Machines, Bands",6,Back - High Frequency,,2,Microcycle Week 9,Training for Week 9,9,Friday - Legs,Friday,,,Lying leg curls,"Activation and start pump, Constant tension, 20s isohold at the end of each set.",4,,"15, 15, 15, 15",15,15,,,,,11,,,,
Omega Sentinel,John Meadows,An advanced 14-week bodybuilding and hypertrophy program.,14 Weeks,Advanced,"Dumbbells, Barbell, Machines, Bands",6,Back - High Frequency,,2,Microcycle Week 9,Training for Week 9,9,Friday - Legs,Friday,,,Abductor machine,"Supramax pump, Leave a few reps in the tank.",4,,"10, 10, 10, 10",10,10,,,,,8,,,,
Omega Sentinel,John Meadows,An advanced 14-week bodybuilding and hypertrophy program.,14 Weeks,Advanced,"Dumbbells, Barbell, Machines, Bands",6,Back - High Frequency,,2,Microcycle Week 9,Training for Week 9,9,Friday - Legs,Friday,,,Leg press,"Supramax pump, Work up to a tough 8 reps.",3,,"8, 8, 8",8,8,,,,,7,,,,
Omega Sentinel,John Meadows,An advanced 14-week bodybuilding and hypertrophy program.,14 Weeks,Advanced,"Dumbbells, Barbell, Machines, Bands",6,Back - High Frequency,,2,Microcycle Week 9,Training for Week 9,9,Friday - Legs,Friday,,,Short Step Lunge drop set of death,"Supramax pump, Set 4 is 8 reps, 8s isohold, drop, repeat 3 more times.",4,Drop Set,"8, 8, 8, 8",8,8,,,,,7,,,,
Omega Sentinel,John Meadows,An advanced 14-week bodybuilding and hypertrophy program.,14 Weeks,Advanced,"Dumbbells, Barbell, Machines, Bands",6,Back - High Frequency,,2,Microcycle Week 9,Training for Week 9,9,Friday - Legs,Friday,,,Leg extensions,"Supramax pump, Heavy, lockout and squeeze for a half second.",4,,"8, 8, 8, 8",8,8,,,,,10,,,,
Omega Sentinel,John Meadows,An advanced 14-week bodybuilding and hypertrophy program.,14 Weeks,Advanced,"Dumbbells, Barbell, Machines, Bands",6,Back - High Frequency,,2,Microcycle Week 9,Training for Week 9,9,Friday - Abs,Friday,,Superset,Ab combination #4,"A leg raise, rope crunch, and incline sit-up combo. 3 rounds.",9,,"N/A, N/A, N/A, N/A, N/A, N/A, N/A, N/A, N/A",,,,,,,10,,,,
Omega Sentinel,John Meadows,An advanced 14-week bodybuilding and hypertrophy program.,14 Weeks,Advanced,"Dumbbells, Barbell, Machines, Bands",6,Back - High Frequency,,2,Microcycle Week 9,Training for Week 9,9,Saturday - Back,Saturday,,,Chins,"Activation and start pump, Medium pronated grip.",6,,"10, 10, 10, 10, 10, 10",10,10,,,,,9,,,,
Omega Sentinel,John Meadows,An advanced 14-week bodybuilding and hypertrophy program.,14 Weeks,Advanced,"Dumbbells, Barbell, Machines, Bands",6,Back - High Frequency,,2,Microcycle Week 9,Training for Week 9,9,Saturday - Back,Saturday,,,Deadlifts,"Complete exhaustion, Do singles for 10 minutes with a tough triple weight.",10,,"singles, singles, singles, singles, singles, singles, singles, singles, singles, singles",,,,,,,8,,,,
Omega Sentinel,John Meadows,An advanced 14-week bodybuilding and hypertrophy program.,14 Weeks,Advanced,"Dumbbells, Barbell, Machines, Bands",6,Back - High Frequency,,2,Microcycle Week 9,Training for Week 9,9,Saturday - Biceps,Saturday,,,Preacher ez bar curls,"Supramax pump, Sit down.",4,,"10, 10, 10, 10",10,10,,,,,9,,,,
Omega Sentinel,John Meadows,An advanced 14-week bodybuilding and hypertrophy program.,14 Weeks,Advanced,"Dumbbells, Barbell, Machines, Bands",6,Back - High Frequency,,2,Microcycle Week 9,Training for Week 9,9,Saturday - Biceps,Saturday,,,Seated hammer curls,"Supramax pump, Seated.",4,,"10, 10, 10, 10",10,10,,,,,9,,,,
Omega Sentinel,John Meadows,An advanced 14-week bodybuilding and hypertrophy program.,14 Weeks,Advanced,"Dumbbells, Barbell, Machines, Bands",6,Back - High Frequency,,2,Microcycle Week 9,Training for Week 9,9,Saturday - Calves,Saturday,,,Calf program #1,Supramax pump,4,,"10 full, 10 half, 10 sec stretch, 10 full, 10 half, 10 sec stretch, 10 full, 10 half, 10 sec stretch, 10 full, 10 half, 10 sec stretch",,,,,,,10,,,https://www.youtube.com/watch?v=Qhdlw51Xjsc&index=68&list=PLD5A37C01FC6D4C0D,
Omega Sentinel,John Meadows,An advanced 14-week bodybuilding and hypertrophy program.,14 Weeks,Advanced,"Dumbbells, Barbell, Machines, Bands",6,Back - High Frequency,,2,Microcycle Week 10,Training for Week 10,10,Monday - Back,Monday,,,Meadows rows,"Activation and start pump, Work up to a tough 8.",4,,"8, 8, 8, 8",8,8,,,,,9,,,,
Omega Sentinel,John Meadows,An advanced 14-week bodybuilding and hypertrophy program.,14 Weeks,Advanced,"Dumbbells, Barbell, Machines, Bands",6,Back - High Frequency,,2,Microcycle Week 10,Training for Week 10,10,Monday - Back,Monday,,,Chest supported row,"Supramax pump and forced stretch, Partner forces a hard stretch for 10 seconds on the last rep.",4,,"8, 8, 8, 8",8,8,,,,,10,,,,
Omega Sentinel,John Meadows,An advanced 14-week bodybuilding and hypertrophy program.,14 Weeks,Advanced,"Dumbbells, Barbell, Machines, Bands",6,Back - High Frequency,,2,Microcycle Week 10,Training for Week 10,10,Monday - Back,Monday,,,Away facing lat pulldowns,"Supramax pump, Focus on contraction at the bottom.",4,,"10, 10, 10, 10",10,10,,,,,9,,,,
Omega Sentinel,John Meadows,An advanced 14-week bodybuilding and hypertrophy program.,14 Weeks,Advanced,"Dumbbells, Barbell, Machines, Bands",6,Back - High Frequency,,2,Microcycle Week 10,Training for Week 10,10,Monday - Back,Monday,,,Hyperextensions,"Supramax pump, Use a band.",3,,"10, 10, 10",10,10,,,,,9,,,,
Omega Sentinel,John Meadows,An advanced 14-week bodybuilding and hypertrophy program.,14 Weeks,Advanced,"Dumbbells, Barbell, Machines, Bands",6,Back - High Frequency,,2,Microcycle Week 10,Training for Week 10,10,Monday - Abs,Monday,,Superset,Ab combination #1,A hanging leg raise and incline sit up combo. 4 rounds.,8,,"N/A, N/A, N/A, N/A, N/A, N/A, N/A, N/A",,,,,,,8,,,,
Omega Sentinel,John Meadows,An advanced 14-week bodybuilding and hypertrophy program.,14 Weeks,Advanced,"Dumbbells, Barbell, Machines, Bands",6,Back - High Frequency,,2,Microcycle Week 10,Training for Week 10,10,Monday - Calves,Monday,,,Calve program #1,Supramax pump,4,,"10 full, 10 half, 10 sec stretch, 10 full, 10 half, 10 sec stretch, 10 full, 10 half, 10 sec stretch, 10 full, 10 half, 10 sec stretch",,,,,,,10,,,https://www.youtube.com/watch?v=Qhdlw51Xjsc&index=68&list=PLD5A37C01FC6D4C0D,
Omega Sentinel,John Meadows,An advanced 14-week bodybuilding and hypertrophy program.,14 Weeks,Advanced,"Dumbbells, Barbell, Machines, Bands",6,Back - High Frequency,,2,Microcycle Week 10,Training for Week 10,10,Tuesday - Chest,Tuesday,,,Neutral grip incline dumbell press,"Activation and start pump, Open chest up at the bottom.",4,,"8, 8, 8, 8",8,8,,,,,9,,,,
Omega Sentinel,John Meadows,An advanced 14-week bodybuilding and hypertrophy program.,14 Weeks,Advanced,"Dumbbells, Barbell, Machines, Bands",6,Back - High Frequency,,2,Microcycle Week 10,Training for Week 10,10,Tuesday - Chest,Tuesday,,,Smith incline barbell press,"Supramax pump, Sets of 12, 10, 8, and 6, increasing weight. Steeper incline.",4,Pyramid,"12, 10, 8, 6",6,12,,,,,9,,,,
Omega Sentinel,John Meadows,An advanced 14-week bodybuilding and hypertrophy program.,14 Weeks,Advanced,"Dumbbells, Barbell, Machines, Bands",6,Back - High Frequency,,2,Microcycle Week 10,Training for Week 10,10,Tuesday - Chest,Tuesday,,,Incline pronated flyes,"Train muscle with stretch emphasis, Stretch everything good.",4,,"10, 10, 10, 10",10,10,,,,,9,,,,
Omega Sentinel,John Meadows,An advanced 14-week bodybuilding and hypertrophy program.,14 Weeks,Advanced,"Dumbbells, Barbell, Machines, Bands",6,Back - High Frequency,,2,Microcycle Week 10,Training for Week 10,10,Tuesday - Triceps,Tuesday,,,Triceps extensions,"Supramax pump, Work the stretch.",4,,"12, 12, 12, 12",12,12,,,,,9,,,,
Omega Sentinel,John Meadows,An advanced 14-week bodybuilding and hypertrophy program.,14 Weeks,Advanced,"Dumbbells, Barbell, Machines, Bands",6,Back - High Frequency,,2,Microcycle Week 10,Training for Week 10,10,Tuesday - Triceps,Tuesday,,,Dual triceps pushdowns,"Supramax pump, Use 2 ropes, get a nasty contraction.",4,,"12, 12, 12, 12",12,12,,,,,9,,,,
Omega Sentinel,John Meadows,An advanced 14-week bodybuilding and hypertrophy program.,14 Weeks,Advanced,"Dumbbells, Barbell, Machines, Bands",6,Back - High Frequency,,2,Microcycle Week 10,Training for Week 10,10,Tuesday - Abs,Tuesday,,Superset,Ab combination #2,A hanging leg raise and a rope crunch combo. 4 rounds.,8,,"N/A, N/A, N/A, N/A, N/A, N/A, N/A, N/A",,,,,,,9,,,,
Omega Sentinel,John Meadows,An advanced 14-week bodybuilding and hypertrophy program.,14 Weeks,Advanced,"Dumbbells, Barbell, Machines, Bands",6,Back - High Frequency,,2,Microcycle Week 10,Training for Week 10,10,Tuesday - Calves,Tuesday,,,Calf program #4,"Supramax pump, 10 reps, 10s top hold, repeat 2 more times.",4,,"10, 10, 10, 10",10,10,,,,,10,,,,
Omega Sentinel,John Meadows,An advanced 14-week bodybuilding and hypertrophy program.,14 Weeks,Advanced,"Dumbbells, Barbell, Machines, Bands",6,Back - High Frequency,,2,Microcycle Week 10,Training for Week 10,10,Wednesday - Shoulders,Wednesday,,,Dumbbell bent over rear laterals,"Supramax pump, Simple, controlled sets.",4,,"15, 15, 15, 15",15,15,,,,,9,,,,
Omega Sentinel,John Meadows,An advanced 14-week bodybuilding and hypertrophy program.,14 Weeks,Advanced,"Dumbbells, Barbell, Machines, Bands",6,Back - High Frequency,,2,Microcycle Week 10,Training for Week 10,10,Wednesday - Shoulders,Wednesday,,,Dumbbell side lateral partials,"Supramax pump, Heavy partials, only 4-5 inches up.",4,,"25, 25, 25, 25",25,25,,,,,9,,,,
Omega Sentinel,John Meadows,An advanced 14-week bodybuilding and hypertrophy program.,14 Weeks,Advanced,"Dumbbells, Barbell, Machines, Bands",6,Back - High Frequency,,2,Microcycle Week 10,Training for Week 10,10,Wednesday - Shoulders,Wednesday,,,Barbell front raises,"Supramax pump, Simple, controlled sets.",4,,"10, 10, 10, 10",10,10,,,,,9,,,,
Omega Sentinel,John Meadows,An advanced 14-week bodybuilding and hypertrophy program.,14 Weeks,Advanced,"Dumbbells, Barbell, Machines, Bands",6,Back - High Frequency,,2,Microcycle Week 10,Training for Week 10,10,Wednesday - Abs,Wednesday,,Superset,Ab combination #3,A rope crunch and a pulldown crunch combo. 4 rounds.,8,,"N/A, N/A, N/A, N/A, N/A, N/A, N/A, N/A",,,,,,,9,,,,
Omega Sentinel,John Meadows,An advanced 14-week bodybuilding and hypertrophy program.,14 Weeks,Advanced,"Dumbbells, Barbell, Machines, Bands",6,Back - High Frequency,,2,Microcycle Week 10,Training for Week 10,10,Wednesday - Calves,Wednesday,,,Seated raises,"Supramax pump, Pause and squeeze at the top for 8 seconds, long painful sets.",4,,"15, 15, 15, 15",15,15,,,,,10,,,,
Omega Sentinel,John Meadows,An advanced 14-week bodybuilding and hypertrophy program.,14 Weeks,Advanced,"Dumbbells, Barbell, Machines, Bands",6,Back - High Frequency,,2,Microcycle Week 10,Training for Week 10,10,Thursday - Back,Thursday,,,Single arm cable rows,"Activate and pump, Simple, controlled sets.",4,,"12, 12, 12, 12",12,12,,,,,9,,,,
Omega Sentinel,John Meadows,An advanced 14-week bodybuilding and hypertrophy program.,14 Weeks,Advanced,"Dumbbells, Barbell, Machines, Bands",6,Back - High Frequency,,2,Microcycle Week 10,Training for Week 10,10,Thursday - Back,Thursday,,,Low cable rows,"Supramax pump, Close grip attachment, heavy.",6,,"8, 8, 8, 8, 8, 8",8,8,,,,,9,,,,
Omega Sentinel,John Meadows,An advanced 14-week bodybuilding and hypertrophy program.,14 Weeks,Advanced,"Dumbbells, Barbell, Machines, Bands",6,Back - High Frequency,,2,Microcycle Week 10,Training for Week 10,10,Thursday - Back,Thursday,,,Dumbbell pullovers,"Train muscle with a stretch emphasis, Stretch lats.",4,,"10, 10, 10, 10",10,10,,,,,8,,,,
Omega Sentinel,John Meadows,An advanced 14-week bodybuilding and hypertrophy program.,14 Weeks,Advanced,"Dumbbells, Barbell, Machines, Bands",6,Back - High Frequency,,2,Microcycle Week 10,Training for Week 10,10,Thursday - Calves,Thursday,,,Standing calve raises,"Stretch and pump, 1 set of 100 reps, stop as needed, but no more than 10s rest.",1,,100,100,100,,,,,12,,,,
Omega Sentinel,John Meadows,An advanced 14-week bodybuilding and hypertrophy program.,14 Weeks,Advanced,"Dumbbells, Barbell, Machines, Bands",6,Back - High Frequency,,2,Microcycle Week 10,Training for Week 10,10,Thursday - Abs,Thursday,,,Decline bench leg raise,Activation and pump.,3,,"to failure, to failure, to failure",,,,,,,9,,,,
Omega Sentinel,John Meadows,An advanced 14-week bodybuilding and hypertrophy program.,14 Weeks,Advanced,"Dumbbells, Barbell, Machines, Bands",6,Back - High Frequency,,2,Microcycle Week 10,Training for Week 10,10,Friday - Legs,Friday,,,Lying leg curls,"Activation and start pump, Constant tension, 20s isohold at the end of each set.",4,,"15, 15, 15, 15",15,15,,,,,11,,,,
Omega Sentinel,John Meadows,An advanced 14-week bodybuilding and hypertrophy program.,14 Weeks,Advanced,"Dumbbells, Barbell, Machines, Bands",6,Back - High Frequency,,2,Microcycle Week 10,Training for Week 10,10,Friday - Legs,Friday,,,Abductor machine,"Supramax pump, Leave a few reps in the tank.",4,,"10, 10, 10, 10",10,10,,,,,8,,,,
Omega Sentinel,John Meadows,An advanced 14-week bodybuilding and hypertrophy program.,14 Weeks,Advanced,"Dumbbells, Barbell, Machines, Bands",6,Back - High Frequency,,2,Microcycle Week 10,Training for Week 10,10,Friday - Legs,Friday,,,Leg press,"Supramax pump, Work up to a tough 8 reps.",3,,"8, 8, 8",8,8,,,,,7,,,,
Omega Sentinel,John Meadows,An advanced 14-week bodybuilding and hypertrophy program.,14 Weeks,Advanced,"Dumbbells, Barbell, Machines, Bands",6,Back - High Frequency,,2,Microcycle Week 10,Training for Week 10,10,Friday - Legs,Friday,,,Short Step Lunge drop set of death,"Supramax pump, Set 4 is 8 reps, 8s isohold, drop, repeat 3 more times.",4,Drop Set,"8, 8, 8, 8",8,8,,,,,7,,,,
Omega Sentinel,John Meadows,An advanced 14-week bodybuilding and hypertrophy program.,14 Weeks,Advanced,"Dumbbells, Barbell, Machines, Bands",6,Back - High Frequency,,2,Microcycle Week 10,Training for Week 10,10,Friday - Legs,Friday,,,Leg extensions,"Supramax pump, Heavy, lockout and squeeze for a half second.",4,,"8, 8, 8, 8",8,8,,,,,10,,,,
Omega Sentinel,John Meadows,An advanced 14-week bodybuilding and hypertrophy program.,14 Weeks,Advanced,"Dumbbells, Barbell, Machines, Bands",6,Back - High Frequency,,2,Microcycle Week 10,Training for Week 10,10,Friday - Abs,Friday,,Superset,Ab combination #4,"A leg raise, rope crunch, and incline sit-up combo. 3 rounds.",9,,"N/A, N/A, N/A, N/A, N/A, N/A, N/A, N/A, N/A",,,,,,,10,,,,
Omega Sentinel,John Meadows,An advanced 14-week bodybuilding and hypertrophy program.,14 Weeks,Advanced,"Dumbbells, Barbell, Machines, Bands",6,Back - High Frequency,,2,Microcycle Week 10,Training for Week 10,10,Saturday - Back,Saturday,,,Chins,"Activation and start pump, Medium pronated grip.",6,,"10, 10, 10, 10, 10, 10",10,10,,,,,9,,,,
Omega Sentinel,John Meadows,An advanced 14-week bodybuilding and hypertrophy program.,14 Weeks,Advanced,"Dumbbells, Barbell, Machines, Bands",6,Back - High Frequency,,2,Microcycle Week 10,Training for Week 10,10,Saturday - Back,Saturday,,,Deadlifts,"Complete exhaustion, Do singles for 10 minutes with a tough triple weight.",10,,"singles, singles, singles, singles, singles, singles, singles, singles, singles, singles",,,,,,,8,,,,
Omega Sentinel,John Meadows,An advanced 14-week bodybuilding and hypertrophy program.,14 Weeks,Advanced,"Dumbbells, Barbell, Machines, Bands",6,Back - High Frequency,,2,Microcycle Week 10,Training for Week 10,10,Saturday - Biceps,Saturday,,,Preacher ez bar curls,"Supramax pump, Sit down.",4,,"10, 10, 10, 10",10,10,,,,,9,,,,
Omega Sentinel,John Meadows,An advanced 14-week bodybuilding and hypertrophy program.,14 Weeks,Advanced,"Dumbbells, Barbell, Machines, Bands",6,Back - High Frequency,,2,Microcycle Week 10,Training for Week 10,10,Saturday - Biceps,Saturday,,,Seated hammer curls,"Supramax pump, Seated.",4,,"10, 10, 10, 10",10,10,,,,,9,,,,
Omega Sentinel,John Meadows,An advanced 14-week bodybuilding and hypertrophy program.,14 Weeks,Advanced,"Dumbbells, Barbell, Machines, Bands",6,Back - High Frequency,,2,Microcycle Week 10,Training for Week 10,10,Saturday - Calves,Saturday,,,Calf program #1,Supramax pump,4,,"10 full, 10 half, 10 sec stretch, 10 full, 10 half, 10 sec stretch, 10 full, 10 half, 10 sec stretch, 10 full, 10 half, 10 sec stretch",,,,,,,10,,,https://www.youtube.com/watch?v=Qhdlw51Xjsc&index=68&list=PLD5A37C01FC6D4C0D,
Omega Sentinel,John Meadows,An advanced 14-week bodybuilding and hypertrophy program.,14 Weeks,Advanced,"Dumbbells, Barbell, Machines, Bands",6,Legs/glutes and Shoulders - High Frequency,,3,Microcycle Week 11,Training for Week 11,11,Monday - Legs/Glutes,Monday,,,Hip Thrust,"Activation and start pump, Work up to an 8-rep weight. 15-second rest between clusters.",4,,"4 clusters of 4 reps, 4 clusters of 4 reps, 4 clusters of 4 reps, 4 clusters of 4 reps",,,,,,,9,,,,
Omega Sentinel,John Meadows,An advanced 14-week bodybuilding and hypertrophy program.,14 Weeks,Advanced,"Dumbbells, Barbell, Machines, Bands",6,Legs/glutes and Shoulders - High Frequency,,3,Microcycle Week 11,Training for Week 11,11,Monday - Legs/Glutes,Monday,,,Box Squats,"Supramax pump, Same form as Week 1, sit back onto the box.",4,,"8, 8, 8, 8",8,8,,,,,9,,,,
Omega Sentinel,John Meadows,An advanced 14-week bodybuilding and hypertrophy program.,14 Weeks,Advanced,"Dumbbells, Barbell, Machines, Bands",6,Legs/glutes and Shoulders - High Frequency,,3,Microcycle Week 11,Training for Week 11,11,Monday - Legs/Glutes,Monday,,,Seated Leg Curls,"Train muscle with stretch emphasis, Keep low back flat.",4,,"10, 10, 10, 10",10,10,,,,,9,,,,
Omega Sentinel,John Meadows,An advanced 14-week bodybuilding and hypertrophy program.,14 Weeks,Advanced,"Dumbbells, Barbell, Machines, Bands",6,Legs/glutes and Shoulders - High Frequency,,3,Microcycle Week 11,Training for Week 11,11,Monday - Shoulders,Monday,,,Dumbbell bent over rear laterals,"Activation and pump, Simple sets.",4,,"20, 20, 20, 20",20,20,,,,,9,,,,
Omega Sentinel,John Meadows,An advanced 14-week bodybuilding and hypertrophy program.,14 Weeks,Advanced,"Dumbbells, Barbell, Machines, Bands",6,Legs/glutes and Shoulders - High Frequency,,3,Microcycle Week 11,Training for Week 11,11,Monday - Shoulders,Monday,,,Dumbbell side lateral partials,"Activation and pump, Lighter weight, for volume.",4,,"15, 15, 15, 15",15,15,,,,,9,,,,
Omega Sentinel,John Meadows,An advanced 14-week bodybuilding and hypertrophy program.,14 Weeks,Advanced,"Dumbbells, Barbell, Machines, Bands",6,Legs/glutes and Shoulders - High Frequency,,3,Microcycle Week 11,Training for Week 11,11,Monday - Shoulders,Monday,,,Dumbbell front raises,"Activation and pump, Simple sets.",4,,"12, 12, 12, 12",12,12,,,,,9,,,,
Omega Sentinel,John Meadows,An advanced 14-week bodybuilding and hypertrophy program.,14 Weeks,Advanced,"Dumbbells, Barbell, Machines, Bands",6,Legs/glutes and Shoulders - High Frequency,,3,Microcycle Week 11,Training for Week 11,11,Monday - Abs,Monday,,Superset,Ab combination #2,A hanging leg raise and a rope crunch combo. 4 rounds.,8,,"N/A, N/A, N/A, N/A, N/A, N/A, N/A, N/A",,,,,,,9,,,,
Omega Sentinel,John Meadows,An advanced 14-week bodybuilding and hypertrophy program.,14 Weeks,Advanced,"Dumbbells, Barbell, Machines, Bands",6,Legs/glutes and Shoulders - High Frequency,,3,Microcycle Week 11,Training for Week 11,11,Monday - Calves,Monday,,,Calve program #4,"Supramax pump, 10 reps, 10s top hold, repeat 2 more times.",4,,"10, 10, 10, 10",10,10,,,,,10,,,,
Omega Sentinel,John Meadows,An advanced 14-week bodybuilding and hypertrophy program.,14 Weeks,Advanced,"Dumbbells, Barbell, Machines, Bands",6,Legs/glutes and Shoulders - High Frequency,,3,Microcycle Week 11,Training for Week 11,11,Tuesday - Back,Tuesday,,,One arm barbell rows,"Activation and start pump, Work up to a tough 8 reps.",4,,"8, 8, 8, 8",8,8,,,,,9,,,,
Omega Sentinel,John Meadows,An advanced 14-week bodybuilding and hypertrophy program.,14 Weeks,Advanced,"Dumbbells, Barbell, Machines, Bands",6,Legs/glutes and Shoulders - High Frequency,,3,Microcycle Week 11,Training for Week 11,11,Tuesday - Back,Tuesday,,,Front lat pulldowns,"Supramax pump and forced stretch, Partner pushes on weight during stretch.",4,,"8, 8, 8, 8",8,8,,,,,10,,,,
Omega Sentinel,John Meadows,An advanced 14-week bodybuilding and hypertrophy program.,14 Weeks,Advanced,"Dumbbells, Barbell, Machines, Bands",6,Legs/glutes and Shoulders - High Frequency,,3,Microcycle Week 11,Training for Week 11,11,Tuesday - Back,Tuesday,,,Cable low rows,"Supramax pump, 1-second contraction hold.",4,,"12, 12, 12, 12",12,12,,,,,9,,,,
Omega Sentinel,John Meadows,An advanced 14-week bodybuilding and hypertrophy program.,14 Weeks,Advanced,"Dumbbells, Barbell, Machines, Bands",6,Legs/glutes and Shoulders - High Frequency,,3,Microcycle Week 11,Training for Week 11,11,Tuesday - Back,Tuesday,,,Hyperextensions,"Supramax pump, Do without bands this week.",4,,"to failure, to failure, to failure, to failure",,,,,,,10,,,,
Omega Sentinel,John Meadows,An advanced 14-week bodybuilding and hypertrophy program.,14 Weeks,Advanced,"Dumbbells, Barbell, Machines, Bands",6,Legs/glutes and Shoulders - High Frequency,,3,Microcycle Week 11,Training for Week 11,11,Tuesday - Abs,Tuesday,,Superset,Ab combination #1,A hanging leg raise and incline sit up combo. 4 rounds.,8,,"N/A, N/A, N/A, N/A, N/A, N/A, N/A, N/A",,,,,,,8,,,,
Omega Sentinel,John Meadows,An advanced 14-week bodybuilding and hypertrophy program.,14 Weeks,Advanced,"Dumbbells, Barbell, Machines, Bands",6,Legs/glutes and Shoulders - High Frequency,,3,Microcycle Week 11,Training for Week 11,11,Tuesday - Calves,Tuesday,,,Calve program #1,Supramax pump,4,,"10 full, 10 half, 10 sec stretch, 10 full, 10 half, 10 sec stretch, 10 full, 10 half, 10 sec stretch, 10 full, 10 half, 10 sec stretch",,,,,,,10,,,https://www.youtube.com/watch?v=Qhdlw51Xjsc&index=68&list=PLD5A37C01FC6D4C0D,
Omega Sentinel,John Meadows,An advanced 14-week bodybuilding and hypertrophy program.,14 Weeks,Advanced,"Dumbbells, Barbell, Machines, Bands",6,Legs/glutes and Shoulders - High Frequency,,3,Microcycle Week 11,Training for Week 11,11,Wednesday - Triceps,Wednesday,,,Dual triceps pushdowns,"Supramax pump, Use 2 ropes, get a nasty contraction.",4,,"12, 12, 12, 12",12,12,,,,,9,,,,
Omega Sentinel,John Meadows,An advanced 14-week bodybuilding and hypertrophy program.,14 Weeks,Advanced,"Dumbbells, Barbell, Machines, Bands",6,Legs/glutes and Shoulders - High Frequency,,3,Microcycle Week 11,Training for Week 11,11,Wednesday - Triceps,Wednesday,,,Vbar pushdowns,"Supramax pump, Switch to a V-bar, standard pushdowns.",4,,"15, 15, 15, 15",15,15,,,,,9,,,,
Omega Sentinel,John Meadows,An advanced 14-week bodybuilding and hypertrophy program.,14 Weeks,Advanced,"Dumbbells, Barbell, Machines, Bands",6,Legs/glutes and Shoulders - High Frequency,,3,Microcycle Week 11,Training for Week 11,11,Wednesday - Triceps,Wednesday,,,Seated rope extensions,"Supramax pump, Finish with these for a massive stretch.",4,,"12, 12, 12, 12",12,12,,,,,9,,,,
Omega Sentinel,John Meadows,An advanced 14-week bodybuilding and hypertrophy program.,14 Weeks,Advanced,"Dumbbells, Barbell, Machines, Bands",6,Legs/glutes and Shoulders - High Frequency,,3,Microcycle Week 11,Training for Week 11,11,Wednesday - Biceps,Wednesday,,,EZ bar curls,"Supramax pump, Textbook, perfect form.",3,,"12, 12, 12",12,12,,,,,9,,,,
Omega Sentinel,John Meadows,An advanced 14-week bodybuilding and hypertrophy program.,14 Weeks,Advanced,"Dumbbells, Barbell, Machines, Bands",6,Legs/glutes and Shoulders - High Frequency,,3,Microcycle Week 11,Training for Week 11,11,Wednesday - Biceps,Wednesday,,,Hammer curls,"Supramax pump, Simple sets.",3,,"10, 10, 10",10,10,,,,,9,,,,
Omega Sentinel,John Meadows,An advanced 14-week bodybuilding and hypertrophy program.,14 Weeks,Advanced,"Dumbbells, Barbell, Machines, Bands",6,Legs/glutes and Shoulders - High Frequency,,3,Microcycle Week 11,Training for Week 11,11,Wednesday - Biceps,Wednesday,,,EZ bar preacher curls,"Supramax pump, Simple sets.",3,,"10, 10, 10",10,10,,,,,9,,,,
Omega Sentinel,John Meadows,An advanced 14-week bodybuilding and hypertrophy program.,14 Weeks,Advanced,"Dumbbells, Barbell, Machines, Bands",6,Legs/glutes and Shoulders - High Frequency,,3,Microcycle Week 11,Training for Week 11,11,Wednesday - Abs,Wednesday,,Superset,Ab combination #3,A rope crunch and a pulldown crunch combo. 4 rounds.,8,,"N/A, N/A, N/A, N/A, N/A, N/A, N/A, N/A",,,,,,,9,,,,
Omega Sentinel,John Meadows,An advanced 14-week bodybuilding and hypertrophy program.,14 Weeks,Advanced,"Dumbbells, Barbell, Machines, Bands",6,Legs/glutes and Shoulders - High Frequency,,3,Microcycle Week 11,Training for Week 11,11,Wednesday - Calves,Wednesday,,,Seated raises,"Supramax pump, Pause and squeeze at the top for 8 seconds, long painful sets.",4,,"15, 15, 15, 15",15,15,,,,,10,,,,
Omega Sentinel,John Meadows,An advanced 14-week bodybuilding and hypertrophy program.,14 Weeks,Advanced,"Dumbbells, Barbell, Machines, Bands",6,Legs/glutes and Shoulders - High Frequency,,3,Microcycle Week 11,Training for Week 11,11,Thursday - Legs,Thursday,,,Single Leg Hip Thrust,"Activation and start pump, Work up to a tough 8 reps.",3,,"8, 8, 8",8,8,,,,,8,,,,
Omega Sentinel,John Meadows,An advanced 14-week bodybuilding and hypertrophy program.,14 Weeks,Advanced,"Dumbbells, Barbell, Machines, Bands",6,Legs/glutes and Shoulders - High Frequency,,3,Microcycle Week 11,Training for Week 11,11,Thursday - Legs,Thursday,,,Goblet Squat,"Supramax pump, Pause for a full second at the bottom, drive up with glutes.",3,,"10, 10, 10",10,10,,,,,8,,,,
Omega Sentinel,John Meadows,An advanced 14-week bodybuilding and hypertrophy program.,14 Weeks,Advanced,"Dumbbells, Barbell, Machines, Bands",6,Legs/glutes and Shoulders - High Frequency,,3,Microcycle Week 11,Training for Week 11,11,Thursday - Legs,Thursday,,,Leg Extensions,"Train the pumped muscle through a full range of motion, Kick up hard, 1s contraction hold, 3s negative.",3,,"15, 15, 15",15,15,,,,,8,,,,
Omega Sentinel,John Meadows,An advanced 14-week bodybuilding and hypertrophy program.,14 Weeks,Advanced,"Dumbbells, Barbell, Machines, Bands",6,Legs/glutes and Shoulders - High Frequency,,3,Microcycle Week 11,Training for Week 11,11,Thursday - Shoulders,Thursday,,,Dumbbell bent over rear laterals,"Supramax pump, Nothing to failure.",4,,"20, 20, 20, 20",20,20,,,,,8,,,,
Omega Sentinel,John Meadows,An advanced 14-week bodybuilding and hypertrophy program.,14 Weeks,Advanced,"Dumbbells, Barbell, Machines, Bands",6,Legs/glutes and Shoulders - High Frequency,,3,Microcycle Week 11,Training for Week 11,11,Thursday - Shoulders,Thursday,,,Dumbbell side laterals,"Supramax pump, Nothing to failure.",4,,"8, 8, 8, 8",8,8,,,,,8,,,,
Omega Sentinel,John Meadows,An advanced 14-week bodybuilding and hypertrophy program.,14 Weeks,Advanced,"Dumbbells, Barbell, Machines, Bands",6,Legs/glutes and Shoulders - High Frequency,,3,Microcycle Week 11,Training for Week 11,11,Thursday - Shoulders,Thursday,,,Dumbbell front raises,"Supramax pump, Nothing to failure.",4,,"12, 12, 12, 12",12,12,,,,,8,,,,
Omega Sentinel,John Meadows,An advanced 14-week bodybuilding and hypertrophy program.,14 Weeks,Advanced,"Dumbbells, Barbell, Machines, Bands",6,Legs/glutes and Shoulders - High Frequency,,3,Microcycle Week 11,Training for Week 11,11,Thursday - Calves,Thursday,,,Seated calf raises,"Stretch and pump, 1 set of 100 reps, stop as needed, but no more than 10s rest.",1,,100,100,100,,,,,12,,,,
Omega Sentinel,John Meadows,An advanced 14-week bodybuilding and hypertrophy program.,14 Weeks,Advanced,"Dumbbells, Barbell, Machines, Bands",6,Legs/glutes and Shoulders - High Frequency,,3,Microcycle Week 11,Training for Week 11,11,Thursday - Abs,Thursday,,,Hanging leg leg raise,Activation and pump.,3,,"to failure, to failure, to failure",,,,,,,9,,,,
Omega Sentinel,John Meadows,An advanced 14-week bodybuilding and hypertrophy program.,14 Weeks,Advanced,"Dumbbells, Barbell, Machines, Bands",6,Legs/glutes and Shoulders - High Frequency,,3,Microcycle Week 11,Training for Week 11,11,Friday - Chest,Friday,,,Hammer press,"Activation and start pump, Use bands if you can.",4,,"8, 8, 8, 8",8,8,,,,,9,,,,
Omega Sentinel,John Meadows,An advanced 14-week bodybuilding and hypertrophy program.,14 Weeks,Advanced,"Dumbbells, Barbell, Machines, Bands",6,Legs/glutes and Shoulders - High Frequency,,3,Microcycle Week 11,Training for Week 11,11,Friday - Chest,Friday,,,Bench press,"Supramax pump, Pause 2-3 inches above your chest.",4,,"8, 8, 8, 8",8,8,,,,,9,,,,
Omega Sentinel,John Meadows,An advanced 14-week bodybuilding and hypertrophy program.,14 Weeks,Advanced,"Dumbbells, Barbell, Machines, Bands",6,Legs/glutes and Shoulders - High Frequency,,3,Microcycle Week 11,Training for Week 11,11,Friday - Chest,Friday,,,Flat pronated flyes,"Train muscle with stretch emphasis, Stretch everything good.",4,,"10, 10, 10, 10",10,10,,,,,9,,,,
Omega Sentinel,John Meadows,An advanced 14-week bodybuilding and hypertrophy program.,14 Weeks,Advanced,"Dumbbells, Barbell, Machines, Bands",6,Legs/glutes and Shoulders - High Frequency,,3,Microcycle Week 11,Training for Week 11,11,Friday - Abs,Friday,,Superset,Ab combination #4,"A leg raise, rope crunch, and incline sit-up combo. 3 rounds.",9,,"N/A, N/A, N/A, N/A, N/A, N/A, N/A, N/A, N/A",,,,,,,10,,,,
Omega Sentinel,John Meadows,An advanced 14-week bodybuilding and hypertrophy program.,14 Weeks,Advanced,"Dumbbells, Barbell, Machines, Bands",6,Legs/glutes and Shoulders - High Frequency,,3,Microcycle Week 11,Training for Week 11,11,Saturday - Legs,Saturday,,,Cable Belt Squat March,"Activation and start pump, March in place for 2 minutes with a cable attached to a belt.",3,,"2 minutes, 2 minutes, 2 minutes",,,,,,,8,,,https://www.youtube.com/watch?v=PtshJV56huM,
Omega Sentinel,John Meadows,An advanced 14-week bodybuilding and hypertrophy program.,14 Weeks,Advanced,"Dumbbells, Barbell, Machines, Bands",6,Legs/glutes and Shoulders - High Frequency,,3,Microcycle Week 11,Training for Week 11,11,Saturday - Legs,Saturday,,,Hip Thrust,"Supramax pump, 10 reps, then 5 partials from the top.",3,,"10, 10, 10",10,10,,,,,8,,,,
Omega Sentinel,John Meadows,An advanced 14-week bodybuilding and hypertrophy program.,14 Weeks,Advanced,"Dumbbells, Barbell, Machines, Bands",6,Legs/glutes and Shoulders - High Frequency,,3,Microcycle Week 11,Training for Week 11,11,Saturday - Legs,Saturday,,,Band Good Mornings,"Supramax pump, Use a band, or light barbell. Do 3 sets to failure.",3,,"to failure, to failure, to failure",,,,,,,9,,,https://www.youtube.com/watch?v=5eh9EAfLPPI,
Omega Sentinel,John Meadows,An advanced 14-week bodybuilding and hypertrophy program.,14 Weeks,Advanced,"Dumbbells, Barbell, Machines, Bands",6,Legs/glutes and Shoulders - High Frequency,,3,Microcycle Week 11,Training for Week 11,11,Saturday - Shoulders,Saturday,,,Machine rear laterals,"Supramax pump, Nothing to failure.",3,,"20, 20, 20",20,20,,,,,8,,,,
Omega Sentinel,John Meadows,An advanced 14-week bodybuilding and hypertrophy program.,14 Weeks,Advanced,"Dumbbells, Barbell, Machines, Bands",6,Legs/glutes and Shoulders - High Frequency,,3,Microcycle Week 11,Training for Week 11,11,Saturday - Shoulders,Saturday,,,Dumbbell side laterals,"Supramax pump, Nothing to failure.",3,,"8, 8, 8",8,8,,,,,8,,,,
Omega Sentinel,John Meadows,An advanced 14-week bodybuilding and hypertrophy program.,14 Weeks,Advanced,"Dumbbells, Barbell, Machines, Bands",6,Legs/glutes and Shoulders - High Frequency,,3,Microcycle Week 11,Training for Week 11,11,Saturday - Shoulders,Saturday,,,6 ways,"Supramax pump, Do 2 sets of 10.",2,,"10, 10",10,10,,,,,8,,,,
Omega Sentinel,John Meadows,An advanced 14-week bodybuilding and hypertrophy program.,14 Weeks,Advanced,"Dumbbells, Barbell, Machines, Bands",6,Legs/glutes and Shoulders - High Frequency,,3,Microcycle Week 11,Training for Week 11,11,Saturday - Calves,Saturday,,,Calve program #1,Supramax pump,4,,"10 full, 10 half, 10 sec stretch, 10 full, 10 half, 10 sec stretch, 10 full, 10 half, 10 sec stretch, 10 full, 10 half, 10 sec stretch",,,,,,,10,,,https://www.youtube.com/watch?v=Qhdlw51Xjsc&index=68&list=PLD5A37C01FC6D4C0D,
Omega Sentinel,John Meadows,An advanced 14-week bodybuilding and hypertrophy program.,14 Weeks,Advanced,"Dumbbells, Barbell, Machines, Bands",6,Legs/glutes and Shoulders - High Frequency,,3,Microcycle Week 12,Training for Week 12,12,Monday - Legs/Glutes,Monday,,,Hip Thrust,"Activation and start pump, Work up to an 8-rep weight. 15-second rest between clusters.",3,,"6 reps per cluster, 6 reps per cluster, 6 reps per cluster",,,,,,,9,,,,
Omega Sentinel,John Meadows,An advanced 14-week bodybuilding and hypertrophy program.,14 Weeks,Advanced,"Dumbbells, Barbell, Machines, Bands",6,Legs/glutes and Shoulders - High Frequency,,3,Microcycle Week 12,Training for Week 12,12,Monday - Legs/Glutes,Monday,,,Box Squats,"Supramax pump, Same form as Week 1, sit back onto the box.",4,,"10, 10, 10, 10",10,10,,,,,9,,,,
Omega Sentinel,John Meadows,An advanced 14-week bodybuilding and hypertrophy program.,14 Weeks,Advanced,"Dumbbells, Barbell, Machines, Bands",6,Legs/glutes and Shoulders - High Frequency,,3,Microcycle Week 12,Training for Week 12,12,Monday - Legs/Glutes,Monday,,,Lying Leg Curls,"Train muscle with stretch emphasis, 2-second hold in the stretch position.",4,,"10, 10, 10, 10",10,10,,,,,9,,,,
Omega Sentinel,John Meadows,An advanced 14-week bodybuilding and hypertrophy program.,14 Weeks,Advanced,"Dumbbells, Barbell, Machines, Bands",6,Legs/glutes and Shoulders - High Frequency,,3,Microcycle Week 12,Training for Week 12,12,Monday - Shoulders,Monday,,,Dumbbell bent over rear laterals,"Activation and pump, 10 over and backs with a rope/band between sets for FIRE!",4,,"20, 20, 20, 20",20,20,,,,,9,,,,
Omega Sentinel,John Meadows,An advanced 14-week bodybuilding and hypertrophy program.,14 Weeks,Advanced,"Dumbbells, Barbell, Machines, Bands",6,Legs/glutes and Shoulders - High Frequency,,3,Microcycle Week 12,Training for Week 12,12,Monday - Shoulders,Monday,,,Cable side laterals,"Activation and pump, Stand away from machine to get extra range of motion.",4,,"12, 12, 12, 12",12,12,,,,,9,,,,
Omega Sentinel,John Meadows,An advanced 14-week bodybuilding and hypertrophy program.,14 Weeks,Advanced,"Dumbbells, Barbell, Machines, Bands",6,Legs/glutes and Shoulders - High Frequency,,3,Microcycle Week 12,Training for Week 12,12,Monday - Shoulders,Monday,,,Spidercrawls,"Activation and pump, Up above head, down to waistline, 3 times for 1 set.",3,,"3 times up/down, 3 times up/down, 3 times up/down",,,,,,,9,,,,
Omega Sentinel,John Meadows,An advanced 14-week bodybuilding and hypertrophy program.,14 Weeks,Advanced,"Dumbbells, Barbell, Machines, Bands",6,Legs/glutes and Shoulders - High Frequency,,3,Microcycle Week 12,Training for Week 12,12,Monday - Abs,Monday,,Superset,Ab combination #2,A hanging leg raise and a rope crunch combo. 4 rounds.,8,,"N/A, N/A, N/A, N/A, N/A, N/A, N/A, N/A",,,,,,,9,,,,
Omega Sentinel,John Meadows,An advanced 14-week bodybuilding and hypertrophy program.,14 Weeks,Advanced,"Dumbbells, Barbell, Machines, Bands",6,Legs/glutes and Shoulders - High Frequency,,3,Microcycle Week 12,Training for Week 12,12,Monday - Calves,Monday,,,Calve program #4,"Supramax pump, 10 reps, 10s top hold, repeat 2 more times.",4,,"10, 10, 10, 10",10,10,,,,,10,,,,
Omega Sentinel,John Meadows,An advanced 14-week bodybuilding and hypertrophy program.,14 Weeks,Advanced,"Dumbbells, Barbell, Machines, Bands",6,Legs/glutes and Shoulders - High Frequency,,3,Microcycle Week 12,Training for Week 12,12,Tuesday - Back,Tuesday,,,Meadows rows,"Activation and start pump, Work up to a tough 8 reps.",4,,"8, 8, 8, 8",8,8,,,,,9,,,,
Omega Sentinel,John Meadows,An advanced 14-week bodybuilding and hypertrophy program.,14 Weeks,Advanced,"Dumbbells, Barbell, Machines, Bands",6,Legs/glutes and Shoulders - High Frequency,,3,Microcycle Week 12,Training for Week 12,12,Tuesday - Back,Tuesday,,,Single arm supinated pulldowns,"Supramax pump, Drive elbow down hard and flex lower lat until it feels like it is cramping.",4,,"10, 10, 10, 10",10,10,,,,,9,,,,
Omega Sentinel,John Meadows,An advanced 14-week bodybuilding and hypertrophy program.,14 Weeks,Advanced,"Dumbbells, Barbell, Machines, Bands",6,Legs/glutes and Shoulders - High Frequency,,3,Microcycle Week 12,Training for Week 12,12,Tuesday - Back,Tuesday,,,Pronated cable low rows,"Supramax pump, Crush lower traps and rhomboids.",4,,"10, 10, 10, 10",10,10,,,,,9,,,,
Omega Sentinel,John Meadows,An advanced 14-week bodybuilding and hypertrophy program.,14 Weeks,Advanced,"Dumbbells, Barbell, Machines, Bands",6,Legs/glutes and Shoulders - High Frequency,,3,Microcycle Week 12,Training for Week 12,12,Tuesday - Back,Tuesday,,,Hyperextensions,"Supramax pump, Do without bands this week.",4,,"to failure, to failure, to failure, to failure",,,,,,,10,,,,
Omega Sentinel,John Meadows,An advanced 14-week bodybuilding and hypertrophy program.,14 Weeks,Advanced,"Dumbbells, Barbell, Machines, Bands",6,Legs/glutes and Shoulders - High Frequency,,3,Microcycle Week 12,Training for Week 12,12,Tuesday - Abs,Tuesday,,Superset,Ab combination #1,A hanging leg raise and incline sit up combo. 4 rounds.,8,,"N/A, N/A, N/A, N/A, N/A, N/A, N/A, N/A",,,,,,,8,,,,
Omega Sentinel,John Meadows,An advanced 14-week bodybuilding and hypertrophy program.,14 Weeks,Advanced,"Dumbbells, Barbell, Machines, Bands",6,Legs/glutes and Shoulders - High Frequency,,3,Microcycle Week 12,Training for Week 12,12,Tuesday - Calves,Tuesday,,,Calve program #1,Supramax pump,4,,"10 full, 10 half, 10 sec stretch, 10 full, 10 half, 10 sec stretch, 10 full, 10 half, 10 sec stretch, 10 full, 10 half, 10 sec stretch",,,,,,,10,,,https://www.youtube.com/watch?v=Qhdlw51Xjsc&index=68&list=PLD5A37C01FC6D4C0D,
Omega Sentinel,John Meadows,An advanced 14-week bodybuilding and hypertrophy program.,14 Weeks,Advanced,"Dumbbells, Barbell, Machines, Bands",6,Legs/glutes and Shoulders - High Frequency,,3,Microcycle Week 12,Training for Week 12,12,Wednesday - Triceps,Wednesday,,,Single arm triceps pushdowns,"Supramax pump, Do these as seen in the video.",4,,"20, 20, 20, 20",20,20,,,,,9,,,,
Omega Sentinel,John Meadows,An advanced 14-week bodybuilding and hypertrophy program.,14 Weeks,Advanced,"Dumbbells, Barbell, Machines, Bands",6,Legs/glutes and Shoulders - High Frequency,,3,Microcycle Week 12,Training for Week 12,12,Wednesday - Triceps,Wednesday,,,Decline lying extensions,"Supramax pump, Rep hard on these.",4,,"20, 20, 20, 20",20,20,,,,,9,,,,
Omega Sentinel,John Meadows,An advanced 14-week bodybuilding and hypertrophy program.,14 Weeks,Advanced,"Dumbbells, Barbell, Machines, Bands",6,Legs/glutes and Shoulders - High Frequency,,3,Microcycle Week 12,Training for Week 12,12,Wednesday - Triceps,Wednesday,,,Seated rope extensions,"Supramax pump, Finish with these for a massive stretch.",4,,"12, 12, 12, 12",12,12,,,,,9,,,,
Omega Sentinel,John Meadows,An advanced 14-week bodybuilding and hypertrophy program.,14 Weeks,Advanced,"Dumbbells, Barbell, Machines, Bands",6,Legs/glutes and Shoulders - High Frequency,,3,Microcycle Week 12,Training for Week 12,12,Wednesday - Biceps,Wednesday,,,Hammer curl variation,"Supramax pump, Simple sets.",3,,"12, 12, 12",12,12,,,,,9,,,,
Omega Sentinel,John Meadows,An advanced 14-week bodybuilding and hypertrophy program.,14 Weeks,Advanced,"Dumbbells, Barbell, Machines, Bands",6,Legs/glutes and Shoulders - High Frequency,,3,Microcycle Week 12,Training for Week 12,12,Wednesday - Biceps,Wednesday,,,Barbell curls,"Supramax pump, Use a straight bar or EZ curl bar.",3,,"10, 10, 10",10,10,,,,,9,,,,
Omega Sentinel,John Meadows,An advanced 14-week bodybuilding and hypertrophy program.,14 Weeks,Advanced,"Dumbbells, Barbell, Machines, Bands",6,Legs/glutes and Shoulders - High Frequency,,3,Microcycle Week 12,Training for Week 12,12,Wednesday - Biceps,Wednesday,,,EZ bar reverse curls,"Supramax pump, Simple sets.",3,,"15, 15, 15",15,15,,,,,9,,,,
Omega Sentinel,John Meadows,An advanced 14-week bodybuilding and hypertrophy program.,14 Weeks,Advanced,"Dumbbells, Barbell, Machines, Bands",6,Legs/glutes and Shoulders - High Frequency,,3,Microcycle Week 12,Training for Week 12,12,Wednesday - Abs,Wednesday,,Superset,Ab combination #3,A rope crunch and a pulldown crunch combo. 4 rounds.,8,,"N/A, N/A, N/A, N/A, N/A, N/A, N/A, N/A",,,,,,,9,,,,
Omega Sentinel,John Meadows,An advanced 14-week bodybuilding and hypertrophy program.,14 Weeks,Advanced,"Dumbbells, Barbell, Machines, Bands",6,Legs/glutes and Shoulders - High Frequency,,3,Microcycle Week 12,Training for Week 12,12,Wednesday - Calves,Wednesday,,,Seated raises,"Supramax pump, Pause and squeeze at the top for 8 seconds, long painful sets.",4,,"15, 15, 15, 15",15,15,,,,,10,,,,
Omega Sentinel,John Meadows,An advanced 14-week bodybuilding and hypertrophy program.,14 Weeks,Advanced,"Dumbbells, Barbell, Machines, Bands",6,Legs/glutes and Shoulders - High Frequency,,3,Microcycle Week 12,Training for Week 12,12,Thursday - Legs,Thursday,,,Single Leg Hip Thrust,"Activation and start pump, Work up to a tough 10 reps.",3,,"10, 10, 10",10,10,,,,,8,,,,
Omega Sentinel,John Meadows,An advanced 14-week bodybuilding and hypertrophy program.,14 Weeks,Advanced,"Dumbbells, Barbell, Machines, Bands",6,Legs/glutes and Shoulders - High Frequency,,3,Microcycle Week 12,Training for Week 12,12,Thursday - Legs,Thursday,,,Goblet Squat,"Supramax pump, Pause for a full second at the bottom, drive up with glutes.",3,,"12, 12, 12",12,12,,,,,8,,,,
Omega Sentinel,John Meadows,An advanced 14-week bodybuilding and hypertrophy program.,14 Weeks,Advanced,"Dumbbells, Barbell, Machines, Bands",6,Legs/glutes and Shoulders - High Frequency,,3,Microcycle Week 12,Training for Week 12,12,Thursday - Legs,Thursday,,,Short Step Walking Lunges,"Train the pumped muscle through a full range of motion, 15 steps each leg. Keep those steps short.",3,,"30 steps, 30 steps, 30 steps",30,30,,,,,8,,,,
Omega Sentinel,John Meadows,An advanced 14-week bodybuilding and hypertrophy program.,14 Weeks,Advanced,"Dumbbells, Barbell, Machines, Bands",6,Legs/glutes and Shoulders - High Frequency,,3,Microcycle Week 12,Training for Week 12,12,Thursday - Shoulders,Thursday,,,Banded face pulls,"Supramax pump, Use the long orange micro mini band.",4,,"20, 20, 20, 20",20,20,,,,,8,,,,
Omega Sentinel,John Meadows,An advanced 14-week bodybuilding and hypertrophy program.,14 Weeks,Advanced,"Dumbbells, Barbell, Machines, Bands",6,Legs/glutes and Shoulders - High Frequency,,3,Microcycle Week 12,Training for Week 12,12,Thursday - Shoulders,Thursday,,,Dumbbell side laterals,"Supramax pump, Nothing to failure.",4,,"8, 8, 8, 8",8,8,,,,,8,,,,
Omega Sentinel,John Meadows,An advanced 14-week bodybuilding and hypertrophy program.,14 Weeks,Advanced,"Dumbbells, Barbell, Machines, Bands",6,Legs/glutes and Shoulders - High Frequency,,3,Microcycle Week 12,Training for Week 12,12,Thursday - Shoulders,Thursday,,,Barbell front raises,"Supramax pump, Nothing to failure.",4,,"10, 10, 10, 10",10,10,,,,,8,,,,
Omega Sentinel,John Meadows,An advanced 14-week bodybuilding and hypertrophy program.,14 Weeks,Advanced,"Dumbbells, Barbell, Machines, Bands",6,Legs/glutes and Shoulders - High Frequency,,3,Microcycle Week 12,Training for Week 12,12,Thursday - Calves,Thursday,,,Seated calf raises,"Stretch and pump, 1 set of 100 reps, stop as needed, but no more than 10s rest.",1,,100,100,100,,,,,12,,,,
Omega Sentinel,John Meadows,An advanced 14-week bodybuilding and hypertrophy program.,14 Weeks,Advanced,"Dumbbells, Barbell, Machines, Bands",6,Legs/glutes and Shoulders - High Frequency,,3,Microcycle Week 12,Training for Week 12,12,Thursday - Abs,Thursday,,,Hanging leg leg raise,Activation and pump.,3,,"to failure, to failure, to failure",,,,,,,9,,,,
Omega Sentinel,John Meadows,An advanced 14-week bodybuilding and hypertrophy program.,14 Weeks,Advanced,"Dumbbells, Barbell, Machines, Bands",6,Legs/glutes and Shoulders - High Frequency,,3,Microcycle Week 12,Training for Week 12,12,Friday - Chest,Friday,,,Incline dumbbell press,"Activation and start pump, Work hard to beat last week's weight for 8 reps.",4,,"8, 8, 8, 8",8,8,,,,,8,,,,
Omega Sentinel,John Meadows,An advanced 14-week bodybuilding and hypertrophy program.,14 Weeks,Advanced,"Dumbbells, Barbell, Machines, Bands",6,Legs/glutes and Shoulders - High Frequency,,3,Microcycle Week 12,Training for Week 12,12,Friday - Chest,Friday,,,Incline bench press,"Supramax pump, Work up to a tough 6 reps.",4,,"6, 6, 6, 6",6,6,,,,,9,,,,
Omega Sentinel,John Meadows,An advanced 14-week bodybuilding and hypertrophy program.,14 Weeks,Advanced,"Dumbbells, Barbell, Machines, Bands",6,Legs/glutes and Shoulders - High Frequency,,3,Microcycle Week 12,Training for Week 12,12,Friday - Chest,Friday,,,Flat dumbbell press,"Supramax pump, Take to 3/4 lockout.",4,,"10, 10, 10, 10",10,10,,,,,8,,,,
Omega Sentinel,John Meadows,An advanced 14-week bodybuilding and hypertrophy program.,14 Weeks,Advanced,"Dumbbells, Barbell, Machines, Bands",6,Legs/glutes and Shoulders - High Frequency,,3,Microcycle Week 12,Training for Week 12,12,Friday - Chest,Friday,,,Incline pronated flyes,"Train muscle with stretch emphasis, Stretch everything good and flush muscle with blood.",3,,"15, 15, 15",15,15,,,,,9,,,,
Omega Sentinel,John Meadows,An advanced 14-week bodybuilding and hypertrophy program.,14 Weeks,Advanced,"Dumbbells, Barbell, Machines, Bands",6,Legs/glutes and Shoulders - High Frequency,,3,Microcycle Week 12,Training for Week 12,12,Friday - Chest,Friday,,,Stretch push-ups,"Supramax pump, Add a chain or some extra weight, 8 reps.",3,,"to failure, to failure, to failure",,,,,,,9,,,,
Omega Sentinel,John Meadows,An advanced 14-week bodybuilding and hypertrophy program.,14 Weeks,Advanced,"Dumbbells, Barbell, Machines, Bands",6,Legs/glutes and Shoulders - High Frequency,,3,Microcycle Week 12,Training for Week 12,12,Friday - Abs,Friday,,Superset,Ab combination #4,"A leg raise, rope crunch, and incline sit-up combo. 3 rounds.",9,,"N/A, N/A, N/A, N/A, N/A, N/A, N/A, N/A, N/A",,,,,,,10,,,,
Omega Sentinel,John Meadows,An advanced 14-week bodybuilding and hypertrophy program.,14 Weeks,Advanced,"Dumbbells, Barbell, Machines, Bands",6,Legs/glutes and Shoulders - High Frequency,,3,Microcycle Week 12,Training for Week 12,12,Saturday - Legs,Saturday,,,Cable Belt Squat March,"Activation and start pump, Increase the weight this week.",3,,"2 minutes, 2 minutes, 2 minutes",,,,,,,8,,,,
Omega Sentinel,John Meadows,An advanced 14-week bodybuilding and hypertrophy program.,14 Weeks,Advanced,"Dumbbells, Barbell, Machines, Bands",6,Legs/glutes and Shoulders - High Frequency,,3,Microcycle Week 12,Training for Week 12,12,Saturday - Legs,Saturday,,,Hip Thrust,"Supramax pump, 10 reps, then 10 partials from the top at the end of the set.",3,,"10, 10, 10",10,10,,,,,8,,,,
Omega Sentinel,John Meadows,An advanced 14-week bodybuilding and hypertrophy program.,14 Weeks,Advanced,"Dumbbells, Barbell, Machines, Bands",6,Legs/glutes and Shoulders - High Frequency,,3,Microcycle Week 12,Training for Week 12,12,Saturday - Legs,Saturday,,,Band Good Mornings,"Supramax pump, Use a band, or light barbell. Do 3 sets to failure.",3,,"to failure, to failure, to failure",,,,,,,9,,,https://www.youtube.com/watch?v=5eh9EAfLPPI,
Omega Sentinel,John Meadows,An advanced 14-week bodybuilding and hypertrophy program.,14 Weeks,Advanced,"Dumbbells, Barbell, Machines, Bands",6,Legs/glutes and Shoulders - High Frequency,,3,Microcycle Week 12,Training for Week 12,12,Saturday - Shoulders,Saturday,,,Machine rear laterals,"Supramax pump, Hold the contracted position for 1 second.",3,,"15, 15, 15",15,15,,,,,8,,,,
Omega Sentinel,John Meadows,An advanced 14-week bodybuilding and hypertrophy program.,14 Weeks,Advanced,"Dumbbells, Barbell, Machines, Bands",6,Legs/glutes and Shoulders - High Frequency,,3,Microcycle Week 12,Training for Week 12,12,Saturday - Shoulders,Saturday,,,Dumbbell side laterals,"Supramax pump, Do 10 over and backs with a rope/band between sets here!",3,,"12, 12, 12",12,12,,,,,8,,,,
Omega Sentinel,John Meadows,An advanced 14-week bodybuilding and hypertrophy program.,14 Weeks,Advanced,"Dumbbells, Barbell, Machines, Bands",6,Legs/glutes and Shoulders - High Frequency,,3,Microcycle Week 12,Training for Week 12,12,Saturday - Shoulders,Saturday,,,Dumbbell press,"Supramax pump, Nice and slow, full lockout and flexing.",3,,"15, 15, 15",15,15,,,,,8,,,,
Omega Sentinel,John Meadows,An advanced 14-week bodybuilding and hypertrophy program.,14 Weeks,Advanced,"Dumbbells, Barbell, Machines, Bands",6,Legs/glutes and Shoulders - High Frequency,,3,Microcycle Week 12,Training for Week 12,12,Saturday - Calves,Saturday,,,Calf program #1,Supramax pump,4,,"10 full, 10 half, 10 sec stretch, 10 full, 10 half, 10 sec stretch, 10 full, 10 half, 10 sec stretch, 10 full, 10 half, 10 sec stretch",,,,,,,10,,,https://www.youtube.com/watch?v=Qhdlw51Xjsc&index=68&list=PLD5A37C01FC6D4C0D,
Omega Sentinel,John Meadows,An advanced 14-week bodybuilding and hypertrophy program.,14 Weeks,Advanced,"Dumbbells, Barbell, Machines, Bands",6,Legs/glutes and Shoulders - High Frequency,,3,Microcycle Week 13,Training for Week 13,13,Monday - Legs/Glutes,Monday,,,Hip Thrust,"Activation and start pump, Work up to an 8-rep weight. 15-second rest between clusters.",3,,"6 reps per cluster, 6 reps per cluster, 6 reps per cluster",,,,,,,9,,,,
Omega Sentinel,John Meadows,An advanced 14-week bodybuilding and hypertrophy program.,14 Weeks,Advanced,"Dumbbells, Barbell, Machines, Bands",6,Legs/glutes and Shoulders - High Frequency,,3,Microcycle Week 13,Training for Week 13,13,Monday - Legs/Glutes,Monday,,,Wide Stance Squats,"Supramax pump, Keep low back arched, push hips back, glute contraction.",4,,"10, 10, 10, 10",10,10,,,,,9,,,,
Omega Sentinel,John Meadows,An advanced 14-week bodybuilding and hypertrophy program.,14 Weeks,Advanced,"Dumbbells, Barbell, Machines, Bands",6,Legs/glutes and Shoulders - High Frequency,,3,Microcycle Week 13,Training for Week 13,13,Monday - Legs/Glutes,Monday,,,Barbell Romanian Deadlifts,"Train muscle with stretch emphasis, 2-second hold in the stretch position.",4,,"10, 10, 10, 10",10,10,,,,,9,,,,
Omega Sentinel,John Meadows,An advanced 14-week bodybuilding and hypertrophy program.,14 Weeks,Advanced,"Dumbbells, Barbell, Machines, Bands",6,Legs/glutes and Shoulders - High Frequency,,3,Microcycle Week 13,Training for Week 13,13,Monday - Shoulders,Monday,,,Dumbbell bent over rear laterals/swings,"Activation and pump, Use the swing technique for half reps.",3,,"30, 30, 30",30,30,,,,,9,,,,
Omega Sentinel,John Meadows,An advanced 14-week bodybuilding and hypertrophy program.,14 Weeks,Advanced,"Dumbbells, Barbell, Machines, Bands",6,Legs/glutes and Shoulders - High Frequency,,3,Microcycle Week 13,Training for Week 13,13,Monday - Shoulders,Monday,,,Dumbbell side lateral partials,"Activation and pump, Sit down, grab heavy dumbbells, do little swings.",3,,"15, 15, 15",15,15,,,,,9,,,,
Omega Sentinel,John Meadows,An advanced 14-week bodybuilding and hypertrophy program.,14 Weeks,Advanced,"Dumbbells, Barbell, Machines, Bands",6,Legs/glutes and Shoulders - High Frequency,,3,Microcycle Week 13,Training for Week 13,13,Monday - Shoulders,Monday,,,Spidercrawls,"Activation and pump, Up above head, down to waistline, 3 times for 1 set.",3,,"3 times up/down, 3 times up/down, 3 times up/down",,,,,,,9,,,,
Omega Sentinel,John Meadows,An advanced 14-week bodybuilding and hypertrophy program.,14 Weeks,Advanced,"Dumbbells, Barbell, Machines, Bands",6,Legs/glutes and Shoulders - High Frequency,,3,Microcycle Week 13,Training for Week 13,13,Monday - Abs,Monday,,,Ab combination #2,A hanging leg raise and a rope crunch combo. 4 rounds.,8,,"N/A, N/A, N/A, N/A, N/A, N/A, N/A, N/A",,,,,,,9,,,,
Omega Sentinel,John Meadows,An advanced 14-week bodybuilding and hypertrophy program.,14 Weeks,Advanced,"Dumbbells, Barbell, Machines, Bands",6,Legs/glutes and Shoulders - High Frequency,,3,Microcycle Week 13,Training for Week 13,13,Monday - Calves,Monday,,,Calf program #4,"Supramax pump, 10 reps, 10s top hold, repeat 2 more times.",4,,"10, 10, 10, 10",10,10,,,,,10,,,,
Omega Sentinel,John Meadows,An advanced 14-week bodybuilding and hypertrophy program.,14 Weeks,Advanced,"Dumbbells, Barbell, Machines, Bands",6,Legs/glutes and Shoulders - High Frequency,,3,Microcycle Week 13,Training for Week 13,13,Tuesday - Back,Tuesday,,,Dumbbell rows,"Activation and start pump, Work up to a hard 10, then do a drop set (10, 10, 10).",3,Drop Set,"10, 10, 10",10,10,,,,,9,,,,
Omega Sentinel,John Meadows,An advanced 14-week bodybuilding and hypertrophy program.,14 Weeks,Advanced,"Dumbbells, Barbell, Machines, Bands",6,Legs/glutes and Shoulders - High Frequency,,3,Microcycle Week 13,Training for Week 13,13,Tuesday - Back,Tuesday,,,Neutral grip pulldowns,"Supramax pump, Palms facing each other grip.",4,,"10, 10, 10, 10",10,10,,,,,9,,,,
Omega Sentinel,John Meadows,An advanced 14-week bodybuilding and hypertrophy program.,14 Weeks,Advanced,"Dumbbells, Barbell, Machines, Bands",6,Legs/glutes and Shoulders - High Frequency,,3,Microcycle Week 13,Training for Week 13,13,Tuesday - Back,Tuesday,,,Supinated cable low rows,"Supramax pump, Elevate yourself if possible.",4,,"10, 10, 10, 10",10,10,,,,,9,,,,
Omega Sentinel,John Meadows,An advanced 14-week bodybuilding and hypertrophy program.,14 Weeks,Advanced,"Dumbbells, Barbell, Machines, Bands",6,Legs/glutes and Shoulders - High Frequency,,3,Microcycle Week 13,Training for Week 13,13,Tuesday - Back,Tuesday,,,Hyperextensions,"Supramax pump, Use a band with very hard tension.",4,,"8, 8, 8, 8",8,8,,,,,10,,,,
Omega Sentinel,John Meadows,An advanced 14-week bodybuilding and hypertrophy program.,14 Weeks,Advanced,"Dumbbells, Barbell, Machines, Bands",6,Legs/glutes and Shoulders - High Frequency,,3,Microcycle Week 13,Training for Week 13,13,Tuesday - Abs,Tuesday,,,Ab combination #1,A hanging leg raise and incline sit up combo. 4 rounds.,8,,"N/A, N/A, N/A, N/A, N/A, N/A, N/A, N/A",,,,,,,8,,,,
Omega Sentinel,John Meadows,An advanced 14-week bodybuilding and hypertrophy program.,14 Weeks,Advanced,"Dumbbells, Barbell, Machines, Bands",6,Legs/glutes and Shoulders - High Frequency,,3,Microcycle Week 13,Training for Week 13,13,Tuesday - Calves,Tuesday,,,Calf program #1,Supramax pump,4,,"10 full, 10 half, 10 sec stretch, 10 full, 10 half, 10 sec stretch, 10 full, 10 half, 10 sec stretch, 10 full, 10 half, 10 sec stretch",,,,,,,10,,,https://www.youtube.com/watch?v=Qhdlw51Xjsc&index=68&list=PLD5A37C01FC6D4C0D,
Omega Sentinel,John Meadows,An advanced 14-week bodybuilding and hypertrophy program.,14 Weeks,Advanced,"Dumbbells, Barbell, Machines, Bands",6,Legs/glutes and Shoulders - High Frequency,,3,Microcycle Week 13,Training for Week 13,13,Wednesday - Triceps,Wednesday,,,Single arm triceps pushdowns,"Supramax pump, Do these as seen in the video.",4,,"10, 10, 10, 10",10,10,,,,,9,,,,
Omega Sentinel,John Meadows,An advanced 14-week bodybuilding and hypertrophy program.,14 Weeks,Advanced,"Dumbbells, Barbell, Machines, Bands",6,Legs/glutes and Shoulders - High Frequency,,3,Microcycle Week 13,Training for Week 13,13,Wednesday - Triceps,Wednesday,,,Incline lying extensions,"Supramax pump, Rep hard on these.",4,,"20, 20, 20, 20",20,20,,,,,9,,,,
Omega Sentinel,John Meadows,An advanced 14-week bodybuilding and hypertrophy program.,14 Weeks,Advanced,"Dumbbells, Barbell, Machines, Bands",6,Legs/glutes and Shoulders - High Frequency,,3,Microcycle Week 13,Training for Week 13,13,Wednesday - Triceps,Wednesday,,,Pushdowns on dip/chin machine,"Supramax pump, Use elbows to ride up high for a massive stretch, not a contraction.",4,,"10, 10, 10, 10",10,10,,,,,9,,,,
Omega Sentinel,John Meadows,An advanced 14-week bodybuilding and hypertrophy program.,14 Weeks,Advanced,"Dumbbells, Barbell, Machines, Bands",6,Legs/glutes and Shoulders - High Frequency,,3,Microcycle Week 13,Training for Week 13,13,Wednesday - Biceps,Wednesday,,,Hammer curl variation,"Supramax pump, Simple sets.",3,,"12, 12, 12",12,12,,,,,9,,,,
Omega Sentinel,John Meadows,An advanced 14-week bodybuilding and hypertrophy program.,14 Weeks,Advanced,"Dumbbells, Barbell, Machines, Bands",6,Legs/glutes and Shoulders - High Frequency,,3,Microcycle Week 13,Training for Week 13,13,Wednesday - Biceps,Wednesday,,,Incline concentration curl,"Supramax pump, Use an EZ curl bar or dumbbells.",3,,"10, 10, 10",10,10,,,,,9,,,,
Omega Sentinel,John Meadows,An advanced 14-week bodybuilding and hypertrophy program.,14 Weeks,Advanced,"Dumbbells, Barbell, Machines, Bands",6,Legs/glutes and Shoulders - High Frequency,,3,Microcycle Week 13,Training for Week 13,13,Wednesday - Biceps,Wednesday,,,EZ bar preacher curls,"Supramax pump, Simple sets.",3,,"8, 8, 8",8,8,,,,,9,,,,
Omega Sentinel,John Meadows,An advanced 14-week bodybuilding and hypertrophy program.,14 Weeks,Advanced,"Dumbbells, Barbell, Machines, Bands",6,Legs/glutes and Shoulders - High Frequency,,3,Microcycle Week 13,Training for Week 13,13,Wednesday - Abs,Wednesday,,,Ab combination #3,A rope crunch and a pulldown crunch combo. 4 rounds.,8,,"N/A, N/A, N/A, N/A, N/A, N/A, N/A, N/A",,,,,,,9,,,,
Omega Sentinel,John Meadows,An advanced 14-week bodybuilding and hypertrophy program.,14 Weeks,Advanced,"Dumbbells, Barbell, Machines, Bands",6,Legs/glutes and Shoulders - High Frequency,,3,Microcycle Week 13,Training for Week 13,13,Wednesday - Calves,Wednesday,,,Seated raises,"Supramax pump, Pause and squeeze at the top for 8 seconds, long painful sets.",4,,"15, 15, 15, 15",15,15,,,,,10,,,,
Omega Sentinel,John Meadows,An advanced 14-week bodybuilding and hypertrophy program.,14 Weeks,Advanced,"Dumbbells, Barbell, Machines, Bands",6,Legs/glutes and Shoulders - High Frequency,,3,Microcycle Week 13,Training for Week 13,13,Thursday - Legs,Thursday,,,Single Leg Hip Thrust,"Activation and start pump, Work up to a tough 12 reps.",3,,"12, 12, 12",12,12,,,,,8,,,,
Omega Sentinel,John Meadows,An advanced 14-week bodybuilding and hypertrophy program.,14 Weeks,Advanced,"Dumbbells, Barbell, Machines, Bands",6,Legs/glutes and Shoulders - High Frequency,,3,Microcycle Week 13,Training for Week 13,13,Thursday - Legs,Thursday,,,Hack Squat,"Supramax pump, Come down as low as you can while maintaining a low back arch.",3,,"15, 15, 15",15,15,,,,,8,,,,
Omega Sentinel,John Meadows,An advanced 14-week bodybuilding and hypertrophy program.,14 Weeks,Advanced,"Dumbbells, Barbell, Machines, Bands",6,Legs/glutes and Shoulders - High Frequency,,3,Microcycle Week 13,Training for Week 13,13,Thursday - Legs,Thursday,,,"""","Train the pumped muscle through a full range of motion, Come down until just before you lose that low back arch.",,,,,,,,,,,,,,
,,,,,,,,,,Microcycle Week 13,Training for Week 13,13,,,,,,,,,,,,,,,,,,,,
,,,,,,,,,,Microcycle Week 13,Training for Week 13,13,,,,,,,,,,,,,,,,,,,,
,,,,,,,,,,Microcycle Week 13,Training for Week 13,13,,,,,,,,,,,,,,,,,,,,
,,,,,,,,,,Microcycle Week 13,Training for Week 13,13,,,,,,,,,,,,,,,,,,,,
,,,,,,,,,,Microcycle Week 13,Training for Week 13,13,,,,,,,,,,,,,,,,,,,,
,,,,,,,,,,Microcycle Week 13,Training for Week 13,13,,,,,,,,,,,,,,,,,,,,
,,,,,,,,,,Microcycle Week 13,Training for Week 13,13,,,,,,,,,,,,,,,,,,,,
,,,,,,,,,,Microcycle Week 13,Training for Week 13,13,,,,,,,,,,,,,,,,,,,,
,,,,,,,,,,Microcycle Week 13,Training for Week 13,13,,,,,,,,,,,,,,,,,,,,
,,,,,,,,,,Microcycle Week 13,Training for Week 13,13,,,,,,,,,,,,,,,,,,,,
,,,,,,,,,,Microcycle Week 13,Training for Week 13,13,,,,,,,,,,,,,,,,,,,,
,,,,,,,,,,Microcycle Week 13,Training for Week 13,13,,,,,,,,,,,,,,,,,,,,
,,,,,,,,,,Microcycle Week 13,Training for Week 13,13,,,,,,,,,,,,,,,,,,,,
,,,,,,,,,,Microcycle Week 13,Training for Week 13,13,,,,,,,,,,,,,,,,,,,,
,,,,,,,,,,Microcycle Week 13,Training for Week 13,13,,,,,,,,,,,,,,,,,,,,
,,,,,,,,,,Microcycle Week 13,Training for Week 13,13,,,,,,,,,,,,,,,,,,,,
,,,,,,,,,,Microcycle Week 13,Training for Week 13,13,,,,,,,,,,,,,,,,,,,,
,,,,,,,,,,Microcycle Week 13,Training for Week 13,13,,,,,,,,,,,,,,,,,,,,
,,,,,,,,,,Microcycle Week 13,Training for Week 13,13,,,,,,,,,,,,,,,,,,,,
,,,,,,,,,,Microcycle Week 13,Training for Week 13,13,,,,,,,,,,,,,,,,,,,,
,,,,,,,,,,Microcycle Week 13,Training for Week 13,13,,,,,,,,,,,,,,,,,,,,
,,,,,,,,,,Microcycle Week 13,Training for Week 13,13,,,,,,,,,,,,,,,,,,,,
,,,,,,,,,,Microcycle Week 13,Training for Week 13,13,,,,,,,,,,,,,,,,,,,,
,,,,,,,,,,Microcycle Week 13,Training for Week 13,13,,,,,,,,,,,,,,,,,,,,
