Program Name,Program Author,Program Description,Program Length,Program Level,Program Equipment,Days Per Week,Mesocycle Name,Mesocycle Description,Mesocycle Order,Microcycle Name,Microcycle Description,Microcycle Order,Workout Name,Workout Day,Workout Notes,Superset,Exercise Name,Exercise Description,Sets,Set Type,Target Repetitions,Target Min Repetitions,Target Max Repetitions,Target Weight (lbs),Target Weight (kg),Weight Increment (lbs),Weight Increment (kg),Target RPE,Target RIR,Percentage of 1RM,Progression Scheme ID
Women's Specialization Program,"Jeff Nippard, Stephanie Buttermore","A 8-week program for intermediate to advanced lifters focusing on glutes, shoulders, abs, and back hypertrophy. It is composed of two 4-week blocks.",8 Weeks,Intermediate to Advanced,"Barbells, Dumbbells, Cables, Resistance Bands, Machines",5-6,Block 1,Volume Accumulation Phase,1,Week 1,,,LOWER #1,1,,,Back Squat,,3,,5,5,,,,,,,,70%,
Women's Specialization Program,"Jeff Nippard, Stephanie Buttermore","A 8-week program for intermediate to advanced lifters focusing on glutes, shoulders, abs, and back hypertrophy. It is composed of two 4-week blocks.",8 Weeks,Intermediate to Advanced,"Barbells, Dumbbells, Cables, Resistance Bands, Machines",5-6,Block 1,Volume Accumulation Phase,1,Week 1,,,LOWER #1,1,,,Barbell Hip Thrust,Chin and ribs tucked,3,,12,12,15,,,,,8,2,,
Women's Specialization Program,"Jeff Nippard, Stephanie Buttermore","A 8-week program for intermediate to advanced lifters focusing on glutes, shoulders, abs, and back hypertrophy. It is composed of two 4-week blocks.",8 Weeks,Intermediate to Advanced,"Barbells, Dumbbells, Cables, Resistance Bands, Machines",5-6,Block 1,Volume Accumulation Phase,1,Week 1,,,LOWER #1,1,,,Barbell Romanian Deadlift,Keep your spine neutral,2,,10,10,12,,,,,8,2,,
Women's Specialization Program,"Jeff Nippard, Stephanie Buttermore","A 8-week program for intermediate to advanced lifters focusing on glutes, shoulders, abs, and back hypertrophy. It is composed of two 4-week blocks.",8 Weeks,Intermediate to Advanced,"Barbells, Dumbbells, Cables, Resistance Bands, Machines",5-6,Block 1,Volume Accumulation Phase,1,Week 1,,,LOWER #1,1,,,Cable Standing Glute Kickback,Focus on squeezing your glutes,2,,12,12,15,,,,,7,3,,
Women's Specialization Program,"Jeff Nippard, Stephanie Buttermore","A 8-week program for intermediate to advanced lifters focusing on glutes, shoulders, abs, and back hypertrophy. It is composed of two 4-week blocks.",8 Weeks,Intermediate to Advanced,"Barbells, Dumbbells, Cables, Resistance Bands, Machines",5-6,Block 1,Volume Accumulation Phase,1,Week 1,,,LOWER #1,1,,,Seated Hip Abduction Machine,Focus on squeezing your glutes,2,,20,20,25,,,,,8,2,,
Women's Specialization Program,"Jeff Nippard, Stephanie Buttermore","A 8-week program for intermediate to advanced lifters focusing on glutes, shoulders, abs, and back hypertrophy. It is composed of two 4-week blocks.",8 Weeks,Intermediate to Advanced,"Barbells, Dumbbells, Cables, Resistance Bands, Machines",5-6,Block 1,Volume Accumulation Phase,1,Week 1,,,LOWER #1,1,,,Bicycle Crunch,Don't yank your neck,3,,15,15,20,,,,,8,2,,
Women's Specialization Program,"Jeff Nippard, Stephanie Buttermore","A 8-week program for intermediate to advanced lifters focusing on glutes, shoulders, abs, and back hypertrophy. It is composed of two 4-week blocks.",8 Weeks,Intermediate to Advanced,"Barbells, Dumbbells, Cables, Resistance Bands, Machines",5-6,Block 1,Volume Accumulation Phase,1,Week 1,,,LOWER #2,2,,,Deadlift,,4,,4,4,,,,,,,,75%,
Women's Specialization Program,"Jeff Nippard, Stephanie Buttermore","A 8-week program for intermediate to advanced lifters focusing on glutes, shoulders, abs, and back hypertrophy. It is composed of two 4-week blocks.",8 Weeks,Intermediate to Advanced,"Barbells, Dumbbells, Cables, Resistance Bands, Machines",5-6,Block 1,Volume Accumulation Phase,1,Week 1,,,LOWER #2,2,,,Front Squat,Sit straight down,3,,10,10,12,,,,,8,2,,
Women's Specialization Program,"Jeff Nippard, Stephanie Buttermore","A 8-week program for intermediate to advanced lifters focusing on glutes, shoulders, abs, and back hypertrophy. It is composed of two 4-week blocks.",8 Weeks,Intermediate to Advanced,"Barbells, Dumbbells, Cables, Resistance Bands, Machines",5-6,Block 1,Volume Accumulation Phase,1,Week 1,,,LOWER #2,2,,,Knee-Banded Bodyweight Hip Thrust,Drive your knees out,2,,25,25,30,,,,,8,2,,
Women's Specialization Program,"Jeff Nippard, Stephanie Buttermore","A 8-week program for intermediate to advanced lifters focusing on glutes, shoulders, abs, and back hypertrophy. It is composed of two 4-week blocks.",8 Weeks,Intermediate to Advanced,"Barbells, Dumbbells, Cables, Resistance Bands, Machines",5-6,Block 1,Volume Accumulation Phase,1,Week 1,,,LOWER #2,2,,,Seated Leg Curl,Focus on squeezing your hamstrings,3,,10,10,12,,,,,8,2,,
Women's Specialization Program,"Jeff Nippard, Stephanie Buttermore","A 8-week program for intermediate to advanced lifters focusing on glutes, shoulders, abs, and back hypertrophy. It is composed of two 4-week blocks.",8 Weeks,Intermediate to Advanced,"Barbells, Dumbbells, Cables, Resistance Bands, Machines",5-6,Block 1,Volume Accumulation Phase,1,Week 1,,,LOWER #2,2,,,Lateral Band Walk,Externally rotate your hips,3,,20,20,,,,,,8,2,,
Women's Specialization Program,"Jeff Nippard, Stephanie Buttermore","A 8-week program for intermediate to advanced lifters focusing on glutes, shoulders, abs, and back hypertrophy. It is composed of two 4-week blocks.",8 Weeks,Intermediate to Advanced,"Barbells, Dumbbells, Cables, Resistance Bands, Machines",5-6,Block 1,Volume Accumulation Phase,1,Week 1,,,LOWER #2,2,,,Machine Seated Hip Abduction,Externally rotate your hips,3,,15,15,,,,,,7,3,,
Women's Specialization Program,"Jeff Nippard, Stephanie Buttermore","A 8-week program for intermediate to advanced lifters focusing on glutes, shoulders, abs, and back hypertrophy. It is composed of two 4-week blocks.",8 Weeks,Intermediate to Advanced,"Barbells, Dumbbells, Cables, Resistance Bands, Machines",5-6,Block 1,Volume Accumulation Phase,1,Week 1,,,UPPER #1,3,,,Dumbbell Standing Shoulder Press,Use a full ROM,4,,8,8,10,,,,,8,2,,
Women's Specialization Program,"Jeff Nippard, Stephanie Buttermore","A 8-week program for intermediate to advanced lifters focusing on glutes, shoulders, abs, and back hypertrophy. It is composed of two 4-week blocks.",8 Weeks,Intermediate to Advanced,"Barbells, Dumbbells, Cables, Resistance Bands, Machines",5-6,Block 1,Volume Accumulation Phase,1,Week 1,,,UPPER #1,3,,,Narrow Neutral-Grip Pulldown,Pull with your elbows against your sides,4,,10,10,12,,,,,8,2,,
Women's Specialization Program,"Jeff Nippard, Stephanie Buttermore","A 8-week program for intermediate to advanced lifters focusing on glutes, shoulders, abs, and back hypertrophy. It is composed of two 4-week blocks.",8 Weeks,Intermediate to Advanced,"Barbells, Dumbbells, Cables, Resistance Bands, Machines",5-6,Block 1,Volume Accumulation Phase,1,Week 1,,,UPPER #1,3,,,Close-Grip Push-Up,Tuck your elbows,3,,8,8,10,,,,,7,3,,
Women's Specialization Program,"Jeff Nippard, Stephanie Buttermore","A 8-week program for intermediate to advanced lifters focusing on glutes, shoulders, abs, and back hypertrophy. It is composed of two 4-week blocks.",8 Weeks,Intermediate to Advanced,"Barbells, Dumbbells, Cables, Resistance Bands, Machines",5-6,Block 1,Volume Accumulation Phase,1,Week 1,,,UPPER #1,3,,,Cable Seated Row,Pull with your elbows out,3,,10,10,12,,,,,8,2,,
Women's Specialization Program,"Jeff Nippard, Stephanie Buttermore","A 8-week program for intermediate to advanced lifters focusing on glutes, shoulders, abs, and back hypertrophy. It is composed of two 4-week blocks.",8 Weeks,Intermediate to Advanced,"Barbells, Dumbbells, Cables, Resistance Bands, Machines",5-6,Block 1,Volume Accumulation Phase,1,Week 1,,,UPPER #1,3,,A1,Dumbbell Lateral Raise,Focus on squeezing your delts,3,Superset,15,15,,,,,,9,1,,
Women's Specialization Program,"Jeff Nippard, Stephanie Buttermore","A 8-week program for intermediate to advanced lifters focusing on glutes, shoulders, abs, and back hypertrophy. It is composed of two 4-week blocks.",8 Weeks,Intermediate to Advanced,"Barbells, Dumbbells, Cables, Resistance Bands, Machines",5-6,Block 1,Volume Accumulation Phase,1,Week 1,,,UPPER #1,3,,A2,Dumbbell Rear Delt Raise ,Keep your scapulae protracted (rest 2min after superset),3,Superset,15,15,,,,,,9,1,,
Women's Specialization Program,"Jeff Nippard, Stephanie Buttermore","A 8-week program for intermediate to advanced lifters focusing on glutes, shoulders, abs, and back hypertrophy. It is composed of two 4-week blocks.",8 Weeks,Intermediate to Advanced,"Barbells, Dumbbells, Cables, Resistance Bands, Machines",5-6,Block 1,Volume Accumulation Phase,1,Week 1,,,UPPER #1,3,,,Seated Face Pull,Pull your elbows up and out,3,,15,15,20,,,,,9,1,,
Women's Specialization Program,"Jeff Nippard, Stephanie Buttermore","A 8-week program for intermediate to advanced lifters focusing on glutes, shoulders, abs, and back hypertrophy. It is composed of two 4-week blocks.",8 Weeks,Intermediate to Advanced,"Barbells, Dumbbells, Cables, Resistance Bands, Machines",5-6,Block 1,Volume Accumulation Phase,1,Week 1,,,UPPER #1,2,,B1,Single-Arm Cable Curl,Focus on squeezing your biceps,2,Superset,10,10,,,,,,8,2,,
Women's Specialization Program,"Jeff Nippard, Stephanie Buttermore","A 8-week program for intermediate to advanced lifters focusing on glutes, shoulders, abs, and back hypertrophy. It is composed of two 4-week blocks.",8 Weeks,Intermediate to Advanced,"Barbells, Dumbbells, Cables, Resistance Bands, Machines",5-6,Block 1,Volume Accumulation Phase,1,Week 1,,,UPPER #1,2,,B2,Overhead Cable Tricep Extension,Focus on squeezing your triceps (rest 2min after superset),2,Superset,12,12,,,,,,8,2,,
Women's Specialization Program,"Jeff Nippard, Stephanie Buttermore","A 8-week program for intermediate to advanced lifters focusing on glutes, shoulders, abs, and back hypertrophy. It is composed of two 4-week blocks.",8 Weeks,Intermediate to Advanced,"Barbells, Dumbbells, Cables, Resistance Bands, Machines",5-6,Block 1,Volume Accumulation Phase,1,Week 1,,,LOWER #3,4,,,Deficit Bodyweight Bulgarian Split Squat,Focus on stretching your glutes,3,,10,10,12,,,,,7,3,,
Women's Specialization Program,"Jeff Nippard, Stephanie Buttermore","A 8-week program for intermediate to advanced lifters focusing on glutes, shoulders, abs, and back hypertrophy. It is composed of two 4-week blocks.",8 Weeks,Intermediate to Advanced,"Barbells, Dumbbells, Cables, Resistance Bands, Machines",5-6,Block 1,Volume Accumulation Phase,1,Week 1,,,LOWER #3,4,,,Smith Machine Hip Thrust,Chin and ribs tucked,3,,15,15,20,,,,,8,2,,
Women's Specialization Program,"Jeff Nippard, Stephanie Buttermore","A 8-week program for intermediate to advanced lifters focusing on glutes, shoulders, abs, and back hypertrophy. It is composed of two 4-week blocks.",8 Weeks,Intermediate to Advanced,"Barbells, Dumbbells, Cables, Resistance Bands, Machines",5-6,Block 1,Volume Accumulation Phase,1,Week 1,,,LOWER #3,4,,,Bodyweight Reverse Hyperextension,Squeeze your glutes to raise your legs,3,,15,15,20,,,,,8,2,,
Women's Specialization Program,"Jeff Nippard, Stephanie Buttermore","A 8-week program for intermediate to advanced lifters focusing on glutes, shoulders, abs, and back hypertrophy. It is composed of two 4-week blocks.",8 Weeks,Intermediate to Advanced,"Barbells, Dumbbells, Cables, Resistance Bands, Machines",5-6,Block 1,Volume Accumulation Phase,1,Week 1,,,LOWER #3,4,,,45° Hyperextension,"Rounded upper back, extend your hips",3,,12,12,15,,,,,7,3,,
Women's Specialization Program,"Jeff Nippard, Stephanie Buttermore","A 8-week program for intermediate to advanced lifters focusing on glutes, shoulders, abs, and back hypertrophy. It is composed of two 4-week blocks.",8 Weeks,Intermediate to Advanced,"Barbells, Dumbbells, Cables, Resistance Bands, Machines",5-6,Block 1,Volume Accumulation Phase,1,Week 1,,,LOWER #3,4,,,Band Seated Hip Abduction,Externally rotate your hips,3,,25,25,30,,,,,8,2,,
Women's Specialization Program,"Jeff Nippard, Stephanie Buttermore","A 8-week program for intermediate to advanced lifters focusing on glutes, shoulders, abs, and back hypertrophy. It is composed of two 4-week blocks.",8 Weeks,Intermediate to Advanced,"Barbells, Dumbbells, Cables, Resistance Bands, Machines",5-6,Block 1,Volume Accumulation Phase,1,Week 1,,,LOWER #3,4,,,Hollow Body Hold (Core),Flex your spine,3,,15SEC,15,,,,,,7,3,,
Women's Specialization Program,"Jeff Nippard, Stephanie Buttermore","A 8-week program for intermediate to advanced lifters focusing on glutes, shoulders, abs, and back hypertrophy. It is composed of two 4-week blocks.",8 Weeks,Intermediate to Advanced,"Barbells, Dumbbells, Cables, Resistance Bands, Machines",5-6,Block 1,Volume Accumulation Phase,1,Week 1,,,LOWER #4,5,,,Stiff Leg Deadlift,"Brace your lats, high hips",3,,6,6,8,,,,,8,2,,
Women's Specialization Program,"Jeff Nippard, Stephanie Buttermore","A 8-week program for intermediate to advanced lifters focusing on glutes, shoulders, abs, and back hypertrophy. It is composed of two 4-week blocks.",8 Weeks,Intermediate to Advanced,"Barbells, Dumbbells, Cables, Resistance Bands, Machines",5-6,Block 1,Volume Accumulation Phase,1,Week 1,,,LOWER #4,5,,,Bodyweight Walking Lunge,"Reps each leg, stretch your glutes",2,,12,12,15,,,,,7,3,,
Women's Specialization Program,"Jeff Nippard, Stephanie Buttermore","A 8-week program for intermediate to advanced lifters focusing on glutes, shoulders, abs, and back hypertrophy. It is composed of two 4-week blocks.",8 Weeks,Intermediate to Advanced,"Barbells, Dumbbells, Cables, Resistance Bands, Machines",5-6,Block 1,Volume Accumulation Phase,1,Week 1,,,LOWER #4,5,,,Knee-Banded Bodyweight Hip Thrust,Chin and ribs tucked,4,,15,15,20,,,,,8,2,,
Women's Specialization Program,"Jeff Nippard, Stephanie Buttermore","A 8-week program for intermediate to advanced lifters focusing on glutes, shoulders, abs, and back hypertrophy. It is composed of two 4-week blocks.",8 Weeks,Intermediate to Advanced,"Barbells, Dumbbells, Cables, Resistance Bands, Machines",5-6,Block 1,Volume Accumulation Phase,1,Week 1,,,LOWER #4,5,,,Swiss Ball Leg Curl,Focus on squeezing your hamstrings,3,,8,8,12,,,,,7,3,,
Women's Specialization Program,"Jeff Nippard, Stephanie Buttermore","A 8-week program for intermediate to advanced lifters focusing on glutes, shoulders, abs, and back hypertrophy. It is composed of two 4-week blocks.",8 Weeks,Intermediate to Advanced,"Barbells, Dumbbells, Cables, Resistance Bands, Machines",5-6,Block 1,Volume Accumulation Phase,1,Week 1,,,LOWER #4,5,,,Cable Hip Abduction,Externally rotate your hips,3,,10,10,15,,,,,8,2,,
Women's Specialization Program,"Jeff Nippard, Stephanie Buttermore","A 8-week program for intermediate to advanced lifters focusing on glutes, shoulders, abs, and back hypertrophy. It is composed of two 4-week blocks.",8 Weeks,Intermediate to Advanced,"Barbells, Dumbbells, Cables, Resistance Bands, Machines",5-6,Block 1,Volume Accumulation Phase,1,Week 1,,,LOWER #4,5,,,Machine Standing Calf Raise,Press all the way up to your toes,3,,8,8,12,,,,,8,2,,
Women's Specialization Program,"Jeff Nippard, Stephanie Buttermore","A 8-week program for intermediate to advanced lifters focusing on glutes, shoulders, abs, and back hypertrophy. It is composed of two 4-week blocks.",8 Weeks,Intermediate to Advanced,"Barbells, Dumbbells, Cables, Resistance Bands, Machines",5-6,Block 1,Volume Accumulation Phase,1,Week 1,,,UPPER #2,6,,,Dumbbell Incline Press,Shoulder blades back and down,3,,8,8,10,,,,,8,2,,
Women's Specialization Program,"Jeff Nippard, Stephanie Buttermore","A 8-week program for intermediate to advanced lifters focusing on glutes, shoulders, abs, and back hypertrophy. It is composed of two 4-week blocks.",8 Weeks,Intermediate to Advanced,"Barbells, Dumbbells, Cables, Resistance Bands, Machines",5-6,Block 1,Volume Accumulation Phase,1,Week 1,,,UPPER #2,6,,,Supinated Pulldown,Pull with your elbows against your sides,3,,10,10,12,,,,,8,2,,
Women's Specialization Program,"Jeff Nippard, Stephanie Buttermore","A 8-week program for intermediate to advanced lifters focusing on glutes, shoulders, abs, and back hypertrophy. It is composed of two 4-week blocks.",8 Weeks,Intermediate to Advanced,"Barbells, Dumbbells, Cables, Resistance Bands, Machines",5-6,Block 1,Volume Accumulation Phase,1,Week 1,,,UPPER #2,6,,,Machine Shoulder Press,Use a full ROM,3,,8,8,10,,,,,8,2,,
Women's Specialization Program,"Jeff Nippard, Stephanie Buttermore","A 8-week program for intermediate to advanced lifters focusing on glutes, shoulders, abs, and back hypertrophy. It is composed of two 4-week blocks.",8 Weeks,Intermediate to Advanced,"Barbells, Dumbbells, Cables, Resistance Bands, Machines",5-6,Block 1,Volume Accumulation Phase,1,Week 1,,,UPPER #2,6,,,Chest-Supported T-Bar Row,Focus on retracting/protracting your scapulae,3,,12,12,15,,,,,8,2,,
Women's Specialization Program,"Jeff Nippard, Stephanie Buttermore","A 8-week program for intermediate to advanced lifters focusing on glutes, shoulders, abs, and back hypertrophy. It is composed of two 4-week blocks.",8 Weeks,Intermediate to Advanced,"Barbells, Dumbbells, Cables, Resistance Bands, Machines",5-6,Block 1,Volume Accumulation Phase,1,Week 1,,,UPPER #2,6,,A1,Resistance Band Lateral Raise,"7 bottom 1/2 reps, 7 top 1/2 reps, 7 full reps",3,Superset,7,7,7,,,,,8,2,,
Women's Specialization Program,"Jeff Nippard, Stephanie Buttermore","A 8-week program for intermediate to advanced lifters focusing on glutes, shoulders, abs, and back hypertrophy. It is composed of two 4-week blocks.",8 Weeks,Intermediate to Advanced,"Barbells, Dumbbells, Cables, Resistance Bands, Machines",5-6,Block 1,Volume Accumulation Phase,1,Week 1,,,UPPER #2,6,,A2,Seated Cable Facepull ,"7 bottom 1/2 reps, 7 top 1/2 reps, 7 full reps (rest 2min after superset)",3,Superset,7,7,7,,,,,9,1,,
Women's Specialization Program,"Jeff Nippard, Stephanie Buttermore","A 8-week program for intermediate to advanced lifters focusing on glutes, shoulders, abs, and back hypertrophy. It is composed of two 4-week blocks.",8 Weeks,Intermediate to Advanced,"Barbells, Dumbbells, Cables, Resistance Bands, Machines",5-6,Block 1,Volume Accumulation Phase,1,Week 1,,,UPPER #2,6,,B1,Single-Arm Cable Curl,Focus on squeezing your biceps,3,Superset,10,10,,,,,,8,2,,
Women's Specialization Program,"Jeff Nippard, Stephanie Buttermore","A 8-week program for intermediate to advanced lifters focusing on glutes, shoulders, abs, and back hypertrophy. It is composed of two 4-week blocks.",8 Weeks,Intermediate to Advanced,"Barbells, Dumbbells, Cables, Resistance Bands, Machines",5-6,Block 1,Volume Accumulation Phase,1,Week 1,,,UPPER #2,6,,B2,Cable Rope Tricep Extension,Focus on squeezing your triceps (rest 2min after superset),3,Superset,12,12,,,,,,8,2,,
Women's Specialization Program,"Jeff Nippard, Stephanie Buttermore","A 8-week program for intermediate to advanced lifters focusing on glutes, shoulders, abs, and back hypertrophy. It is composed of two 4-week blocks.",8 Weeks,Intermediate to Advanced,"Barbells, Dumbbells, Cables, Resistance Bands, Machines",5-6,Block 1,Volume Accumulation Phase,1,Week 2,,,LOWER #1,1,,,Back Squat,,3,,5,5,,,,,,,,72.5%,
Women's Specialization Program,"Jeff Nippard, Stephanie Buttermore","A 8-week program for intermediate to advanced lifters focusing on glutes, shoulders, abs, and back hypertrophy. It is composed of two 4-week blocks.",8 Weeks,Intermediate to Advanced,"Barbells, Dumbbells, Cables, Resistance Bands, Machines",5-6,Block 1,Volume Accumulation Phase,1,Week 2,,,LOWER #1,1,,,Barbell Hip Thrust,Chin and ribs tucked,3,,12,12,15,,,,,8,2,,
Women's Specialization Program,"Jeff Nippard, Stephanie Buttermore","A 8-week program for intermediate to advanced lifters focusing on glutes, shoulders, abs, and back hypertrophy. It is composed of two 4-week blocks.",8 Weeks,Intermediate to Advanced,"Barbells, Dumbbells, Cables, Resistance Bands, Machines",5-6,Block 1,Volume Accumulation Phase,1,Week 2,,,LOWER #1,1,,,Barbell Romanian Deadlift,Keep your spine neutral,2,,10,10,12,,,,,8,2,,
Women's Specialization Program,"Jeff Nippard, Stephanie Buttermore","A 8-week program for intermediate to advanced lifters focusing on glutes, shoulders, abs, and back hypertrophy. It is composed of two 4-week blocks.",8 Weeks,Intermediate to Advanced,"Barbells, Dumbbells, Cables, Resistance Bands, Machines",5-6,Block 1,Volume Accumulation Phase,1,Week 2,,,LOWER #1,1,,,Cable Standing Glute Kickback,Focus on squeezing your glutes,2,,12,12,15,,,,,7,3,,
Women's Specialization Program,"Jeff Nippard, Stephanie Buttermore","A 8-week program for intermediate to advanced lifters focusing on glutes, shoulders, abs, and back hypertrophy. It is composed of two 4-week blocks.",8 Weeks,Intermediate to Advanced,"Barbells, Dumbbells, Cables, Resistance Bands, Machines",5-6,Block 1,Volume Accumulation Phase,1,Week 2,,,LOWER #1,1,,,Seated Hip Abduction Machine,Focus on squeezing your glutes,2,,20,20,25,,,,,8,2,,
Women's Specialization Program,"Jeff Nippard, Stephanie Buttermore","A 8-week program for intermediate to advanced lifters focusing on glutes, shoulders, abs, and back hypertrophy. It is composed of two 4-week blocks.",8 Weeks,Intermediate to Advanced,"Barbells, Dumbbells, Cables, Resistance Bands, Machines",5-6,Block 1,Volume Accumulation Phase,1,Week 2,,,LOWER #1,1,,,Bicycle Crunch,Don't yank your neck,3,,15,15,20,,,,,8,2,,
Women's Specialization Program,"Jeff Nippard, Stephanie Buttermore","A 8-week program for intermediate to advanced lifters focusing on glutes, shoulders, abs, and back hypertrophy. It is composed of two 4-week blocks.",8 Weeks,Intermediate to Advanced,"Barbells, Dumbbells, Cables, Resistance Bands, Machines",5-6,Block 1,Volume Accumulation Phase,1,Week 2,,,LOWER #2,2,,,Deadlift,,4,,4,4,,,,,,,,77.5%,
Women's Specialization Program,"Jeff Nippard, Stephanie Buttermore","A 8-week program for intermediate to advanced lifters focusing on glutes, shoulders, abs, and back hypertrophy. It is composed of two 4-week blocks.",8 Weeks,Intermediate to Advanced,"Barbells, Dumbbells, Cables, Resistance Bands, Machines",5-6,Block 1,Volume Accumulation Phase,1,Week 2,,,LOWER #2,2,,,Front Squat,Sit straight down,3,,10,10,12,,,,,8,2,,
Women's Specialization Program,"Jeff Nippard, Stephanie Buttermore","A 8-week program for intermediate to advanced lifters focusing on glutes, shoulders, abs, and back hypertrophy. It is composed of two 4-week blocks.",8 Weeks,Intermediate to Advanced,"Barbells, Dumbbells, Cables, Resistance Bands, Machines",5-6,Block 1,Volume Accumulation Phase,1,Week 2,,,LOWER #2,2,,,Knee-Banded Bodyweight Hip Thrust,Drive your knees out,2,,25,25,30,,,,,8,2,,
Women's Specialization Program,"Jeff Nippard, Stephanie Buttermore","A 8-week program for intermediate to advanced lifters focusing on glutes, shoulders, abs, and back hypertrophy. It is composed of two 4-week blocks.",8 Weeks,Intermediate to Advanced,"Barbells, Dumbbells, Cables, Resistance Bands, Machines",5-6,Block 1,Volume Accumulation Phase,1,Week 2,,,LOWER #2,2,,,Seated Leg Curl,Focus on squeezing your hamstrings,3,,10,10,12,,,,,8,2,,
Women's Specialization Program,"Jeff Nippard, Stephanie Buttermore","A 8-week program for intermediate to advanced lifters focusing on glutes, shoulders, abs, and back hypertrophy. It is composed of two 4-week blocks.",8 Weeks,Intermediate to Advanced,"Barbells, Dumbbells, Cables, Resistance Bands, Machines",5-6,Block 1,Volume Accumulation Phase,1,Week 2,,,LOWER #2,2,,,Lateral Band Walk,Externally rotate your hips,3,,20,20,,,,,,8,2,,
Women's Specialization Program,"Jeff Nippard, Stephanie Buttermore","A 8-week program for intermediate to advanced lifters focusing on glutes, shoulders, abs, and back hypertrophy. It is composed of two 4-week blocks.",8 Weeks,Intermediate to Advanced,"Barbells, Dumbbells, Cables, Resistance Bands, Machines",5-6,Block 1,Volume Accumulation Phase,1,Week 2,,,LOWER #2,2,,,Machine Seated Hip Abduction,Externally rotate your hips,3,,15,15,,,,,,7,3,,
Women's Specialization Program,"Jeff Nippard, Stephanie Buttermore","A 8-week program for intermediate to advanced lifters focusing on glutes, shoulders, abs, and back hypertrophy. It is composed of two 4-week blocks.",8 Weeks,Intermediate to Advanced,"Barbells, Dumbbells, Cables, Resistance Bands, Machines",5-6,Block 1,Volume Accumulation Phase,1,Week 2,,,UPPER #1,3,,,Dumbbell Standing Shoulder Press,Use a full ROM,4,,8,8,10,,,,,8,2,,
Women's Specialization Program,"Jeff Nippard, Stephanie Buttermore","A 8-week program for intermediate to advanced lifters focusing on glutes, shoulders, abs, and back hypertrophy. It is composed of two 4-week blocks.",8 Weeks,Intermediate to Advanced,"Barbells, Dumbbells, Cables, Resistance Bands, Machines",5-6,Block 1,Volume Accumulation Phase,1,Week 2,,,UPPER #1,3,,,Narrow Neutral-Grip Pulldown,Pull with your elbows against your sides,4,,10,10,12,,,,,8,2,,
Women's Specialization Program,"Jeff Nippard, Stephanie Buttermore","A 8-week program for intermediate to advanced lifters focusing on glutes, shoulders, abs, and back hypertrophy. It is composed of two 4-week blocks.",8 Weeks,Intermediate to Advanced,"Barbells, Dumbbells, Cables, Resistance Bands, Machines",5-6,Block 1,Volume Accumulation Phase,1,Week 2,,,UPPER #1,3,,,Close-Grip Push-Up,Tuck your elbows,3,,8,8,10,,,,,7,3,,
Women's Specialization Program,"Jeff Nippard, Stephanie Buttermore","A 8-week program for intermediate to advanced lifters focusing on glutes, shoulders, abs, and back hypertrophy. It is composed of two 4-week blocks.",8 Weeks,Intermediate to Advanced,"Barbells, Dumbbells, Cables, Resistance Bands, Machines",5-6,Block 1,Volume Accumulation Phase,1,Week 2,,,UPPER #1,3,,,Cable Seated Row,Pull with your elbows out,3,,10,10,12,,,,,8,2,,
Women's Specialization Program,"Jeff Nippard, Stephanie Buttermore","A 8-week program for intermediate to advanced lifters focusing on glutes, shoulders, abs, and back hypertrophy. It is composed of two 4-week blocks.",8 Weeks,Intermediate to Advanced,"Barbells, Dumbbells, Cables, Resistance Bands, Machines",5-6,Block 1,Volume Accumulation Phase,1,Week 2,,,UPPER #1,3,,A1,Dumbbell Lateral Raise,Focus on squeezing your delts,3,Superset,15,15,,,,,,9,1,,
Women's Specialization Program,"Jeff Nippard, Stephanie Buttermore","A 8-week program for intermediate to advanced lifters focusing on glutes, shoulders, abs, and back hypertrophy. It is composed of two 4-week blocks.",8 Weeks,Intermediate to Advanced,"Barbells, Dumbbells, Cables, Resistance Bands, Machines",5-6,Block 1,Volume Accumulation Phase,1,Week 2,,,UPPER #1,3,,A2,Dumbbell Rear Delt Raise ,Keep your scapulae protracted (rest 2min after superset),3,Superset,15,15,,,,,,9,1,,
Women's Specialization Program,"Jeff Nippard, Stephanie Buttermore","A 8-week program for intermediate to advanced lifters focusing on glutes, shoulders, abs, and back hypertrophy. It is composed of two 4-week blocks.",8 Weeks,Intermediate to Advanced,"Barbells, Dumbbells, Cables, Resistance Bands, Machines",5-6,Block 1,Volume Accumulation Phase,1,Week 2,,,UPPER #1,3,,,Seated Face Pull,Pull your elbows up and out,3,,15,15,20,,,,,9,1,,
Women's Specialization Program,"Jeff Nippard, Stephanie Buttermore","A 8-week program for intermediate to advanced lifters focusing on glutes, shoulders, abs, and back hypertrophy. It is composed of two 4-week blocks.",8 Weeks,Intermediate to Advanced,"Barbells, Dumbbells, Cables, Resistance Bands, Machines",5-6,Block 1,Volume Accumulation Phase,1,Week 2,,,UPPER #1,2,,B1,Single-Arm Cable Curl,Focus on squeezing your biceps,2,Superset,10,10,,,,,,8,2,,
Women's Specialization Program,"Jeff Nippard, Stephanie Buttermore","A 8-week program for intermediate to advanced lifters focusing on glutes, shoulders, abs, and back hypertrophy. It is composed of two 4-week blocks.",8 Weeks,Intermediate to Advanced,"Barbells, Dumbbells, Cables, Resistance Bands, Machines",5-6,Block 1,Volume Accumulation Phase,1,Week 2,,,UPPER #1,2,,B2,Overhead Cable Tricep Extension,Focus on squeezing your triceps (rest 2min after superset),2,Superset,12,12,,,,,,8,2,,
Women's Specialization Program,"Jeff Nippard, Stephanie Buttermore","A 8-week program for intermediate to advanced lifters focusing on glutes, shoulders, abs, and back hypertrophy. It is composed of two 4-week blocks.",8 Weeks,Intermediate to Advanced,"Barbells, Dumbbells, Cables, Resistance Bands, Machines",5-6,Block 1,Volume Accumulation Phase,1,Week 2,,,LOWER #3,4,,,Deficit Bodyweight Bulgarian Split Squat,Focus on stretching your glutes,3,,10,10,12,,,,,7,3,,
Women's Specialization Program,"Jeff Nippard, Stephanie Buttermore","A 8-week program for intermediate to advanced lifters focusing on glutes, shoulders, abs, and back hypertrophy. It is composed of two 4-week blocks.",8 Weeks,Intermediate to Advanced,"Barbells, Dumbbells, Cables, Resistance Bands, Machines",5-6,Block 1,Volume Accumulation Phase,1,Week 2,,,LOWER #3,4,,,Smith Machine Hip Thrust,Chin and ribs tucked,3,,15,15,20,,,,,8,2,,
Women's Specialization Program,"Jeff Nippard, Stephanie Buttermore","A 8-week program for intermediate to advanced lifters focusing on glutes, shoulders, abs, and back hypertrophy. It is composed of two 4-week blocks.",8 Weeks,Intermediate to Advanced,"Barbells, Dumbbells, Cables, Resistance Bands, Machines",5-6,Block 1,Volume Accumulation Phase,1,Week 2,,,LOWER #3,4,,,Bodyweight Reverse Hyperextension,Squeeze your glutes to raise your legs,3,,15,15,20,,,,,8,2,,
Women's Specialization Program,"Jeff Nippard, Stephanie Buttermore","A 8-week program for intermediate to advanced lifters focusing on glutes, shoulders, abs, and back hypertrophy. It is composed of two 4-week blocks.",8 Weeks,Intermediate to Advanced,"Barbells, Dumbbells, Cables, Resistance Bands, Machines",5-6,Block 1,Volume Accumulation Phase,1,Week 2,,,LOWER #3,4,,,45° Hyperextension,"Rounded upper back, extend your hips",3,,12,12,15,,,,,7,3,,
Women's Specialization Program,"Jeff Nippard, Stephanie Buttermore","A 8-week program for intermediate to advanced lifters focusing on glutes, shoulders, abs, and back hypertrophy. It is composed of two 4-week blocks.",8 Weeks,Intermediate to Advanced,"Barbells, Dumbbells, Cables, Resistance Bands, Machines",5-6,Block 1,Volume Accumulation Phase,1,Week 2,,,LOWER #3,4,,,Band Seated Hip Abduction,Externally rotate your hips,3,,25,25,30,,,,,8,2,,
Women's Specialization Program,"Jeff Nippard, Stephanie Buttermore","A 8-week program for intermediate to advanced lifters focusing on glutes, shoulders, abs, and back hypertrophy. It is composed of two 4-week blocks.",8 Weeks,Intermediate to Advanced,"Barbells, Dumbbells, Cables, Resistance Bands, Machines",5-6,Block 1,Volume Accumulation Phase,1,Week 2,,,LOWER #3,4,,,Hollow Body Hold,Flex your spine,3,,15SEC,15,,,,,,7,3,,
Women's Specialization Program,"Jeff Nippard, Stephanie Buttermore","A 8-week program for intermediate to advanced lifters focusing on glutes, shoulders, abs, and back hypertrophy. It is composed of two 4-week blocks.",8 Weeks,Intermediate to Advanced,"Barbells, Dumbbells, Cables, Resistance Bands, Machines",5-6,Block 1,Volume Accumulation Phase,1,Week 2,,,LOWER #4,5,,,Stiff Leg Deadlift,"Brace your lats, high hips",3,,6,6,8,,,,,8,2,,
Women's Specialization Program,"Jeff Nippard, Stephanie Buttermore","A 8-week program for intermediate to advanced lifters focusing on glutes, shoulders, abs, and back hypertrophy. It is composed of two 4-week blocks.",8 Weeks,Intermediate to Advanced,"Barbells, Dumbbells, Cables, Resistance Bands, Machines",5-6,Block 1,Volume Accumulation Phase,1,Week 2,,,LOWER #4,5,,,Bodyweight Walking Lunge,"Reps each leg, stretch your glutes",2,,12,12,15,,,,,7,3,,
Women's Specialization Program,"Jeff Nippard, Stephanie Buttermore","A 8-week program for intermediate to advanced lifters focusing on glutes, shoulders, abs, and back hypertrophy. It is composed of two 4-week blocks.",8 Weeks,Intermediate to Advanced,"Barbells, Dumbbells, Cables, Resistance Bands, Machines",5-6,Block 1,Volume Accumulation Phase,1,Week 2,,,LOWER #4,5,,,Knee-Banded Bodyweight Hip Thrust,Chin and ribs tucked,4,,15,15,20,,,,,8,2,,
Women's Specialization Program,"Jeff Nippard, Stephanie Buttermore","A 8-week program for intermediate to advanced lifters focusing on glutes, shoulders, abs, and back hypertrophy. It is composed of two 4-week blocks.",8 Weeks,Intermediate to Advanced,"Barbells, Dumbbells, Cables, Resistance Bands, Machines",5-6,Block 1,Volume Accumulation Phase,1,Week 2,,,LOWER #4,5,,,Swiss Ball Leg Curl,Focus on squeezing your hamstrings,3,,8,8,12,,,,,7,3,,
Women's Specialization Program,"Jeff Nippard, Stephanie Buttermore","A 8-week program for intermediate to advanced lifters focusing on glutes, shoulders, abs, and back hypertrophy. It is composed of two 4-week blocks.",8 Weeks,Intermediate to Advanced,"Barbells, Dumbbells, Cables, Resistance Bands, Machines",5-6,Block 1,Volume Accumulation Phase,1,Week 2,,,LOWER #4,5,,,Cable Hip Abduction,Externally rotate your hips,3,,10,10,15,,,,,8,2,,
Women's Specialization Program,"Jeff Nippard, Stephanie Buttermore","A 8-week program for intermediate to advanced lifters focusing on glutes, shoulders, abs, and back hypertrophy. It is composed of two 4-week blocks.",8 Weeks,Intermediate to Advanced,"Barbells, Dumbbells, Cables, Resistance Bands, Machines",5-6,Block 1,Volume Accumulation Phase,1,Week 2,,,LOWER #4,5,,,Machine Standing Calf Raise,Press all the way up to your toes,3,,8,8,12,,,,,8,2,,
Women's Specialization Program,"Jeff Nippard, Stephanie Buttermore","A 8-week program for intermediate to advanced lifters focusing on glutes, shoulders, abs, and back hypertrophy. It is composed of two 4-week blocks.",8 Weeks,Intermediate to Advanced,"Barbells, Dumbbells, Cables, Resistance Bands, Machines",5-6,Block 1,Volume Accumulation Phase,1,Week 2,,,UPPER #2,6,,,Dumbbell Incline Press,Shoulder blades back and down,3,,8,8,10,,,,,8,2,,
Women's Specialization Program,"Jeff Nippard, Stephanie Buttermore","A 8-week program for intermediate to advanced lifters focusing on glutes, shoulders, abs, and back hypertrophy. It is composed of two 4-week blocks.",8 Weeks,Intermediate to Advanced,"Barbells, Dumbbells, Cables, Resistance Bands, Machines",5-6,Block 1,Volume Accumulation Phase,1,Week 2,,,UPPER #2,6,,,Supinated Pulldown,Pull with your elbows against your sides,3,,10,10,12,,,,,8,2,,
Women's Specialization Program,"Jeff Nippard, Stephanie Buttermore","A 8-week program for intermediate to advanced lifters focusing on glutes, shoulders, abs, and back hypertrophy. It is composed of two 4-week blocks.",8 Weeks,Intermediate to Advanced,"Barbells, Dumbbells, Cables, Resistance Bands, Machines",5-6,Block 1,Volume Accumulation Phase,1,Week 2,,,UPPER #2,6,,,Machine Shoulder Press,Use a full ROM,3,,8,8,10,,,,,8,2,,
Women's Specialization Program,"Jeff Nippard, Stephanie Buttermore","A 8-week program for intermediate to advanced lifters focusing on glutes, shoulders, abs, and back hypertrophy. It is composed of two 4-week blocks.",8 Weeks,Intermediate to Advanced,"Barbells, Dumbbells, Cables, Resistance Bands, Machines",5-6,Block 1,Volume Accumulation Phase,1,Week 2,,,UPPER #2,6,,,Chest-Supported T-Bar Row,Focus on retracting/protracting your scapulae,3,,12,12,15,,,,,8,2,,
Women's Specialization Program,"Jeff Nippard, Stephanie Buttermore","A 8-week program for intermediate to advanced lifters focusing on glutes, shoulders, abs, and back hypertrophy. It is composed of two 4-week blocks.",8 Weeks,Intermediate to Advanced,"Barbells, Dumbbells, Cables, Resistance Bands, Machines",5-6,Block 1,Volume Accumulation Phase,1,Week 2,,,UPPER #2,6,,A1,Resistance Band Lateral Raise,"7 bottom 1/2 reps, 7 top 1/2 reps, 7 full reps",3,Superset,7,7,7,,,,,8,2,,
Women's Specialization Program,"Jeff Nippard, Stephanie Buttermore","A 8-week program for intermediate to advanced lifters focusing on glutes, shoulders, abs, and back hypertrophy. It is composed of two 4-week blocks.",8 Weeks,Intermediate to Advanced,"Barbells, Dumbbells, Cables, Resistance Bands, Machines",5-6,Block 1,Volume Accumulation Phase,1,Week 2,,,UPPER #2,6,,A2,Seated Cable Facepull ,"7 bottom 1/2 reps, 7 top 1/2 reps, 7 full reps (rest 2min after superset)",3,Superset,7,7,7,,,,,9,1,,
Women's Specialization Program,"Jeff Nippard, Stephanie Buttermore","A 8-week program for intermediate to advanced lifters focusing on glutes, shoulders, abs, and back hypertrophy. It is composed of two 4-week blocks.",8 Weeks,Intermediate to Advanced,"Barbells, Dumbbells, Cables, Resistance Bands, Machines",5-6,Block 1,Volume Accumulation Phase,1,Week 2,,,UPPER #2,6,,B1,Single-Arm Cable Curl,Focus on squeezing your biceps,3,Superset,10,10,,,,,,8,2,,
Women's Specialization Program,"Jeff Nippard, Stephanie Buttermore","A 8-week program for intermediate to advanced lifters focusing on glutes, shoulders, abs, and back hypertrophy. It is composed of two 4-week blocks.",8 Weeks,Intermediate to Advanced,"Barbells, Dumbbells, Cables, Resistance Bands, Machines",5-6,Block 1,Volume Accumulation Phase,1,Week 2,,,UPPER #2,6,,B2,Cable Rope Tricep Extension,Focus on squeezing your triceps (rest 2min after superset),3,Superset,12,12,,,,,,8,2,,
Women's Specialization Program,"Jeff Nippard, Stephanie Buttermore","A 8-week program for intermediate to advanced lifters focusing on glutes, shoulders, abs, and back hypertrophy. It is composed of two 4-week blocks.",8 Weeks,Intermediate to Advanced,"Barbells, Dumbbells, Cables, Resistance Bands, Machines",5-6,Block 1,Volume Accumulation Phase,1,Week 3,,,LOWER #1,1,,,Back Squat,,3,,5,5,,,,,,,,75%,
Women's Specialization Program,"Jeff Nippard, Stephanie Buttermore","A 8-week program for intermediate to advanced lifters focusing on glutes, shoulders, abs, and back hypertrophy. It is composed of two 4-week blocks.",8 Weeks,Intermediate to Advanced,"Barbells, Dumbbells, Cables, Resistance Bands, Machines",5-6,Block 1,Volume Accumulation Phase,1,Week 3,,,LOWER #1,1,,,Barbell Hip Thrust,Chin and ribs tucked,3,,12,12,15,,,,,8,2,,
Women's Specialization Program,"Jeff Nippard, Stephanie Buttermore","A 8-week program for intermediate to advanced lifters focusing on glutes, shoulders, abs, and back hypertrophy. It is composed of two 4-week blocks.",8 Weeks,Intermediate to Advanced,"Barbells, Dumbbells, Cables, Resistance Bands, Machines",5-6,Block 1,Volume Accumulation Phase,1,Week 3,,,LOWER #1,1,,,Barbell Romanian Deadlift,Keep your spine neutral,2,,10,10,12,,,,,8,2,,
Women's Specialization Program,"Jeff Nippard, Stephanie Buttermore","A 8-week program for intermediate to advanced lifters focusing on glutes, shoulders, abs, and back hypertrophy. It is composed of two 4-week blocks.",8 Weeks,Intermediate to Advanced,"Barbells, Dumbbells, Cables, Resistance Bands, Machines",5-6,Block 1,Volume Accumulation Phase,1,Week 3,,,LOWER #1,1,,,Cable Standing Glute Kickback,Focus on squeezing your glutes,2,,12,12,15,,,,,7,3,,
Women's Specialization Program,"Jeff Nippard, Stephanie Buttermore","A 8-week program for intermediate to advanced lifters focusing on glutes, shoulders, abs, and back hypertrophy. It is composed of two 4-week blocks.",8 Weeks,Intermediate to Advanced,"Barbells, Dumbbells, Cables, Resistance Bands, Machines",5-6,Block 1,Volume Accumulation Phase,1,Week 3,,,LOWER #1,1,,,Seated Hip Abduction Machine,Focus on squeezing your glutes,2,,20,20,25,,,,,8,2,,
Women's Specialization Program,"Jeff Nippard, Stephanie Buttermore","A 8-week program for intermediate to advanced lifters focusing on glutes, shoulders, abs, and back hypertrophy. It is composed of two 4-week blocks.",8 Weeks,Intermediate to Advanced,"Barbells, Dumbbells, Cables, Resistance Bands, Machines",5-6,Block 1,Volume Accumulation Phase,1,Week 3,,,LOWER #1,1,,,Bicycle Crunch,Don't yank your neck,3,,15,15,20,,,,,8,2,,
Women's Specialization Program,"Jeff Nippard, Stephanie Buttermore","A 8-week program for intermediate to advanced lifters focusing on glutes, shoulders, abs, and back hypertrophy. It is composed of two 4-week blocks.",8 Weeks,Intermediate to Advanced,"Barbells, Dumbbells, Cables, Resistance Bands, Machines",5-6,Block 1,Volume Accumulation Phase,1,Week 3,,,LOWER #2,2,,,Deadlift,,4,,4,4,,,,,,,,80%,
Women's Specialization Program,"Jeff Nippard, Stephanie Buttermore","A 8-week program for intermediate to advanced lifters focusing on glutes, shoulders, abs, and back hypertrophy. It is composed of two 4-week blocks.",8 Weeks,Intermediate to Advanced,"Barbells, Dumbbells, Cables, Resistance Bands, Machines",5-6,Block 1,Volume Accumulation Phase,1,Week 3,,,LOWER #2,2,,,Front Squat,Sit straight down,3,,10,10,12,,,,,8,2,,
Women's Specialization Program,"Jeff Nippard, Stephanie Buttermore","A 8-week program for intermediate to advanced lifters focusing on glutes, shoulders, abs, and back hypertrophy. It is composed of two 4-week blocks.",8 Weeks,Intermediate to Advanced,"Barbells, Dumbbells, Cables, Resistance Bands, Machines",5-6,Block 1,Volume Accumulation Phase,1,Week 3,,,LOWER #2,2,,,Knee-Banded Bodyweight Hip Thrust,Drive your knees out,2,,25,25,30,,,,,8,2,,
Women's Specialization Program,"Jeff Nippard, Stephanie Buttermore","A 8-week program for intermediate to advanced lifters focusing on glutes, shoulders, abs, and back hypertrophy. It is composed of two 4-week blocks.",8 Weeks,Intermediate to Advanced,"Barbells, Dumbbells, Cables, Resistance Bands, Machines",5-6,Block 1,Volume Accumulation Phase,1,Week 3,,,LOWER #2,2,,,Seated Leg Curl,Focus on squeezing your hamstrings,3,,10,10,12,,,,,8,2,,
Women's Specialization Program,"Jeff Nippard, Stephanie Buttermore","A 8-week program for intermediate to advanced lifters focusing on glutes, shoulders, abs, and back hypertrophy. It is composed of two 4-week blocks.",8 Weeks,Intermediate to Advanced,"Barbells, Dumbbells, Cables, Resistance Bands, Machines",5-6,Block 1,Volume Accumulation Phase,1,Week 3,,,LOWER #2,2,,,Lateral Band Walk,Externally rotate your hips,3,,20,20,,,,,,8,2,,
Women's Specialization Program,"Jeff Nippard, Stephanie Buttermore","A 8-week program for intermediate to advanced lifters focusing on glutes, shoulders, abs, and back hypertrophy. It is composed of two 4-week blocks.",8 Weeks,Intermediate to Advanced,"Barbells, Dumbbells, Cables, Resistance Bands, Machines",5-6,Block 1,Volume Accumulation Phase,1,Week 3,,,LOWER #2,2,,,Machine Seated Hip Abduction,Externally rotate your hips,3,,15,15,,,,,,7,3,,
Women's Specialization Program,"Jeff Nippard, Stephanie Buttermore","A 8-week program for intermediate to advanced lifters focusing on glutes, shoulders, abs, and back hypertrophy. It is composed of two 4-week blocks.",8 Weeks,Intermediate to Advanced,"Barbells, Dumbbells, Cables, Resistance Bands, Machines",5-6,Block 1,Volume Accumulation Phase,1,Week 3,,,UPPER #1,3,,,Dumbbell Standing Shoulder Press,Use a full ROM,4,,8,8,10,,,,,8,2,,
Women's Specialization Program,"Jeff Nippard, Stephanie Buttermore","A 8-week program for intermediate to advanced lifters focusing on glutes, shoulders, abs, and back hypertrophy. It is composed of two 4-week blocks.",8 Weeks,Intermediate to Advanced,"Barbells, Dumbbells, Cables, Resistance Bands, Machines",5-6,Block 1,Volume Accumulation Phase,1,Week 3,,,UPPER #1,3,,,Narrow Neutral-Grip Pulldown,Pull with your elbows against your sides,4,,10,10,12,,,,,8,2,,
Women's Specialization Program,"Jeff Nippard, Stephanie Buttermore","A 8-week program for intermediate to advanced lifters focusing on glutes, shoulders, abs, and back hypertrophy. It is composed of two 4-week blocks.",8 Weeks,Intermediate to Advanced,"Barbells, Dumbbells, Cables, Resistance Bands, Machines",5-6,Block 1,Volume Accumulation Phase,1,Week 3,,,UPPER #1,3,,,Close-Grip Push-Up,Tuck your elbows,3,,8,8,10,,,,,7,3,,
Women's Specialization Program,"Jeff Nippard, Stephanie Buttermore","A 8-week program for intermediate to advanced lifters focusing on glutes, shoulders, abs, and back hypertrophy. It is composed of two 4-week blocks.",8 Weeks,Intermediate to Advanced,"Barbells, Dumbbells, Cables, Resistance Bands, Machines",5-6,Block 1,Volume Accumulation Phase,1,Week 3,,,UPPER #1,3,,,Cable Seated Row,Pull with your elbows out,3,,10,10,12,,,,,8,2,,
Women's Specialization Program,"Jeff Nippard, Stephanie Buttermore","A 8-week program for intermediate to advanced lifters focusing on glutes, shoulders, abs, and back hypertrophy. It is composed of two 4-week blocks.",8 Weeks,Intermediate to Advanced,"Barbells, Dumbbells, Cables, Resistance Bands, Machines",5-6,Block 1,Volume Accumulation Phase,1,Week 3,,,UPPER #1,3,,A1,Dumbbell Lateral Raise,Focus on squeezing your delts,3,Superset,15,15,,,,,,9,1,,
Women's Specialization Program,"Jeff Nippard, Stephanie Buttermore","A 8-week program for intermediate to advanced lifters focusing on glutes, shoulders, abs, and back hypertrophy. It is composed of two 4-week blocks.",8 Weeks,Intermediate to Advanced,"Barbells, Dumbbells, Cables, Resistance Bands, Machines",5-6,Block 1,Volume Accumulation Phase,1,Week 3,,,UPPER #1,3,,A2,Dumbbell Rear Delt Raise ,Keep your scapulae protracted (rest 2min after superset),3,Superset,15,15,,,,,,9,1,,
Women's Specialization Program,"Jeff Nippard, Stephanie Buttermore","A 8-week program for intermediate to advanced lifters focusing on glutes, shoulders, abs, and back hypertrophy. It is composed of two 4-week blocks.",8 Weeks,Intermediate to Advanced,"Barbells, Dumbbells, Cables, Resistance Bands, Machines",5-6,Block 1,Volume Accumulation Phase,1,Week 3,,,UPPER #1,3,,,Seated Face Pull,Pull your elbows up and out,3,,15,15,20,,,,,9,1,,
Women's Specialization Program,"Jeff Nippard, Stephanie Buttermore","A 8-week program for intermediate to advanced lifters focusing on glutes, shoulders, abs, and back hypertrophy. It is composed of two 4-week blocks.",8 Weeks,Intermediate to Advanced,"Barbells, Dumbbells, Cables, Resistance Bands, Machines",5-6,Block 1,Volume Accumulation Phase,1,Week 3,,,UPPER #1,2,,B1,Single-Arm Cable Curl,Focus on squeezing your biceps,2,Superset,10,10,,,,,,8,2,,
Women's Specialization Program,"Jeff Nippard, Stephanie Buttermore","A 8-week program for intermediate to advanced lifters focusing on glutes, shoulders, abs, and back hypertrophy. It is composed of two 4-week blocks.",8 Weeks,Intermediate to Advanced,"Barbells, Dumbbells, Cables, Resistance Bands, Machines",5-6,Block 1,Volume Accumulation Phase,1,Week 3,,,UPPER #1,2,,B2,Overhead Cable Tricep Extension,Focus on squeezing your triceps (rest 2min after superset),2,Superset,12,12,,,,,,8,2,,
Women's Specialization Program,"Jeff Nippard, Stephanie Buttermore","A 8-week program for intermediate to advanced lifters focusing on glutes, shoulders, abs, and back hypertrophy. It is composed of two 4-week blocks.",8 Weeks,Intermediate to Advanced,"Barbells, Dumbbells, Cables, Resistance Bands, Machines",5-6,Block 1,Volume Accumulation Phase,1,Week 3,,,LOWER #3,4,,,Deficit Bodyweight Bulgarian Split Squat,Focus on stretching your glutes,3,,10,10,12,,,,,7,3,,
Women's Specialization Program,"Jeff Nippard, Stephanie Buttermore","A 8-week program for intermediate to advanced lifters focusing on glutes, shoulders, abs, and back hypertrophy. It is composed of two 4-week blocks.",8 Weeks,Intermediate to Advanced,"Barbells, Dumbbells, Cables, Resistance Bands, Machines",5-6,Block 1,Volume Accumulation Phase,1,Week 3,,,LOWER #3,4,,,Smith Machine Hip Thrust,Chin and ribs tucked,3,,15,15,20,,,,,8,2,,
Women's Specialization Program,"Jeff Nippard, Stephanie Buttermore","A 8-week program for intermediate to advanced lifters focusing on glutes, shoulders, abs, and back hypertrophy. It is composed of two 4-week blocks.",8 Weeks,Intermediate to Advanced,"Barbells, Dumbbells, Cables, Resistance Bands, Machines",5-6,Block 1,Volume Accumulation Phase,1,Week 3,,,LOWER #3,4,,,Bodyweight Reverse Hyperextension,Squeeze your glutes to raise your legs,3,,15,15,20,,,,,8,2,,
Women's Specialization Program,"Jeff Nippard, Stephanie Buttermore","A 8-week program for intermediate to advanced lifters focusing on glutes, shoulders, abs, and back hypertrophy. It is composed of two 4-week blocks.",8 Weeks,Intermediate to Advanced,"Barbells, Dumbbells, Cables, Resistance Bands, Machines",5-6,Block 1,Volume Accumulation Phase,1,Week 3,,,LOWER #3,4,,,45° Hyperextension,"Rounded upper back, extend your hips",3,,12,12,15,,,,,7,3,,
Women's Specialization Program,"Jeff Nippard, Stephanie Buttermore","A 8-week program for intermediate to advanced lifters focusing on glutes, shoulders, abs, and back hypertrophy. It is composed of two 4-week blocks.",8 Weeks,Intermediate to Advanced,"Barbells, Dumbbells, Cables, Resistance Bands, Machines",5-6,Block 1,Volume Accumulation Phase,1,Week 3,,,LOWER #3,4,,,Band Seated Hip Abduction,Externally rotate your hips,3,,25,25,30,,,,,8,2,,
Women's Specialization Program,"Jeff Nippard, Stephanie Buttermore","A 8-week program for intermediate to advanced lifters focusing on glutes, shoulders, abs, and back hypertrophy. It is composed of two 4-week blocks.",8 Weeks,Intermediate to Advanced,"Barbells, Dumbbells, Cables, Resistance Bands, Machines",5-6,Block 1,Volume Accumulation Phase,1,Week 3,,,LOWER #3,4,,,Hollow Body Hold,Flex your spine,3,,15SEC,15,,,,,,7,3,,
Women's Specialization Program,"Jeff Nippard, Stephanie Buttermore","A 8-week program for intermediate to advanced lifters focusing on glutes, shoulders, abs, and back hypertrophy. It is composed of two 4-week blocks.",8 Weeks,Intermediate to Advanced,"Barbells, Dumbbells, Cables, Resistance Bands, Machines",5-6,Block 1,Volume Accumulation Phase,1,Week 3,,,LOWER #4,5,,,Stiff Leg Deadlift,"Brace your lats, high hips",3,,6,6,8,,,,,8,2,,
Women's Specialization Program,"Jeff Nippard, Stephanie Buttermore","A 8-week program for intermediate to advanced lifters focusing on glutes, shoulders, abs, and back hypertrophy. It is composed of two 4-week blocks.",8 Weeks,Intermediate to Advanced,"Barbells, Dumbbells, Cables, Resistance Bands, Machines",5-6,Block 1,Volume Accumulation Phase,1,Week 3,,,LOWER #4,5,,,Bodyweight Walking Lunge,"Reps each leg, stretch your glutes",2,,12,12,15,,,,,7,3,,
Women's Specialization Program,"Jeff Nippard, Stephanie Buttermore","A 8-week program for intermediate to advanced lifters focusing on glutes, shoulders, abs, and back hypertrophy. It is composed of two 4-week blocks.",8 Weeks,Intermediate to Advanced,"Barbells, Dumbbells, Cables, Resistance Bands, Machines",5-6,Block 1,Volume Accumulation Phase,1,Week 3,,,LOWER #4,5,,,Knee-Banded Bodyweight Hip Thrust,Chin and ribs tucked,4,,15,15,20,,,,,8,2,,
Women's Specialization Program,"Jeff Nippard, Stephanie Buttermore","A 8-week program for intermediate to advanced lifters focusing on glutes, shoulders, abs, and back hypertrophy. It is composed of two 4-week blocks.",8 Weeks,Intermediate to Advanced,"Barbells, Dumbbells, Cables, Resistance Bands, Machines",5-6,Block 1,Volume Accumulation Phase,1,Week 3,,,LOWER #4,5,,,Swiss Ball Leg Curl,Focus on squeezing your hamstrings,3,,8,8,12,,,,,7,3,,
Women's Specialization Program,"Jeff Nippard, Stephanie Buttermore","A 8-week program for intermediate to advanced lifters focusing on glutes, shoulders, abs, and back hypertrophy. It is composed of two 4-week blocks.",8 Weeks,Intermediate to Advanced,"Barbells, Dumbbells, Cables, Resistance Bands, Machines",5-6,Block 1,Volume Accumulation Phase,1,Week 3,,,LOWER #4,5,,,Cable Hip Abduction,Externally rotate your hips,3,,10,10,15,,,,,8,2,,
Women's Specialization Program,"Jeff Nippard, Stephanie Buttermore","A 8-week program for intermediate to advanced lifters focusing on glutes, shoulders, abs, and back hypertrophy. It is composed of two 4-week blocks.",8 Weeks,Intermediate to Advanced,"Barbells, Dumbbells, Cables, Resistance Bands, Machines",5-6,Block 1,Volume Accumulation Phase,1,Week 3,,,LOWER #4,5,,,Machine Standing Calf Raise,Press all the way up to your toes,3,,8,8,12,,,,,8,2,,
Women's Specialization Program,"Jeff Nippard, Stephanie Buttermore","A 8-week program for intermediate to advanced lifters focusing on glutes, shoulders, abs, and back hypertrophy. It is composed of two 4-week blocks.",8 Weeks,Intermediate to Advanced,"Barbells, Dumbbells, Cables, Resistance Bands, Machines",5-6,Block 1,Volume Accumulation Phase,1,Week 3,,,UPPER #2,6,,,Dumbbell Incline Press,Shoulder blades back and down,3,,8,8,10,,,,,8,2,,
Women's Specialization Program,"Jeff Nippard, Stephanie Buttermore","A 8-week program for intermediate to advanced lifters focusing on glutes, shoulders, abs, and back hypertrophy. It is composed of two 4-week blocks.",8 Weeks,Intermediate to Advanced,"Barbells, Dumbbells, Cables, Resistance Bands, Machines",5-6,Block 1,Volume Accumulation Phase,1,Week 3,,,UPPER #2,6,,,Supinated Pulldown,Pull with your elbows against your sides,3,,10,10,12,,,,,8,2,,
Women's Specialization Program,"Jeff Nippard, Stephanie Buttermore","A 8-week program for intermediate to advanced lifters focusing on glutes, shoulders, abs, and back hypertrophy. It is composed of two 4-week blocks.",8 Weeks,Intermediate to Advanced,"Barbells, Dumbbells, Cables, Resistance Bands, Machines",5-6,Block 1,Volume Accumulation Phase,1,Week 3,,,UPPER #2,6,,,Machine Shoulder Press,Use a full ROM,3,,8,8,10,,,,,8,2,,
Women's Specialization Program,"Jeff Nippard, Stephanie Buttermore","A 8-week program for intermediate to advanced lifters focusing on glutes, shoulders, abs, and back hypertrophy. It is composed of two 4-week blocks.",8 Weeks,Intermediate to Advanced,"Barbells, Dumbbells, Cables, Resistance Bands, Machines",5-6,Block 1,Volume Accumulation Phase,1,Week 3,,,UPPER #2,6,,,Chest-Supported T-Bar Row,Focus on retracting/protracting your scapulae,3,,12,12,15,,,,,8,2,,
Women's Specialization Program,"Jeff Nippard, Stephanie Buttermore","A 8-week program for intermediate to advanced lifters focusing on glutes, shoulders, abs, and back hypertrophy. It is composed of two 4-week blocks.",8 Weeks,Intermediate to Advanced,"Barbells, Dumbbells, Cables, Resistance Bands, Machines",5-6,Block 1,Volume Accumulation Phase,1,Week 3,,,UPPER #2,6,,A1,Resistance Band Lateral Raise,"7 bottom 1/2 reps, 7 top 1/2 reps, 7 full reps",3,Superset,7,7,7,,,,,8,2,,
Women's Specialization Program,"Jeff Nippard, Stephanie Buttermore","A 8-week program for intermediate to advanced lifters focusing on glutes, shoulders, abs, and back hypertrophy. It is composed of two 4-week blocks.",8 Weeks,Intermediate to Advanced,"Barbells, Dumbbells, Cables, Resistance Bands, Machines",5-6,Block 1,Volume Accumulation Phase,1,Week 3,,,UPPER #2,6,,A2,Seated Cable Facepull ,"7 bottom 1/2 reps, 7 top 1/2 reps, 7 full reps (rest 2min after superset)",3,Superset,7,7,7,,,,,9,1,,
Women's Specialization Program,"Jeff Nippard, Stephanie Buttermore","A 8-week program for intermediate to advanced lifters focusing on glutes, shoulders, abs, and back hypertrophy. It is composed of two 4-week blocks.",8 Weeks,Intermediate to Advanced,"Barbells, Dumbbells, Cables, Resistance Bands, Machines",5-6,Block 1,Volume Accumulation Phase,1,Week 3,,,UPPER #2,6,,B1,Single-Arm Cable Curl,Focus on squeezing your biceps,3,Superset,10,10,,,,,,8,2,,
Women's Specialization Program,"Jeff Nippard, Stephanie Buttermore","A 8-week program for intermediate to advanced lifters focusing on glutes, shoulders, abs, and back hypertrophy. It is composed of two 4-week blocks.",8 Weeks,Intermediate to Advanced,"Barbells, Dumbbells, Cables, Resistance Bands, Machines",5-6,Block 1,Volume Accumulation Phase,1,Week 3,,,UPPER #2,6,,B2,Cable Rope Tricep Extension,Focus on squeezing your triceps (rest 2min after superset),3,Superset,12,12,,,,,,8,2,,
Women's Specialization Program,"Jeff Nippard, Stephanie Buttermore","A 8-week program for intermediate to advanced lifters focusing on glutes, shoulders, abs, and back hypertrophy. It is composed of two 4-week blocks.",8 Weeks,Intermediate to Advanced,"Barbells, Dumbbells, Cables, Resistance Bands, Machines",5-6,Block 1,Volume Accumulation Phase,1,Week 4,,,LOWER #1,1,,,Back Squat,,3,,5,5,,,,,,,,80%,
Women's Specialization Program,"Jeff Nippard, Stephanie Buttermore","A 8-week program for intermediate to advanced lifters focusing on glutes, shoulders, abs, and back hypertrophy. It is composed of two 4-week blocks.",8 Weeks,Intermediate to Advanced,"Barbells, Dumbbells, Cables, Resistance Bands, Machines",5-6,Block 1,Volume Accumulation Phase,1,Week 4,,,LOWER #1,1,,,Barbell Hip Thrust,Chin and ribs tucked,3,,12,12,15,,,,,8,2,,
Women's Specialization Program,"Jeff Nippard, Stephanie Buttermore","A 8-week program for intermediate to advanced lifters focusing on glutes, shoulders, abs, and back hypertrophy. It is composed of two 4-week blocks.",8 Weeks,Intermediate to Advanced,"Barbells, Dumbbells, Cables, Resistance Bands, Machines",5-6,Block 1,Volume Accumulation Phase,1,Week 4,,,LOWER #1,1,,,Barbell Romanian Deadlift,Keep your spine neutral,2,,10,10,12,,,,,8,2,,
Women's Specialization Program,"Jeff Nippard, Stephanie Buttermore","A 8-week program for intermediate to advanced lifters focusing on glutes, shoulders, abs, and back hypertrophy. It is composed of two 4-week blocks.",8 Weeks,Intermediate to Advanced,"Barbells, Dumbbells, Cables, Resistance Bands, Machines",5-6,Block 1,Volume Accumulation Phase,1,Week 4,,,LOWER #1,1,,,Cable Standing Glute Kickback,Focus on squeezing your glutes,2,,12,12,15,,,,,7,3,,
Women's Specialization Program,"Jeff Nippard, Stephanie Buttermore","A 8-week program for intermediate to advanced lifters focusing on glutes, shoulders, abs, and back hypertrophy. It is composed of two 4-week blocks.",8 Weeks,Intermediate to Advanced,"Barbells, Dumbbells, Cables, Resistance Bands, Machines",5-6,Block 1,Volume Accumulation Phase,1,Week 4,,,LOWER #1,1,,,Seated Hip Abduction Machine,Focus on squeezing your glutes,2,,20,20,25,,,,,8,2,,
Women's Specialization Program,"Jeff Nippard, Stephanie Buttermore","A 8-week program for intermediate to advanced lifters focusing on glutes, shoulders, abs, and back hypertrophy. It is composed of two 4-week blocks.",8 Weeks,Intermediate to Advanced,"Barbells, Dumbbells, Cables, Resistance Bands, Machines",5-6,Block 1,Volume Accumulation Phase,1,Week 4,,,LOWER #1,1,,,Bicycle Crunch,Don't yank your neck,3,,15,15,20,,,,,8,2,,
Women's Specialization Program,"Jeff Nippard, Stephanie Buttermore","A 8-week program for intermediate to advanced lifters focusing on glutes, shoulders, abs, and back hypertrophy. It is composed of two 4-week blocks.",8 Weeks,Intermediate to Advanced,"Barbells, Dumbbells, Cables, Resistance Bands, Machines",5-6,Block 1,Volume Accumulation Phase,1,Week 4,,,LOWER #2,2,,,Deadlift,,4,,4,4,,,,,,,,82.5%,
Women's Specialization Program,"Jeff Nippard, Stephanie Buttermore","A 8-week program for intermediate to advanced lifters focusing on glutes, shoulders, abs, and back hypertrophy. It is composed of two 4-week blocks.",8 Weeks,Intermediate to Advanced,"Barbells, Dumbbells, Cables, Resistance Bands, Machines",5-6,Block 1,Volume Accumulation Phase,1,Week 4,,,LOWER #2,2,,,Front Squat,Sit straight down,3,,10,10,12,,,,,8,2,,
Women's Specialization Program,"Jeff Nippard, Stephanie Buttermore","A 8-week program for intermediate to advanced lifters focusing on glutes, shoulders, abs, and back hypertrophy. It is composed of two 4-week blocks.",8 Weeks,Intermediate to Advanced,"Barbells, Dumbbells, Cables, Resistance Bands, Machines",5-6,Block 1,Volume Accumulation Phase,1,Week 4,,,LOWER #2,2,,,Knee-Banded Bodyweight Hip Thrust,Drive your knees out,2,,25,25,30,,,,,8,2,,
Women's Specialization Program,"Jeff Nippard, Stephanie Buttermore","A 8-week program for intermediate to advanced lifters focusing on glutes, shoulders, abs, and back hypertrophy. It is composed of two 4-week blocks.",8 Weeks,Intermediate to Advanced,"Barbells, Dumbbells, Cables, Resistance Bands, Machines",5-6,Block 1,Volume Accumulation Phase,1,Week 4,,,LOWER #2,2,,,Seated Leg Curl,Focus on squeezing your hamstrings,3,,10,10,12,,,,,8,2,,
Women's Specialization Program,"Jeff Nippard, Stephanie Buttermore","A 8-week program for intermediate to advanced lifters focusing on glutes, shoulders, abs, and back hypertrophy. It is composed of two 4-week blocks.",8 Weeks,Intermediate to Advanced,"Barbells, Dumbbells, Cables, Resistance Bands, Machines",5-6,Block 1,Volume Accumulation Phase,1,Week 4,,,LOWER #2,2,,,Lateral Band Walk,Externally rotate your hips,3,,20,20,,,,,,8,2,,
Women's Specialization Program,"Jeff Nippard, Stephanie Buttermore","A 8-week program for intermediate to advanced lifters focusing on glutes, shoulders, abs, and back hypertrophy. It is composed of two 4-week blocks.",8 Weeks,Intermediate to Advanced,"Barbells, Dumbbells, Cables, Resistance Bands, Machines",5-6,Block 1,Volume Accumulation Phase,1,Week 4,,,LOWER #2,2,,,Machine Seated Hip Abduction,Externally rotate your hips,3,,15,15,,,,,,7,3,,
Women's Specialization Program,"Jeff Nippard, Stephanie Buttermore","A 8-week program for intermediate to advanced lifters focusing on glutes, shoulders, abs, and back hypertrophy. It is composed of two 4-week blocks.",8 Weeks,Intermediate to Advanced,"Barbells, Dumbbells, Cables, Resistance Bands, Machines",5-6,Block 1,Volume Accumulation Phase,1,Week 4,,,UPPER #1,3,,,Dumbbell Standing Shoulder Press,Use a full ROM,4,,8,8,10,,,,,8,2,,
Women's Specialization Program,"Jeff Nippard, Stephanie Buttermore","A 8-week program for intermediate to advanced lifters focusing on glutes, shoulders, abs, and back hypertrophy. It is composed of two 4-week blocks.",8 Weeks,Intermediate to Advanced,"Barbells, Dumbbells, Cables, Resistance Bands, Machines",5-6,Block 1,Volume Accumulation Phase,1,Week 4,,,UPPER #1,3,,,Narrow Neutral-Grip Pulldown,Pull with your elbows against your sides,4,,10,10,12,,,,,8,2,,
Women's Specialization Program,"Jeff Nippard, Stephanie Buttermore","A 8-week program for intermediate to advanced lifters focusing on glutes, shoulders, abs, and back hypertrophy. It is composed of two 4-week blocks.",8 Weeks,Intermediate to Advanced,"Barbells, Dumbbells, Cables, Resistance Bands, Machines",5-6,Block 1,Volume Accumulation Phase,1,Week 4,,,UPPER #1,3,,,Close-Grip Push-Up,Tuck your elbows,3,,8,8,10,,,,,7,3,,
Women's Specialization Program,"Jeff Nippard, Stephanie Buttermore","A 8-week program for intermediate to advanced lifters focusing on glutes, shoulders, abs, and back hypertrophy. It is composed of two 4-week blocks.",8 Weeks,Intermediate to Advanced,"Barbells, Dumbbells, Cables, Resistance Bands, Machines",5-6,Block 1,Volume Accumulation Phase,1,Week 4,,,UPPER #1,3,,,Cable Seated Row,Pull with your elbows out,3,,10,10,12,,,,,8,2,,
Women's Specialization Program,"Jeff Nippard, Stephanie Buttermore","A 8-week program for intermediate to advanced lifters focusing on glutes, shoulders, abs, and back hypertrophy. It is composed of two 4-week blocks.",8 Weeks,Intermediate to Advanced,"Barbells, Dumbbells, Cables, Resistance Bands, Machines",5-6,Block 1,Volume Accumulation Phase,1,Week 4,,,UPPER #1,3,,A1,Dumbbell Lateral Raise,Focus on squeezing your delts,3,Superset,15,15,,,,,,9,1,,
Women's Specialization Program,"Jeff Nippard, Stephanie Buttermore","A 8-week program for intermediate to advanced lifters focusing on glutes, shoulders, abs, and back hypertrophy. It is composed of two 4-week blocks.",8 Weeks,Intermediate to Advanced,"Barbells, Dumbbells, Cables, Resistance Bands, Machines",5-6,Block 1,Volume Accumulation Phase,1,Week 4,,,UPPER #1,3,,A2,Dumbbell Rear Delt Raise ,Keep your scapulae protracted (rest 2min after superset),3,Superset,15,15,,,,,,9,1,,
Women's Specialization Program,"Jeff Nippard, Stephanie Buttermore","A 8-week program for intermediate to advanced lifters focusing on glutes, shoulders, abs, and back hypertrophy. It is composed of two 4-week blocks.",8 Weeks,Intermediate to Advanced,"Barbells, Dumbbells, Cables, Resistance Bands, Machines",5-6,Block 1,Volume Accumulation Phase,1,Week 4,,,UPPER #1,3,,,Seated Face Pull,Pull your elbows up and out,3,,15,15,20,,,,,9,1,,
Women's Specialization Program,"Jeff Nippard, Stephanie Buttermore","A 8-week program for intermediate to advanced lifters focusing on glutes, shoulders, abs, and back hypertrophy. It is composed of two 4-week blocks.",8 Weeks,Intermediate to Advanced,"Barbells, Dumbbells, Cables, Resistance Bands, Machines",5-6,Block 1,Volume Accumulation Phase,1,Week 4,,,UPPER #1,2,,B1,Single-Arm Cable Curl,Focus on squeezing your biceps,2,Superset,10,10,,,,,,8,2,,
Women's Specialization Program,"Jeff Nippard, Stephanie Buttermore","A 8-week program for intermediate to advanced lifters focusing on glutes, shoulders, abs, and back hypertrophy. It is composed of two 4-week blocks.",8 Weeks,Intermediate to Advanced,"Barbells, Dumbbells, Cables, Resistance Bands, Machines",5-6,Block 1,Volume Accumulation Phase,1,Week 4,,,UPPER #1,2,,B2,Overhead Cable Tricep Extension,Focus on squeezing your triceps (rest 2min after superset),2,Superset,12,12,,,,,,8,2,,
Women's Specialization Program,"Jeff Nippard, Stephanie Buttermore","A 8-week program for intermediate to advanced lifters focusing on glutes, shoulders, abs, and back hypertrophy. It is composed of two 4-week blocks.",8 Weeks,Intermediate to Advanced,"Barbells, Dumbbells, Cables, Resistance Bands, Machines",5-6,Block 1,Volume Accumulation Phase,1,Week 4,,,LOWER #3,4,,,Deficit Bodyweight Bulgarian Split Squat,Focus on stretching your glutes,3,,10,10,12,,,,,7,3,,
Women's Specialization Program,"Jeff Nippard, Stephanie Buttermore","A 8-week program for intermediate to advanced lifters focusing on glutes, shoulders, abs, and back hypertrophy. It is composed of two 4-week blocks.",8 Weeks,Intermediate to Advanced,"Barbells, Dumbbells, Cables, Resistance Bands, Machines",5-6,Block 1,Volume Accumulation Phase,1,Week 4,,,LOWER #3,4,,,Smith Machine Hip Thrust,Chin and ribs tucked,3,,15,15,20,,,,,8,2,,
Women's Specialization Program,"Jeff Nippard, Stephanie Buttermore","A 8-week program for intermediate to advanced lifters focusing on glutes, shoulders, abs, and back hypertrophy. It is composed of two 4-week blocks.",8 Weeks,Intermediate to Advanced,"Barbells, Dumbbells, Cables, Resistance Bands, Machines",5-6,Block 1,Volume Accumulation Phase,1,Week 4,,,LOWER #3,4,,,Bodyweight Reverse Hyperextension,Squeeze your glutes to raise your legs,3,,15,15,20,,,,,8,2,,
Women's Specialization Program,"Jeff Nippard, Stephanie Buttermore","A 8-week program for intermediate to advanced lifters focusing on glutes, shoulders, abs, and back hypertrophy. It is composed of two 4-week blocks.",8 Weeks,Intermediate to Advanced,"Barbells, Dumbbells, Cables, Resistance Bands, Machines",5-6,Block 1,Volume Accumulation Phase,1,Week 4,,,LOWER #3,4,,,45° Hyperextension,"Rounded upper back, extend your hips",3,,12,12,15,,,,,7,3,,
Women's Specialization Program,"Jeff Nippard, Stephanie Buttermore","A 8-week program for intermediate to advanced lifters focusing on glutes, shoulders, abs, and back hypertrophy. It is composed of two 4-week blocks.",8 Weeks,Intermediate to Advanced,"Barbells, Dumbbells, Cables, Resistance Bands, Machines",5-6,Block 1,Volume Accumulation Phase,1,Week 4,,,LOWER #3,4,,,Band Seated Hip Abduction,Externally rotate your hips,3,,25,25,30,,,,,8,2,,
Women's Specialization Program,"Jeff Nippard, Stephanie Buttermore","A 8-week program for intermediate to advanced lifters focusing on glutes, shoulders, abs, and back hypertrophy. It is composed of two 4-week blocks.",8 Weeks,Intermediate to Advanced,"Barbells, Dumbbells, Cables, Resistance Bands, Machines",5-6,Block 1,Volume Accumulation Phase,1,Week 4,,,LOWER #3,4,,,Hollow Body Hold,Flex your spine,3,,15SEC,15,,,,,,7,3,,
Women's Specialization Program,"Jeff Nippard, Stephanie Buttermore","A 8-week program for intermediate to advanced lifters focusing on glutes, shoulders, abs, and back hypertrophy. It is composed of two 4-week blocks.",8 Weeks,Intermediate to Advanced,"Barbells, Dumbbells, Cables, Resistance Bands, Machines",5-6,Block 1,Volume Accumulation Phase,1,Week 4,,,LOWER #4,5,,,Stiff Leg Deadlift,"Brace your lats, high hips",3,,6,6,8,,,,,8,2,,
Women's Specialization Program,"Jeff Nippard, Stephanie Buttermore","A 8-week program for intermediate to advanced lifters focusing on glutes, shoulders, abs, and back hypertrophy. It is composed of two 4-week blocks.",8 Weeks,Intermediate to Advanced,"Barbells, Dumbbells, Cables, Resistance Bands, Machines",5-6,Block 1,Volume Accumulation Phase,1,Week 4,,,LOWER #4,5,,,Bodyweight Walking Lunge,"Reps each leg, stretch your glutes",2,,12,12,15,,,,,7,3,,
Women's Specialization Program,"Jeff Nippard, Stephanie Buttermore","A 8-week program for intermediate to advanced lifters focusing on glutes, shoulders, abs, and back hypertrophy. It is composed of two 4-week blocks.",8 Weeks,Intermediate to Advanced,"Barbells, Dumbbells, Cables, Resistance Bands, Machines",5-6,Block 1,Volume Accumulation Phase,1,Week 4,,,LOWER #4,5,,,Knee-Banded Bodyweight Hip Thrust,Chin and ribs tucked,4,,15,15,20,,,,,8,2,,
Women's Specialization Program,"Jeff Nippard, Stephanie Buttermore","A 8-week program for intermediate to advanced lifters focusing on glutes, shoulders, abs, and back hypertrophy. It is composed of two 4-week blocks.",8 Weeks,Intermediate to Advanced,"Barbells, Dumbbells, Cables, Resistance Bands, Machines",5-6,Block 1,Volume Accumulation Phase,1,Week 4,,,LOWER #4,5,,,Swiss Ball Leg Curl,Focus on squeezing your hamstrings,3,,8,8,12,,,,,7,3,,
Women's Specialization Program,"Jeff Nippard, Stephanie Buttermore","A 8-week program for intermediate to advanced lifters focusing on glutes, shoulders, abs, and back hypertrophy. It is composed of two 4-week blocks.",8 Weeks,Intermediate to Advanced,"Barbells, Dumbbells, Cables, Resistance Bands, Machines",5-6,Block 1,Volume Accumulation Phase,1,Week 4,,,LOWER #4,5,,,Cable Hip Abduction,Externally rotate your hips,3,,10,10,15,,,,,8,2,,
Women's Specialization Program,"Jeff Nippard, Stephanie Buttermore","A 8-week program for intermediate to advanced lifters focusing on glutes, shoulders, abs, and back hypertrophy. It is composed of two 4-week blocks.",8 Weeks,Intermediate to Advanced,"Barbells, Dumbbells, Cables, Resistance Bands, Machines",5-6,Block 1,Volume Accumulation Phase,1,Week 4,,,LOWER #4,5,,,Machine Standing Calf Raise,Press all the way up to your toes,3,,8,8,12,,,,,8,2,,
Women's Specialization Program,"Jeff Nippard, Stephanie Buttermore","A 8-week program for intermediate to advanced lifters focusing on glutes, shoulders, abs, and back hypertrophy. It is composed of two 4-week blocks.",8 Weeks,Intermediate to Advanced,"Barbells, Dumbbells, Cables, Resistance Bands, Machines",5-6,Block 1,Volume Accumulation Phase,1,Week 4,,,UPPER #2,6,,,Dumbbell Incline Press,Shoulder blades back and down,3,,8,8,10,,,,,8,2,,
Women's Specialization Program,"Jeff Nippard, Stephanie Buttermore","A 8-week program for intermediate to advanced lifters focusing on glutes, shoulders, abs, and back hypertrophy. It is composed of two 4-week blocks.",8 Weeks,Intermediate to Advanced,"Barbells, Dumbbells, Cables, Resistance Bands, Machines",5-6,Block 1,Volume Accumulation Phase,1,Week 4,,,UPPER #2,6,,,Supinated Pulldown,Pull with your elbows against your sides,3,,10,10,12,,,,,8,2,,
Women's Specialization Program,"Jeff Nippard, Stephanie Buttermore","A 8-week program for intermediate to advanced lifters focusing on glutes, shoulders, abs, and back hypertrophy. It is composed of two 4-week blocks.",8 Weeks,Intermediate to Advanced,"Barbells, Dumbbells, Cables, Resistance Bands, Machines",5-6,Block 1,Volume Accumulation Phase,1,Week 4,,,UPPER #2,6,,,Machine Shoulder Press,Use a full ROM,3,,8,8,10,,,,,8,2,,
Women's Specialization Program,"Jeff Nippard, Stephanie Buttermore","A 8-week program for intermediate to advanced lifters focusing on glutes, shoulders, abs, and back hypertrophy. It is composed of two 4-week blocks.",8 Weeks,Intermediate to Advanced,"Barbells, Dumbbells, Cables, Resistance Bands, Machines",5-6,Block 1,Volume Accumulation Phase,1,Week 4,,,UPPER #2,6,,,Chest-Supported T-Bar Row,Focus on retracting/protracting your scapulae,3,,12,12,15,,,,,8,2,,
Women's Specialization Program,"Jeff Nippard, Stephanie Buttermore","A 8-week program for intermediate to advanced lifters focusing on glutes, shoulders, abs, and back hypertrophy. It is composed of two 4-week blocks.",8 Weeks,Intermediate to Advanced,"Barbells, Dumbbells, Cables, Resistance Bands, Machines",5-6,Block 1,Volume Accumulation Phase,1,Week 4,,,UPPER #2,6,,A1,Resistance Band Lateral Raise,"7 bottom 1/2 reps, 7 top 1/2 reps, 7 full reps",3,Superset,7,7,7,,,,,8,2,,
Women's Specialization Program,"Jeff Nippard, Stephanie Buttermore","A 8-week program for intermediate to advanced lifters focusing on glutes, shoulders, abs, and back hypertrophy. It is composed of two 4-week blocks.",8 Weeks,Intermediate to Advanced,"Barbells, Dumbbells, Cables, Resistance Bands, Machines",5-6,Block 1,Volume Accumulation Phase,1,Week 4,,,UPPER #2,6,,A2,Seated Cable Facepull ,"7 bottom 1/2 reps, 7 top 1/2 reps, 7 full reps (rest 2min after superset)",3,Superset,7,7,7,,,,,9,1,,
Women's Specialization Program,"Jeff Nippard, Stephanie Buttermore","A 8-week program for intermediate to advanced lifters focusing on glutes, shoulders, abs, and back hypertrophy. It is composed of two 4-week blocks.",8 Weeks,Intermediate to Advanced,"Barbells, Dumbbells, Cables, Resistance Bands, Machines",5-6,Block 1,Volume Accumulation Phase,1,Week 4,,,UPPER #2,6,,B1,Single-Arm Cable Curl,Focus on squeezing your biceps,3,Superset,10,10,,,,,,8,2,,
Women's Specialization Program,"Jeff Nippard, Stephanie Buttermore","A 8-week program for intermediate to advanced lifters focusing on glutes, shoulders, abs, and back hypertrophy. It is composed of two 4-week blocks.",8 Weeks,Intermediate to Advanced,"Barbells, Dumbbells, Cables, Resistance Bands, Machines",5-6,Block 1,Volume Accumulation Phase,1,Week 4,,,UPPER #2,6,,B2,Cable Rope Tricep Extension,Focus on squeezing your triceps (rest 2min after superset),3,Superset,12,12,,,,,,8,2,,
Women's Specialization Program,"Jeff Nippard, Stephanie Buttermore","A 8-week program for intermediate to advanced lifters focusing on glutes, shoulders, abs, and back hypertrophy. It is composed of two 4-week blocks.",8 Weeks,Intermediate to Advanced,"Barbells, Dumbbells, Cables, Resistance Bands, Machines",5-6,Block 2,Max Effort Phase,2,Week 1,Deload,,LOWER #1,1,,,Back Squat,,2,,4,4,,,,,,,,75%,
Women's Specialization Program,"Jeff Nippard, Stephanie Buttermore","A 8-week program for intermediate to advanced lifters focusing on glutes, shoulders, abs, and back hypertrophy. It is composed of two 4-week blocks.",8 Weeks,Intermediate to Advanced,"Barbells, Dumbbells, Cables, Resistance Bands, Machines",5-6,Block 2,Max Effort Phase,2,Week 1,Deload,,LOWER #1,1,,,Stiff Leg Deadlift,"Brace your lats, high hips",2,,6,6,8,,,,,7,3,,
Women's Specialization Program,"Jeff Nippard, Stephanie Buttermore","A 8-week program for intermediate to advanced lifters focusing on glutes, shoulders, abs, and back hypertrophy. It is composed of two 4-week blocks.",8 Weeks,Intermediate to Advanced,"Barbells, Dumbbells, Cables, Resistance Bands, Machines",5-6,Block 2,Max Effort Phase,2,Week 1,Deload,,LOWER #1,1,,,Barbell Hip Thrust,Chin and ribs tucked,2,,12,12,15,,,,,6,4,,
Women's Specialization Program,"Jeff Nippard, Stephanie Buttermore","A 8-week program for intermediate to advanced lifters focusing on glutes, shoulders, abs, and back hypertrophy. It is composed of two 4-week blocks.",8 Weeks,Intermediate to Advanced,"Barbells, Dumbbells, Cables, Resistance Bands, Machines",5-6,Block 2,Max Effort Phase,2,Week 1,Deload,,LOWER #1,1,,,Dumbbell 45° Hyperextension,"Rounded upper back, extend your hips",2,,15,15,20,,,,,6,4,,
Women's Specialization Program,"Jeff Nippard, Stephanie Buttermore","A 8-week program for intermediate to advanced lifters focusing on glutes, shoulders, abs, and back hypertrophy. It is composed of two 4-week blocks.",8 Weeks,Intermediate to Advanced,"Barbells, Dumbbells, Cables, Resistance Bands, Machines",5-6,Block 2,Max Effort Phase,2,Week 1,Deload,,LOWER #1,1,,,Eccentric-Accentuated Lying Leg Curl,3 second lowering phase,2,,8,8,10,,,,,6,4,,
Women's Specialization Program,"Jeff Nippard, Stephanie Buttermore","A 8-week program for intermediate to advanced lifters focusing on glutes, shoulders, abs, and back hypertrophy. It is composed of two 4-week blocks.",8 Weeks,Intermediate to Advanced,"Barbells, Dumbbells, Cables, Resistance Bands, Machines",5-6,Block 2,Max Effort Phase,2,Week 1,Deload,,LOWER #1,1,,,Machine Seated Hip Abduction,Externally rotate your hips,2,,25,25,30,,,,,8,2,,
Women's Specialization Program,"Jeff Nippard, Stephanie Buttermore","A 8-week program for intermediate to advanced lifters focusing on glutes, shoulders, abs, and back hypertrophy. It is composed of two 4-week blocks.",8 Weeks,Intermediate to Advanced,"Barbells, Dumbbells, Cables, Resistance Bands, Machines",5-6,Block 2,Max Effort Phase,2,Week 1,Deload,,LOWER #1,1,,,Russian Twist,Rotate your torso,2,,20,20,,,,,,6,4,,
Women's Specialization Program,"Jeff Nippard, Stephanie Buttermore","A 8-week program for intermediate to advanced lifters focusing on glutes, shoulders, abs, and back hypertrophy. It is composed of two 4-week blocks.",8 Weeks,Intermediate to Advanced,"Barbells, Dumbbells, Cables, Resistance Bands, Machines",5-6,Block 2,Max Effort Phase,2,Week 1,Deload,,UPPER #1,2,,,Seated Dumbbell Shoulder Press,Use a full ROM,3,,4,4,6,,,,,7,3,,
Women's Specialization Program,"Jeff Nippard, Stephanie Buttermore","A 8-week program for intermediate to advanced lifters focusing on glutes, shoulders, abs, and back hypertrophy. It is composed of two 4-week blocks.",8 Weeks,Intermediate to Advanced,"Barbells, Dumbbells, Cables, Resistance Bands, Machines",5-6,Block 2,Max Effort Phase,2,Week 1,Deload,,UPPER #1,2,,,Pronated Pulldown,Pull with your elbows down and in,3,,6,6,8,,,,,7,3,,
Women's Specialization Program,"Jeff Nippard, Stephanie Buttermore","A 8-week program for intermediate to advanced lifters focusing on glutes, shoulders, abs, and back hypertrophy. It is composed of two 4-week blocks.",8 Weeks,Intermediate to Advanced,"Barbells, Dumbbells, Cables, Resistance Bands, Machines",5-6,Block 2,Max Effort Phase,2,Week 1,Deload,,UPPER #1,2,,,Dumbbell Incline Press,Shoulder blades back and down,2,,10,10,12,,,,,6,4,,
Women's Specialization Program,"Jeff Nippard, Stephanie Buttermore","A 8-week program for intermediate to advanced lifters focusing on glutes, shoulders, abs, and back hypertrophy. It is composed of two 4-week blocks.",8 Weeks,Intermediate to Advanced,"Barbells, Dumbbells, Cables, Resistance Bands, Machines",5-6,Block 2,Max Effort Phase,2,Week 1,Deload,,UPPER #1,2,,,Chest-Supported T-Bar Row,Focus on retracting/protracting your scapulae,2,,12,12,15,,,,,7,3,,
Women's Specialization Program,"Jeff Nippard, Stephanie Buttermore","A 8-week program for intermediate to advanced lifters focusing on glutes, shoulders, abs, and back hypertrophy. It is composed of two 4-week blocks.",8 Weeks,Intermediate to Advanced,"Barbells, Dumbbells, Cables, Resistance Bands, Machines",5-6,Block 2,Max Effort Phase,2,Week 1,Deload,,UPPER #1,2,,,Dumbbell Skull Crusher,Keep your elbows in a fixed position,2,,8,8,12,,,,,7,3,,
Women's Specialization Program,"Jeff Nippard, Stephanie Buttermore","A 8-week program for intermediate to advanced lifters focusing on glutes, shoulders, abs, and back hypertrophy. It is composed of two 4-week blocks.",8 Weeks,Intermediate to Advanced,"Barbells, Dumbbells, Cables, Resistance Bands, Machines",5-6,Block 2,Max Effort Phase,2,Week 1,Deload,,UPPER #1,2,,,Hammer Curl,Focus on squeezing your biceps,2,,10,10,15,,,,,8,2,,
Women's Specialization Program,"Jeff Nippard, Stephanie Buttermore","A 8-week program for intermediate to advanced lifters focusing on glutes, shoulders, abs, and back hypertrophy. It is composed of two 4-week blocks.",8 Weeks,Intermediate to Advanced,"Barbells, Dumbbells, Cables, Resistance Bands, Machines",5-6,Block 2,Max Effort Phase,2,Week 1,Deload,,UPPER #1,3,,A1,Cable Lateral Raise,Focus on squeezing your delts,3,Superset,12,12,15,,,,,8,2,,
Women's Specialization Program,"Jeff Nippard, Stephanie Buttermore","A 8-week program for intermediate to advanced lifters focusing on glutes, shoulders, abs, and back hypertrophy. It is composed of two 4-week blocks.",8 Weeks,Intermediate to Advanced,"Barbells, Dumbbells, Cables, Resistance Bands, Machines",5-6,Block 2,Max Effort Phase,2,Week 1,Deload,,UPPER #1,3,,A2,High-To-Low Face Pull,Pull your elbows up and out (rest 1min after superset),3,Superset,12,12,15,,,,,8,2,,
Women's Specialization Program,"Jeff Nippard, Stephanie Buttermore","A 8-week program for intermediate to advanced lifters focusing on glutes, shoulders, abs, and back hypertrophy. It is composed of two 4-week blocks.",8 Weeks,Intermediate to Advanced,"Barbells, Dumbbells, Cables, Resistance Bands, Machines",5-6,Block 2,Max Effort Phase,2,Week 1,Deload,,LOWER #2,3,,,Sumo Deadlift,,2,,6,6,,,,,,,,72.5%,
Women's Specialization Program,"Jeff Nippard, Stephanie Buttermore","A 8-week program for intermediate to advanced lifters focusing on glutes, shoulders, abs, and back hypertrophy. It is composed of two 4-week blocks.",8 Weeks,Intermediate to Advanced,"Barbells, Dumbbells, Cables, Resistance Bands, Machines",5-6,Block 2,Max Effort Phase,2,Week 1,Deload,,LOWER #2,3,,,Deficit Curtsy Lunge,"Elevate 3 5, stretch your glutes",2,,10,10,12,,,,,7,3,,
Women's Specialization Program,"Jeff Nippard, Stephanie Buttermore","A 8-week program for intermediate to advanced lifters focusing on glutes, shoulders, abs, and back hypertrophy. It is composed of two 4-week blocks.",8 Weeks,Intermediate to Advanced,"Barbells, Dumbbells, Cables, Resistance Bands, Machines",5-6,Block 2,Max Effort Phase,2,Week 1,Deload,,LOWER #2,3,,,Knee-Banded Machine Hip Thrust,Drive your knees out,2,,50,50,,,,,,8,2,,
Women's Specialization Program,"Jeff Nippard, Stephanie Buttermore","A 8-week program for intermediate to advanced lifters focusing on glutes, shoulders, abs, and back hypertrophy. It is composed of two 4-week blocks.",8 Weeks,Intermediate to Advanced,"Barbells, Dumbbells, Cables, Resistance Bands, Machines",5-6,Block 2,Max Effort Phase,2,Week 1,Deload,,LOWER #2,3,,,Swiss Ball Leg Curl,Focus on squeezing your hamstrings,2,,8,8,12,,,,,8,2,,
Women's Specialization Program,"Jeff Nippard, Stephanie Buttermore","A 8-week program for intermediate to advanced lifters focusing on glutes, shoulders, abs, and back hypertrophy. It is composed of two 4-week blocks.",8 Weeks,Intermediate to Advanced,"Barbells, Dumbbells, Cables, Resistance Bands, Machines",5-6,Block 2,Max Effort Phase,2,Week 1,Deload,,LOWER #2,3,,,Machine Glute Kickdown,Focus on squeezing your glutes,2,,15,15,20,,,,,7,3,,
Women's Specialization Program,"Jeff Nippard, Stephanie Buttermore","A 8-week program for intermediate to advanced lifters focusing on glutes, shoulders, abs, and back hypertrophy. It is composed of two 4-week blocks.",8 Weeks,Intermediate to Advanced,"Barbells, Dumbbells, Cables, Resistance Bands, Machines",5-6,Block 2,Max Effort Phase,2,Week 1,Deload,,LOWER #2,3,,,Lateral Band Walk,Externally rotate your hips,2,,25,25,30,,,,,8,2,,
Women's Specialization Program,"Jeff Nippard, Stephanie Buttermore","A 8-week program for intermediate to advanced lifters focusing on glutes, shoulders, abs, and back hypertrophy. It is composed of two 4-week blocks.",8 Weeks,Intermediate to Advanced,"Barbells, Dumbbells, Cables, Resistance Bands, Machines",5-6,Block 2,Max Effort Phase,2,Week 1,Deload,,LOWER #2,3,,,Machine Standing Calf Raise,Press all the way up to your toes,3,,10,10,12,,,,,8,2,,
Women's Specialization Program,"Jeff Nippard, Stephanie Buttermore","A 8-week program for intermediate to advanced lifters focusing on glutes, shoulders, abs, and back hypertrophy. It is composed of two 4-week blocks.",8 Weeks,Intermediate to Advanced,"Barbells, Dumbbells, Cables, Resistance Bands, Machines",5-6,Block 2,Max Effort Phase,2,Week 1,Deload,,UPPER #2,4,,,Close-Grip Bench Press,,3,,5,5,,,,,,,,80%,
Women's Specialization Program,"Jeff Nippard, Stephanie Buttermore","A 8-week program for intermediate to advanced lifters focusing on glutes, shoulders, abs, and back hypertrophy. It is composed of two 4-week blocks.",8 Weeks,Intermediate to Advanced,"Barbells, Dumbbells, Cables, Resistance Bands, Machines",5-6,Block 2,Max Effort Phase,2,Week 1,Deload,,UPPER #2,4,,,Single-Arm Pulldown,Pull with your elbows down and in,3,,10,10,12,,,,,7,3,,
Women's Specialization Program,"Jeff Nippard, Stephanie Buttermore","A 8-week program for intermediate to advanced lifters focusing on glutes, shoulders, abs, and back hypertrophy. It is composed of two 4-week blocks.",8 Weeks,Intermediate to Advanced,"Barbells, Dumbbells, Cables, Resistance Bands, Machines",5-6,Block 2,Max Effort Phase,2,Week 1,Deload,,UPPER #2,4,,,Machine Shoulder Press,Use a full ROM,2,,12,12,15,,,,,7,3,,
Women's Specialization Program,"Jeff Nippard, Stephanie Buttermore","A 8-week program for intermediate to advanced lifters focusing on glutes, shoulders, abs, and back hypertrophy. It is composed of two 4-week blocks.",8 Weeks,Intermediate to Advanced,"Barbells, Dumbbells, Cables, Resistance Bands, Machines",5-6,Block 2,Max Effort Phase,2,Week 1,Deload,,UPPER #2,4,,,Hammer Strength Machine Row,Pull with your elbows out,2,,12,12,15,,,,,8,2,,
Women's Specialization Program,"Jeff Nippard, Stephanie Buttermore","A 8-week program for intermediate to advanced lifters focusing on glutes, shoulders, abs, and back hypertrophy. It is composed of two 4-week blocks.",8 Weeks,Intermediate to Advanced,"Barbells, Dumbbells, Cables, Resistance Bands, Machines",5-6,Block 2,Max Effort Phase,2,Week 1,Deload,,UPPER #2,4,,,Reverse Pec Dec,Keep your scapulae protracted,3,,12,12,15,,,,,7,3,,
Women's Specialization Program,"Jeff Nippard, Stephanie Buttermore","A 8-week program for intermediate to advanced lifters focusing on glutes, shoulders, abs, and back hypertrophy. It is composed of two 4-week blocks.",8 Weeks,Intermediate to Advanced,"Barbells, Dumbbells, Cables, Resistance Bands, Machines",5-6,Block 2,Max Effort Phase,2,Week 1,Deload,,UPPER #2,4,,,Prone Trap Raise,Pull your elbows up and out,3,,15,15,20,,,,,8,2,,
Women's Specialization Program,"Jeff Nippard, Stephanie Buttermore","A 8-week program for intermediate to advanced lifters focusing on glutes, shoulders, abs, and back hypertrophy. It is composed of two 4-week blocks.",8 Weeks,Intermediate to Advanced,"Barbells, Dumbbells, Cables, Resistance Bands, Machines",5-6,Block 2,Max Effort Phase,2,Week 1,Deload,,UPPER #2,4,,A1,Dumbbell Lateral Raise,Constant Tension. Focus on squeezing your delts,3,Superset,20,20,25,,,,,8,2,,
Women's Specialization Program,"Jeff Nippard, Stephanie Buttermore","A 8-week program for intermediate to advanced lifters focusing on glutes, shoulders, abs, and back hypertrophy. It is composed of two 4-week blocks.",8 Weeks,Intermediate to Advanced,"Barbells, Dumbbells, Cables, Resistance Bands, Machines",5-6,Block 2,Max Effort Phase,2,Week 1,Deload,,UPPER #2,4,,A2,Dumbbell Front Raise,Focus on squeezing your delts (rest 1min after superset),3,Superset,15,15,20,,,,,8,2,,
Women's Specialization Program,"Jeff Nippard, Stephanie Buttermore","A 8-week program for intermediate to advanced lifters focusing on glutes, shoulders, abs, and back hypertrophy. It is composed of two 4-week blocks.",8 Weeks,Intermediate to Advanced,"Barbells, Dumbbells, Cables, Resistance Bands, Machines",5-6,Block 2,Max Effort Phase,2,Week 1,Deload,,LOWER #3,5,,,Back Squat,,2,,8,8,,,,,,,,70%,
Women's Specialization Program,"Jeff Nippard, Stephanie Buttermore","A 8-week program for intermediate to advanced lifters focusing on glutes, shoulders, abs, and back hypertrophy. It is composed of two 4-week blocks.",8 Weeks,Intermediate to Advanced,"Barbells, Dumbbells, Cables, Resistance Bands, Machines",5-6,Block 2,Max Effort Phase,2,Week 1,Deload,,LOWER #3,5,,,Dumbbell 45° Hyperextension,"Rounded upper back, extend your hips",2,,20,20,25,,,,,7,3,,
Women's Specialization Program,"Jeff Nippard, Stephanie Buttermore","A 8-week program for intermediate to advanced lifters focusing on glutes, shoulders, abs, and back hypertrophy. It is composed of two 4-week blocks.",8 Weeks,Intermediate to Advanced,"Barbells, Dumbbells, Cables, Resistance Bands, Machines",5-6,Block 2,Max Effort Phase,2,Week 1,Deload,,LOWER #3,5,,,Pause Barbell Hip Thrust,3 second pause,2,,10,10,12,,,,,7,3,,
Women's Specialization Program,"Jeff Nippard, Stephanie Buttermore","A 8-week program for intermediate to advanced lifters focusing on glutes, shoulders, abs, and back hypertrophy. It is composed of two 4-week blocks.",8 Weeks,Intermediate to Advanced,"Barbells, Dumbbells, Cables, Resistance Bands, Machines",5-6,Block 2,Max Effort Phase,2,Week 1,Deload,,LOWER #3,5,,,Cable Pull-Through,Stretch your glutes,2,,20,20,25,,,,,7,3,,
Women's Specialization Program,"Jeff Nippard, Stephanie Buttermore","A 8-week program for intermediate to advanced lifters focusing on glutes, shoulders, abs, and back hypertrophy. It is composed of two 4-week blocks.",8 Weeks,Intermediate to Advanced,"Barbells, Dumbbells, Cables, Resistance Bands, Machines",5-6,Block 2,Max Effort Phase,2,Week 1,Deload,,LOWER #3,5,,,Seated Leg Curl,Focus on squeezing your hamstrings,2,,12,12,15,,,,,8,2,,
Women's Specialization Program,"Jeff Nippard, Stephanie Buttermore","A 8-week program for intermediate to advanced lifters focusing on glutes, shoulders, abs, and back hypertrophy. It is composed of two 4-week blocks.",8 Weeks,Intermediate to Advanced,"Barbells, Dumbbells, Cables, Resistance Bands, Machines",5-6,Block 2,Max Effort Phase,2,Week 1,Deload,,LOWER #3,5,,A1,Knee-Banded Glute Bridge,Focus on getting a big glute pump (rest 1min after superset),2,Superset,30,30,30,,,,,9,1,,
Women's Specialization Program,"Jeff Nippard, Stephanie Buttermore","A 8-week program for intermediate to advanced lifters focusing on glutes, shoulders, abs, and back hypertrophy. It is composed of two 4-week blocks.",8 Weeks,Intermediate to Advanced,"Barbells, Dumbbells, Cables, Resistance Bands, Machines",5-6,Block 2,Max Effort Phase,2,Week 1,Deload,,LOWER #3,5,,A1,Banded Hip Abduction,Focus on getting a big glute pump (rest 1min after superset),2,Superset,30,30,30,,,,,9,1,,
Women's Specialization Program,"Jeff Nippard, Stephanie Buttermore","A 8-week program for intermediate to advanced lifters focusing on glutes, shoulders, abs, and back hypertrophy. It is composed of two 4-week blocks.",8 Weeks,Intermediate to Advanced,"Barbells, Dumbbells, Cables, Resistance Bands, Machines",5-6,Block 2,Max Effort Phase,2,Week 1,Deload,,LOWER #3,5,,,Hanging Leg Raise,Focus on flexing your spine,2,,6,6,8,,,,,8,2,,
Women's Specialization Program,"Jeff Nippard, Stephanie Buttermore","A 8-week program for intermediate to advanced lifters focusing on glutes, shoulders, abs, and back hypertrophy. It is composed of two 4-week blocks.",8 Weeks,Intermediate to Advanced,"Barbells, Dumbbells, Cables, Resistance Bands, Machines",5-6,Block 2,Max Effort Phase,2,Week 2,,,LOWER #1,1,,,Back Squat,,2,,4,4,,,,,,,,77.5%,
Women's Specialization Program,"Jeff Nippard, Stephanie Buttermore","A 8-week program for intermediate to advanced lifters focusing on glutes, shoulders, abs, and back hypertrophy. It is composed of two 4-week blocks.",8 Weeks,Intermediate to Advanced,"Barbells, Dumbbells, Cables, Resistance Bands, Machines",5-6,Block 2,Max Effort Phase,2,Week 2,,,LOWER #1,1,,,Stiff Leg Deadlift,"Brace your lats, high hips",2,,6,6,8,,,,,8,2,,
Women's Specialization Program,"Jeff Nippard, Stephanie Buttermore","A 8-week program for intermediate to advanced lifters focusing on glutes, shoulders, abs, and back hypertrophy. It is composed of two 4-week blocks.",8 Weeks,Intermediate to Advanced,"Barbells, Dumbbells, Cables, Resistance Bands, Machines",5-6,Block 2,Max Effort Phase,2,Week 2,,,LOWER #1,1,,,Barbell Hip Thrust,Chin and ribs tucked,2,,12,12,15,,,,,8,2,,
Women's Specialization Program,"Jeff Nippard, Stephanie Buttermore","A 8-week program for intermediate to advanced lifters focusing on glutes, shoulders, abs, and back hypertrophy. It is composed of two 4-week blocks.",8 Weeks,Intermediate to Advanced,"Barbells, Dumbbells, Cables, Resistance Bands, Machines",5-6,Block 2,Max Effort Phase,2,Week 2,,,LOWER #1,1,,,Dumbbell 45° Hyperextension,"Rounded upper back, extend your hips",2,,15,15,20,,,,,8,2,,
Women's Specialization Program,"Jeff Nippard, Stephanie Buttermore","A 8-week program for intermediate to advanced lifters focusing on glutes, shoulders, abs, and back hypertrophy. It is composed of two 4-week blocks.",8 Weeks,Intermediate to Advanced,"Barbells, Dumbbells, Cables, Resistance Bands, Machines",5-6,Block 2,Max Effort Phase,2,Week 2,,,LOWER #1,1,,,Eccentric-Accentuated Lying Leg Curl,3 second lowering phase,2,,8,8,10,,,,,8,2,,
Women's Specialization Program,"Jeff Nippard, Stephanie Buttermore","A 8-week program for intermediate to advanced lifters focusing on glutes, shoulders, abs, and back hypertrophy. It is composed of two 4-week blocks.",8 Weeks,Intermediate to Advanced,"Barbells, Dumbbells, Cables, Resistance Bands, Machines",5-6,Block 2,Max Effort Phase,2,Week 2,,,LOWER #1,1,,,Machine Seated Hip Abduction,Externally rotate your hips,2,,25,25,30,,,,,9,1,,
Women's Specialization Program,"Jeff Nippard, Stephanie Buttermore","A 8-week program for intermediate to advanced lifters focusing on glutes, shoulders, abs, and back hypertrophy. It is composed of two 4-week blocks.",8 Weeks,Intermediate to Advanced,"Barbells, Dumbbells, Cables, Resistance Bands, Machines",5-6,Block 2,Max Effort Phase,2,Week 2,,,LOWER #1,1,,,Russian Twist,Rotate your torso,2,,20,20,,,,,,8,2,,
Women's Specialization Program,"Jeff Nippard, Stephanie Buttermore","A 8-week program for intermediate to advanced lifters focusing on glutes, shoulders, abs, and back hypertrophy. It is composed of two 4-week blocks.",8 Weeks,Intermediate to Advanced,"Barbells, Dumbbells, Cables, Resistance Bands, Machines",5-6,Block 2,Max Effort Phase,2,Week 2,,,UPPER #1,2,,,Seated Dumbbell Shoulder Press,Use a full ROM,3,,4,4,6,,,,,9,1,,
Women's Specialization Program,"Jeff Nippard, Stephanie Buttermore","A 8-week program for intermediate to advanced lifters focusing on glutes, shoulders, abs, and back hypertrophy. It is composed of two 4-week blocks.",8 Weeks,Intermediate to Advanced,"Barbells, Dumbbells, Cables, Resistance Bands, Machines",5-6,Block 2,Max Effort Phase,2,Week 2,,,UPPER #1,2,,,Pronated Pulldown,Pull with your elbows down and in,3,,6,6,8,,,,,8,2,,
Women's Specialization Program,"Jeff Nippard, Stephanie Buttermore","A 8-week program for intermediate to advanced lifters focusing on glutes, shoulders, abs, and back hypertrophy. It is composed of two 4-week blocks.",8 Weeks,Intermediate to Advanced,"Barbells, Dumbbells, Cables, Resistance Bands, Machines",5-6,Block 2,Max Effort Phase,2,Week 2,,,UPPER #1,2,,,Dumbbell Incline Press,Shoulder blades back and down,2,,10,10,12,,,,,8,2,,
Women's Specialization Program,"Jeff Nippard, Stephanie Buttermore","A 8-week program for intermediate to advanced lifters focusing on glutes, shoulders, abs, and back hypertrophy. It is composed of two 4-week blocks.",8 Weeks,Intermediate to Advanced,"Barbells, Dumbbells, Cables, Resistance Bands, Machines",5-6,Block 2,Max Effort Phase,2,Week 2,,,UPPER #1,2,,,Chest-Supported T-Bar Row,Focus on retracting/protracting your scapulae,2,,12,12,15,,,,,9,1,,
Women's Specialization Program,"Jeff Nippard, Stephanie Buttermore","A 8-week program for intermediate to advanced lifters focusing on glutes, shoulders, abs, and back hypertrophy. It is composed of two 4-week blocks.",8 Weeks,Intermediate to Advanced,"Barbells, Dumbbells, Cables, Resistance Bands, Machines",5-6,Block 2,Max Effort Phase,2,Week 2,,,UPPER #1,2,,,Dumbbell Skull Crusher,Keep your elbows in a fixed position,2,,8,8,12,,,,,9,1,,
Women's Specialization Program,"Jeff Nippard, Stephanie Buttermore","A 8-week program for intermediate to advanced lifters focusing on glutes, shoulders, abs, and back hypertrophy. It is composed of two 4-week blocks.",8 Weeks,Intermediate to Advanced,"Barbells, Dumbbells, Cables, Resistance Bands, Machines",5-6,Block 2,Max Effort Phase,2,Week 2,,,UPPER #1,2,,,Hammer Curl,Focus on squeezing your biceps,2,,10,10,15,,,,,9,1,,
Women's Specialization Program,"Jeff Nippard, Stephanie Buttermore","A 8-week program for intermediate to advanced lifters focusing on glutes, shoulders, abs, and back hypertrophy. It is composed of two 4-week blocks.",8 Weeks,Intermediate to Advanced,"Barbells, Dumbbells, Cables, Resistance Bands, Machines",5-6,Block 2,Max Effort Phase,2,Week 2,,,UPPER #1,3,,A1,Cable Lateral Raise,Focus on squeezing your delts,3,Superset,12,12,15,,,,,9,1,,
Women's Specialization Program,"Jeff Nippard, Stephanie Buttermore","A 8-week program for intermediate to advanced lifters focusing on glutes, shoulders, abs, and back hypertrophy. It is composed of two 4-week blocks.",8 Weeks,Intermediate to Advanced,"Barbells, Dumbbells, Cables, Resistance Bands, Machines",5-6,Block 2,Max Effort Phase,2,Week 2,,,UPPER #1,3,,A2,High-To-Low Face Pull,Pull your elbows up and out (rest 1min after superset),3,Superset,12,12,15,,,,,9,1,,
Women's Specialization Program,"Jeff Nippard, Stephanie Buttermore","A 8-week program for intermediate to advanced lifters focusing on glutes, shoulders, abs, and back hypertrophy. It is composed of two 4-week blocks.",8 Weeks,Intermediate to Advanced,"Barbells, Dumbbells, Cables, Resistance Bands, Machines",5-6,Block 2,Max Effort Phase,2,Week 2,,,LOWER #2,3,,,Sumo Deadlift,,2,,6,6,,,,,,,,75%,
Women's Specialization Program,"Jeff Nippard, Stephanie Buttermore","A 8-week program for intermediate to advanced lifters focusing on glutes, shoulders, abs, and back hypertrophy. It is composed of two 4-week blocks.",8 Weeks,Intermediate to Advanced,"Barbells, Dumbbells, Cables, Resistance Bands, Machines",5-6,Block 2,Max Effort Phase,2,Week 2,,,LOWER #2,3,,,Deficit Curtsy Lunge,"Elevate 3 5, stretch your glutes",2,,10,10,12,,,,,8,2,,
Women's Specialization Program,"Jeff Nippard, Stephanie Buttermore","A 8-week program for intermediate to advanced lifters focusing on glutes, shoulders, abs, and back hypertrophy. It is composed of two 4-week blocks.",8 Weeks,Intermediate to Advanced,"Barbells, Dumbbells, Cables, Resistance Bands, Machines",5-6,Block 2,Max Effort Phase,2,Week 2,,,LOWER #2,3,,,Knee-Banded Machine Hip Thrust,Drive your knees out,2,,50,50,,,,,,9,1,,
Women's Specialization Program,"Jeff Nippard, Stephanie Buttermore","A 8-week program for intermediate to advanced lifters focusing on glutes, shoulders, abs, and back hypertrophy. It is composed of two 4-week blocks.",8 Weeks,Intermediate to Advanced,"Barbells, Dumbbells, Cables, Resistance Bands, Machines",5-6,Block 2,Max Effort Phase,2,Week 2,,,LOWER #2,3,,,Swiss Ball Leg Curl,Focus on squeezing your hamstrings,2,,8,8,12,,,,,9,1,,
Women's Specialization Program,"Jeff Nippard, Stephanie Buttermore","A 8-week program for intermediate to advanced lifters focusing on glutes, shoulders, abs, and back hypertrophy. It is composed of two 4-week blocks.",8 Weeks,Intermediate to Advanced,"Barbells, Dumbbells, Cables, Resistance Bands, Machines",5-6,Block 2,Max Effort Phase,2,Week 2,,,LOWER #2,3,,,Machine Glute Kickdown,Focus on squeezing your glutes,2,,15,15,20,,,,,9,1,,
Women's Specialization Program,"Jeff Nippard, Stephanie Buttermore","A 8-week program for intermediate to advanced lifters focusing on glutes, shoulders, abs, and back hypertrophy. It is composed of two 4-week blocks.",8 Weeks,Intermediate to Advanced,"Barbells, Dumbbells, Cables, Resistance Bands, Machines",5-6,Block 2,Max Effort Phase,2,Week 2,,,LOWER #2,3,,,Lateral Band Walk,Externally rotate your hips,2,,25,25,30,,,,,8,2,,
Women's Specialization Program,"Jeff Nippard, Stephanie Buttermore","A 8-week program for intermediate to advanced lifters focusing on glutes, shoulders, abs, and back hypertrophy. It is composed of two 4-week blocks.",8 Weeks,Intermediate to Advanced,"Barbells, Dumbbells, Cables, Resistance Bands, Machines",5-6,Block 2,Max Effort Phase,2,Week 2,,,LOWER #2,3,,,Machine Standing Calf Raise,Press all the way up to your toes,3,,10,10,12,,,,,8,2,,
Women's Specialization Program,"Jeff Nippard, Stephanie Buttermore","A 8-week program for intermediate to advanced lifters focusing on glutes, shoulders, abs, and back hypertrophy. It is composed of two 4-week blocks.",8 Weeks,Intermediate to Advanced,"Barbells, Dumbbells, Cables, Resistance Bands, Machines",5-6,Block 2,Max Effort Phase,2,Week 2,,,UPPER #2,4,,,Close-Grip Bench Press,,3,,5,5,,,,,,,,80%,
Women's Specialization Program,"Jeff Nippard, Stephanie Buttermore","A 8-week program for intermediate to advanced lifters focusing on glutes, shoulders, abs, and back hypertrophy. It is composed of two 4-week blocks.",8 Weeks,Intermediate to Advanced,"Barbells, Dumbbells, Cables, Resistance Bands, Machines",5-6,Block 2,Max Effort Phase,2,Week 2,,,UPPER #2,4,,,Single-Arm Pulldown,Pull with your elbows down and in,3,,10,10,12,,,,,9,1,,
Women's Specialization Program,"Jeff Nippard, Stephanie Buttermore","A 8-week program for intermediate to advanced lifters focusing on glutes, shoulders, abs, and back hypertrophy. It is composed of two 4-week blocks.",8 Weeks,Intermediate to Advanced,"Barbells, Dumbbells, Cables, Resistance Bands, Machines",5-6,Block 2,Max Effort Phase,2,Week 2,,,UPPER #2,4,,,Machine Shoulder Press,Use a full ROM,2,,12,12,15,,,,,9,1,,
Women's Specialization Program,"Jeff Nippard, Stephanie Buttermore","A 8-week program for intermediate to advanced lifters focusing on glutes, shoulders, abs, and back hypertrophy. It is composed of two 4-week blocks.",8 Weeks,Intermediate to Advanced,"Barbells, Dumbbells, Cables, Resistance Bands, Machines",5-6,Block 2,Max Effort Phase,2,Week 2,,,UPPER #2,4,,,Hammer Strength Machine Row,Pull with your elbows out,2,,12,12,15,,,,,9,1,,
Women's Specialization Program,"Jeff Nippard, Stephanie Buttermore","A 8-week program for intermediate to advanced lifters focusing on glutes, shoulders, abs, and back hypertrophy. It is composed of two 4-week blocks.",8 Weeks,Intermediate to Advanced,"Barbells, Dumbbells, Cables, Resistance Bands, Machines",5-6,Block 2,Max Effort Phase,2,Week 2,,,UPPER #2,4,,,Reverse Pec Dec,Keep your scapulae protracted,3,,12,12,15,,,,,9,1,,
Women's Specialization Program,"Jeff Nippard, Stephanie Buttermore","A 8-week program for intermediate to advanced lifters focusing on glutes, shoulders, abs, and back hypertrophy. It is composed of two 4-week blocks.",8 Weeks,Intermediate to Advanced,"Barbells, Dumbbells, Cables, Resistance Bands, Machines",5-6,Block 2,Max Effort Phase,2,Week 2,,,UPPER #2,4,,,Prone Trap Raise,Pull your elbows up and out,3,,15,15,20,,,,,10,0,,
Women's Specialization Program,"Jeff Nippard, Stephanie Buttermore","A 8-week program for intermediate to advanced lifters focusing on glutes, shoulders, abs, and back hypertrophy. It is composed of two 4-week blocks.",8 Weeks,Intermediate to Advanced,"Barbells, Dumbbells, Cables, Resistance Bands, Machines",5-6,Block 2,Max Effort Phase,2,Week 2,,,UPPER #2,3,,A1,Dumbbell Lateral Raise,Constant Tension. Focus on squeezing your delts,3,Superset,20,20,25,,,,,10,0,,
Women's Specialization Program,"Jeff Nippard, Stephanie Buttermore","A 8-week program for intermediate to advanced lifters focusing on glutes, shoulders, abs, and back hypertrophy. It is composed of two 4-week blocks.",8 Weeks,Intermediate to Advanced,"Barbells, Dumbbells, Cables, Resistance Bands, Machines",5-6,Block 2,Max Effort Phase,2,Week 2,,,UPPER #2,3,,A2,Dumbbell Front Raise,Focus on squeezing your delts (rest 1min after superset),3,Superset,15,15,20,,,,,10,0,,
Women's Specialization Program,"Jeff Nippard, Stephanie Buttermore","A 8-week program for intermediate to advanced lifters focusing on glutes, shoulders, abs, and back hypertrophy. It is composed of two 4-week blocks.",8 Weeks,Intermediate to Advanced,"Barbells, Dumbbells, Cables, Resistance Bands, Machines",5-6,Block 2,Max Effort Phase,2,Week 2,,,LOWER #3,5,,,Back Squat,,2,,8,8,,,,,,,,70%,
Women's Specialization Program,"Jeff Nippard, Stephanie Buttermore","A 8-week program for intermediate to advanced lifters focusing on glutes, shoulders, abs, and back hypertrophy. It is composed of two 4-week blocks.",8 Weeks,Intermediate to Advanced,"Barbells, Dumbbells, Cables, Resistance Bands, Machines",5-6,Block 2,Max Effort Phase,2,Week 2,,,LOWER #3,5,,,Dumbbell 45° Hyperextension,"Rounded upper back, extend your hips",2,,20,20,25,,,,,9,1,,
Women's Specialization Program,"Jeff Nippard, Stephanie Buttermore","A 8-week program for intermediate to advanced lifters focusing on glutes, shoulders, abs, and back hypertrophy. It is composed of two 4-week blocks.",8 Weeks,Intermediate to Advanced,"Barbells, Dumbbells, Cables, Resistance Bands, Machines",5-6,Block 2,Max Effort Phase,2,Week 2,,,LOWER #3,5,,,Pause Barbell Hip Thrust,3 second pause,2,,10,10,12,,,,,8,2,,
Women's Specialization Program,"Jeff Nippard, Stephanie Buttermore","A 8-week program for intermediate to advanced lifters focusing on glutes, shoulders, abs, and back hypertrophy. It is composed of two 4-week blocks.",8 Weeks,Intermediate to Advanced,"Barbells, Dumbbells, Cables, Resistance Bands, Machines",5-6,Block 2,Max Effort Phase,2,Week 2,,,LOWER #3,5,,,Cable Pull-Through,Stretch your glutes,2,,20,20,25,,,,,8,2,,
Women's Specialization Program,"Jeff Nippard, Stephanie Buttermore","A 8-week program for intermediate to advanced lifters focusing on glutes, shoulders, abs, and back hypertrophy. It is composed of two 4-week blocks.",8 Weeks,Intermediate to Advanced,"Barbells, Dumbbells, Cables, Resistance Bands, Machines",5-6,Block 2,Max Effort Phase,2,Week 2,,,LOWER #3,5,,,Seated Leg Curl,Focus on squeezing your hamstrings,2,,12,12,15,,,,,9,1,,
Women's Specialization Program,"Jeff Nippard, Stephanie Buttermore","A 8-week program for intermediate to advanced lifters focusing on glutes, shoulders, abs, and back hypertrophy. It is composed of two 4-week blocks.",8 Weeks,Intermediate to Advanced,"Barbells, Dumbbells, Cables, Resistance Bands, Machines",5-6,Block 2,Max Effort Phase,2,Week 2,,,LOWER #3,5,,A1,Knee-Banded Glute Bridge,Focus on getting a big glute pump (rest 1min after superset),2,Superset,30,30,30,,,,,9,1,,
Women's Specialization Program,"Jeff Nippard, Stephanie Buttermore","A 8-week program for intermediate to advanced lifters focusing on glutes, shoulders, abs, and back hypertrophy. It is composed of two 4-week blocks.",8 Weeks,Intermediate to Advanced,"Barbells, Dumbbells, Cables, Resistance Bands, Machines",5-6,Block 2,Max Effort Phase,2,Week 2,,,LOWER #3,5,,A1,Banded Hip Abduction,Focus on getting a big glute pump (rest 1min after superset),2,Superset,30,30,30,,,,,9,1,,
Women's Specialization Program,"Jeff Nippard, Stephanie Buttermore","A 8-week program for intermediate to advanced lifters focusing on glutes, shoulders, abs, and back hypertrophy. It is composed of two 4-week blocks.",8 Weeks,Intermediate to Advanced,"Barbells, Dumbbells, Cables, Resistance Bands, Machines",5-6,Block 2,Max Effort Phase,2,Week 2,,,LOWER #3,5,,,Hanging Leg Raise,Focus on flexing your spine,2,,6,6,8,,,,,8,2,,
Women's Specialization Program,"Jeff Nippard, Stephanie Buttermore","A 8-week program for intermediate to advanced lifters focusing on glutes, shoulders, abs, and back hypertrophy. It is composed of two 4-week blocks.",8 Weeks,Intermediate to Advanced,"Barbells, Dumbbells, Cables, Resistance Bands, Machines",5-6,Block 2,Max Effort Phase,2,Week 3,,,LOWER #1,1,,,Back Squat,,2,,4,4,,,,,,,,80%,
Women's Specialization Program,"Jeff Nippard, Stephanie Buttermore","A 8-week program for intermediate to advanced lifters focusing on glutes, shoulders, abs, and back hypertrophy. It is composed of two 4-week blocks.",8 Weeks,Intermediate to Advanced,"Barbells, Dumbbells, Cables, Resistance Bands, Machines",5-6,Block 2,Max Effort Phase,2,Week 3,,,LOWER #1,1,,,Stiff Leg Deadlift,"Brace your lats, high hips",2,,6,6,8,,,,,8,2,,
Women's Specialization Program,"Jeff Nippard, Stephanie Buttermore","A 8-week program for intermediate to advanced lifters focusing on glutes, shoulders, abs, and back hypertrophy. It is composed of two 4-week blocks.",8 Weeks,Intermediate to Advanced,"Barbells, Dumbbells, Cables, Resistance Bands, Machines",5-6,Block 2,Max Effort Phase,2,Week 3,,,LOWER #1,1,,,Barbell Hip Thrust,Chin and ribs tucked,2,,12,12,15,,,,,8,2,,
Women's Specialization Program,"Jeff Nippard, Stephanie Buttermore","A 8-week program for intermediate to advanced lifters focusing on glutes, shoulders, abs, and back hypertrophy. It is composed of two 4-week blocks.",8 Weeks,Intermediate to Advanced,"Barbells, Dumbbells, Cables, Resistance Bands, Machines",5-6,Block 2,Max Effort Phase,2,Week 3,,,LOWER #1,1,,,Dumbbell 45° Hyperextension,"Rounded upper back, extend your hips",2,,15,15,20,,,,,8,2,,
Women's Specialization Program,"Jeff Nippard, Stephanie Buttermore","A 8-week program for intermediate to advanced lifters focusing on glutes, shoulders, abs, and back hypertrophy. It is composed of two 4-week blocks.",8 Weeks,Intermediate to Advanced,"Barbells, Dumbbells, Cables, Resistance Bands, Machines",5-6,Block 2,Max Effort Phase,2,Week 3,,,LOWER #1,1,,,Eccentric-Accentuated Lying Leg Curl,3 second lowering phase,2,,8,8,10,,,,,8,2,,
Women's Specialization Program,"Jeff Nippard, Stephanie Buttermore","A 8-week program for intermediate to advanced lifters focusing on glutes, shoulders, abs, and back hypertrophy. It is composed of two 4-week blocks.",8 Weeks,Intermediate to Advanced,"Barbells, Dumbbells, Cables, Resistance Bands, Machines",5-6,Block 2,Max Effort Phase,2,Week 3,,,LOWER #1,1,,,Machine Seated Hip Abduction,Externally rotate your hips,2,,25,25,30,,,,,9,1,,
Women's Specialization Program,"Jeff Nippard, Stephanie Buttermore","A 8-week program for intermediate to advanced lifters focusing on glutes, shoulders, abs, and back hypertrophy. It is composed of two 4-week blocks.",8 Weeks,Intermediate to Advanced,"Barbells, Dumbbells, Cables, Resistance Bands, Machines",5-6,Block 2,Max Effort Phase,2,Week 3,,,LOWER #1,1,,,Russian Twist,Rotate your torso,2,,20,20,,,,,,8,2,,
Women's Specialization Program,"Jeff Nippard, Stephanie Buttermore","A 8-week program for intermediate to advanced lifters focusing on glutes, shoulders, abs, and back hypertrophy. It is composed of two 4-week blocks.",8 Weeks,Intermediate to Advanced,"Barbells, Dumbbells, Cables, Resistance Bands, Machines",5-6,Block 2,Max Effort Phase,2,Week 3,,,UPPER #1,2,,,Seated Dumbbell Shoulder Press,Use a full ROM,3,,4,4,6,,,,,9,1,,
Women's Specialization Program,"Jeff Nippard, Stephanie Buttermore","A 8-week program for intermediate to advanced lifters focusing on glutes, shoulders, abs, and back hypertrophy. It is composed of two 4-week blocks.",8 Weeks,Intermediate to Advanced,"Barbells, Dumbbells, Cables, Resistance Bands, Machines",5-6,Block 2,Max Effort Phase,2,Week 3,,,UPPER #1,2,,,Pronated Pulldown,Pull with your elbows down and in,3,,6,6,8,,,,,8,2,,
Women's Specialization Program,"Jeff Nippard, Stephanie Buttermore","A 8-week program for intermediate to advanced lifters focusing on glutes, shoulders, abs, and back hypertrophy. It is composed of two 4-week blocks.",8 Weeks,Intermediate to Advanced,"Barbells, Dumbbells, Cables, Resistance Bands, Machines",5-6,Block 2,Max Effort Phase,2,Week 3,,,UPPER #1,2,,,Dumbbell Incline Press,Shoulder blades back and down,2,,10,10,12,,,,,8,2,,
Women's Specialization Program,"Jeff Nippard, Stephanie Buttermore","A 8-week program for intermediate to advanced lifters focusing on glutes, shoulders, abs, and back hypertrophy. It is composed of two 4-week blocks.",8 Weeks,Intermediate to Advanced,"Barbells, Dumbbells, Cables, Resistance Bands, Machines",5-6,Block 2,Max Effort Phase,2,Week 3,,,UPPER #1,2,,,Chest-Supported T-Bar Row,Focus on retracting/protracting your scapulae,2,,12,12,15,,,,,9,1,,
Women's Specialization Program,"Jeff Nippard, Stephanie Buttermore","A 8-week program for intermediate to advanced lifters focusing on glutes, shoulders, abs, and back hypertrophy. It is composed of two 4-week blocks.",8 Weeks,Intermediate to Advanced,"Barbells, Dumbbells, Cables, Resistance Bands, Machines",5-6,Block 2,Max Effort Phase,2,Week 3,,,UPPER #1,2,,,Dumbbell Skull Crusher,Keep your elbows in a fixed position,2,,8,8,12,,,,,9,1,,
Women's Specialization Program,"Jeff Nippard, Stephanie Buttermore","A 8-week program for intermediate to advanced lifters focusing on glutes, shoulders, abs, and back hypertrophy. It is composed of two 4-week blocks.",8 Weeks,Intermediate to Advanced,"Barbells, Dumbbells, Cables, Resistance Bands, Machines",5-6,Block 2,Max Effort Phase,2,Week 3,,,UPPER #1,2,,,Hammer Curl,Focus on squeezing your biceps,2,,10,10,15,,,,,9,1,,
Women's Specialization Program,"Jeff Nippard, Stephanie Buttermore","A 8-week program for intermediate to advanced lifters focusing on glutes, shoulders, abs, and back hypertrophy. It is composed of two 4-week blocks.",8 Weeks,Intermediate to Advanced,"Barbells, Dumbbells, Cables, Resistance Bands, Machines",5-6,Block 2,Max Effort Phase,2,Week 3,,,UPPER #1,3,,A1,Cable Lateral Raise,Focus on squeezing your delts,3,Superset,12,12,15,,,,,9,1,,
Women's Specialization Program,"Jeff Nippard, Stephanie Buttermore","A 8-week program for intermediate to advanced lifters focusing on glutes, shoulders, abs, and back hypertrophy. It is composed of two 4-week blocks.",8 Weeks,Intermediate to Advanced,"Barbells, Dumbbells, Cables, Resistance Bands, Machines",5-6,Block 2,Max Effort Phase,2,Week 3,,,UPPER #1,3,,A2,High-To-Low Face Pull,Pull your elbows up and out (rest 1min after superset),3,Superset,12,12,15,,,,,9,1,,
Women's Specialization Program,"Jeff Nippard, Stephanie Buttermore","A 8-week program for intermediate to advanced lifters focusing on glutes, shoulders, abs, and back hypertrophy. It is composed of two 4-week blocks.",8 Weeks,Intermediate to Advanced,"Barbells, Dumbbells, Cables, Resistance Bands, Machines",5-6,Block 2,Max Effort Phase,2,Week 3,,,LOWER #2,3,,,Sumo Deadlift,,2,,6,6,,,,,,,,77.5%,
Women's Specialization Program,"Jeff Nippard, Stephanie Buttermore","A 8-week program for intermediate to advanced lifters focusing on glutes, shoulders, abs, and back hypertrophy. It is composed of two 4-week blocks.",8 Weeks,Intermediate to Advanced,"Barbells, Dumbbells, Cables, Resistance Bands, Machines",5-6,Block 2,Max Effort Phase,2,Week 3,,,LOWER #2,3,,,Deficit Curtsy Lunge,"Elevate 3 5, stretch your glutes",2,,10,10,12,,,,,8,2,,
Women's Specialization Program,"Jeff Nippard, Stephanie Buttermore","A 8-week program for intermediate to advanced lifters focusing on glutes, shoulders, abs, and back hypertrophy. It is composed of two 4-week blocks.",8 Weeks,Intermediate to Advanced,"Barbells, Dumbbells, Cables, Resistance Bands, Machines",5-6,Block 2,Max Effort Phase,2,Week 3,,,LOWER #2,3,,,Knee-Banded Machine Hip Thrust,Drive your knees out,2,,50,50,,,,,,9,1,,
Women's Specialization Program,"Jeff Nippard, Stephanie Buttermore","A 8-week program for intermediate to advanced lifters focusing on glutes, shoulders, abs, and back hypertrophy. It is composed of two 4-week blocks.",8 Weeks,Intermediate to Advanced,"Barbells, Dumbbells, Cables, Resistance Bands, Machines",5-6,Block 2,Max Effort Phase,2,Week 3,,,LOWER #2,3,,,Swiss Ball Leg Curl,Focus on squeezing your hamstrings,2,,8,8,12,,,,,9,1,,
Women's Specialization Program,"Jeff Nippard, Stephanie Buttermore","A 8-week program for intermediate to advanced lifters focusing on glutes, shoulders, abs, and back hypertrophy. It is composed of two 4-week blocks.",8 Weeks,Intermediate to Advanced,"Barbells, Dumbbells, Cables, Resistance Bands, Machines",5-6,Block 2,Max Effort Phase,2,Week 3,,,LOWER #2,3,,,Machine Glute Kickdown,Focus on squeezing your glutes,2,,15,15,20,,,,,9,1,,
Women's Specialization Program,"Jeff Nippard, Stephanie Buttermore","A 8-week program for intermediate to advanced lifters focusing on glutes, shoulders, abs, and back hypertrophy. It is composed of two 4-week blocks.",8 Weeks,Intermediate to Advanced,"Barbells, Dumbbells, Cables, Resistance Bands, Machines",5-6,Block 2,Max Effort Phase,2,Week 3,,,LOWER #2,3,,,Lateral Band Walk,Externally rotate your hips,2,,25,25,30,,,,,8,2,,
Women's Specialization Program,"Jeff Nippard, Stephanie Buttermore","A 8-week program for intermediate to advanced lifters focusing on glutes, shoulders, abs, and back hypertrophy. It is composed of two 4-week blocks.",8 Weeks,Intermediate to Advanced,"Barbells, Dumbbells, Cables, Resistance Bands, Machines",5-6,Block 2,Max Effort Phase,2,Week 3,,,LOWER #2,3,,,Machine Standing Calf Raise,Press all the way up to your toes,3,,10,10,12,,,,,8,2,,
Women's Specialization Program,"Jeff Nippard, Stephanie Buttermore","A 8-week program for intermediate to advanced lifters focusing on glutes, shoulders, abs, and back hypertrophy. It is composed of two 4-week blocks.",8 Weeks,Intermediate to Advanced,"Barbells, Dumbbells, Cables, Resistance Bands, Machines",5-6,Block 2,Max Effort Phase,2,Week 3,,,UPPER #2,4,,,Close-Grip Bench Press,,3,,5,5,,,,,,,,80%,
Women's Specialization Program,"Jeff Nippard, Stephanie Buttermore","A 8-week program for intermediate to advanced lifters focusing on glutes, shoulders, abs, and back hypertrophy. It is composed of two 4-week blocks.",8 Weeks,Intermediate to Advanced,"Barbells, Dumbbells, Cables, Resistance Bands, Machines",5-6,Block 2,Max Effort Phase,2,Week 3,,,UPPER #2,4,,,Single-Arm Pulldown,Pull with your elbows down and in,3,,10,10,12,,,,,9,1,,
Women's Specialization Program,"Jeff Nippard, Stephanie Buttermore","A 8-week program for intermediate to advanced lifters focusing on glutes, shoulders, abs, and back hypertrophy. It is composed of two 4-week blocks.",8 Weeks,Intermediate to Advanced,"Barbells, Dumbbells, Cables, Resistance Bands, Machines",5-6,Block 2,Max Effort Phase,2,Week 3,,,UPPER #2,4,,,Machine Shoulder Press,Use a full ROM,2,,12,12,15,,,,,9,1,,
Women's Specialization Program,"Jeff Nippard, Stephanie Buttermore","A 8-week program for intermediate to advanced lifters focusing on glutes, shoulders, abs, and back hypertrophy. It is composed of two 4-week blocks.",8 Weeks,Intermediate to Advanced,"Barbells, Dumbbells, Cables, Resistance Bands, Machines",5-6,Block 2,Max Effort Phase,2,Week 3,,,UPPER #2,4,,,Hammer Strength Machine Row,Pull with your elbows out,2,,12,12,15,,,,,9,1,,
Women's Specialization Program,"Jeff Nippard, Stephanie Buttermore","A 8-week program for intermediate to advanced lifters focusing on glutes, shoulders, abs, and back hypertrophy. It is composed of two 4-week blocks.",8 Weeks,Intermediate to Advanced,"Barbells, Dumbbells, Cables, Resistance Bands, Machines",5-6,Block 2,Max Effort Phase,2,Week 3,,,UPPER #2,4,,,Reverse Pec Dec,Keep your scapulae protracted,3,,12,12,15,,,,,9,1,,
Women's Specialization Program,"Jeff Nippard, Stephanie Buttermore","A 8-week program for intermediate to advanced lifters focusing on glutes, shoulders, abs, and back hypertrophy. It is composed of two 4-week blocks.",8 Weeks,Intermediate to Advanced,"Barbells, Dumbbells, Cables, Resistance Bands, Machines",5-6,Block 2,Max Effort Phase,2,Week 3,,,UPPER #2,4,,,Prone Trap Raise,Pull your elbows up and out,3,,15,15,20,,,,,10,0,,
Women's Specialization Program,"Jeff Nippard, Stephanie Buttermore","A 8-week program for intermediate to advanced lifters focusing on glutes, shoulders, abs, and back hypertrophy. It is composed of two 4-week blocks.",8 Weeks,Intermediate to Advanced,"Barbells, Dumbbells, Cables, Resistance Bands, Machines",5-6,Block 2,Max Effort Phase,2,Week 3,,,UPPER #2,3,,A1,Dumbbell Lateral Raise,Constant Tension. Focus on squeezing your delts,3,Superset,20,20,25,,,,,10,0,,
Women's Specialization Program,"Jeff Nippard, Stephanie Buttermore","A 8-week program for intermediate to advanced lifters focusing on glutes, shoulders, abs, and back hypertrophy. It is composed of two 4-week blocks.",8 Weeks,Intermediate to Advanced,"Barbells, Dumbbells, Cables, Resistance Bands, Machines",5-6,Block 2,Max Effort Phase,2,Week 3,,,UPPER #2,3,,A2,Dumbbell Front Raise,Focus on squeezing your delts (rest 1min after superset),3,Superset,15,15,20,,,,,10,0,,
Women's Specialization Program,"Jeff Nippard, Stephanie Buttermore","A 8-week program for intermediate to advanced lifters focusing on glutes, shoulders, abs, and back hypertrophy. It is composed of two 4-week blocks.",8 Weeks,Intermediate to Advanced,"Barbells, Dumbbells, Cables, Resistance Bands, Machines",5-6,Block 2,Max Effort Phase,2,Week 3,,,LOWER #3,5,,,Back Squat,,2,,8,8,,,,,,,,75%,
Women's Specialization Program,"Jeff Nippard, Stephanie Buttermore","A 8-week program for intermediate to advanced lifters focusing on glutes, shoulders, abs, and back hypertrophy. It is composed of two 4-week blocks.",8 Weeks,Intermediate to Advanced,"Barbells, Dumbbells, Cables, Resistance Bands, Machines",5-6,Block 2,Max Effort Phase,2,Week 3,,,LOWER #3,5,,,Dumbbell 45° Hyperextension,"Rounded upper back, extend your hips",2,,20,20,25,,,,,9,1,,
Women's Specialization Program,"Jeff Nippard, Stephanie Buttermore","A 8-week program for intermediate to advanced lifters focusing on glutes, shoulders, abs, and back hypertrophy. It is composed of two 4-week blocks.",8 Weeks,Intermediate to Advanced,"Barbells, Dumbbells, Cables, Resistance Bands, Machines",5-6,Block 2,Max Effort Phase,2,Week 3,,,LOWER #3,5,,,Pause Barbell Hip Thrust,3 second pause,2,,10,10,12,,,,,8,2,,
Women's Specialization Program,"Jeff Nippard, Stephanie Buttermore","A 8-week program for intermediate to advanced lifters focusing on glutes, shoulders, abs, and back hypertrophy. It is composed of two 4-week blocks.",8 Weeks,Intermediate to Advanced,"Barbells, Dumbbells, Cables, Resistance Bands, Machines",5-6,Block 2,Max Effort Phase,2,Week 3,,,LOWER #3,5,,,Cable Pull-Through,Stretch your glutes,2,,20,20,25,,,,,8,2,,
Women's Specialization Program,"Jeff Nippard, Stephanie Buttermore","A 8-week program for intermediate to advanced lifters focusing on glutes, shoulders, abs, and back hypertrophy. It is composed of two 4-week blocks.",8 Weeks,Intermediate to Advanced,"Barbells, Dumbbells, Cables, Resistance Bands, Machines",5-6,Block 2,Max Effort Phase,2,Week 3,,,LOWER #3,5,,,Seated Leg Curl,Focus on squeezing your hamstrings,2,,12,12,15,,,,,9,1,,
Women's Specialization Program,"Jeff Nippard, Stephanie Buttermore","A 8-week program for intermediate to advanced lifters focusing on glutes, shoulders, abs, and back hypertrophy. It is composed of two 4-week blocks.",8 Weeks,Intermediate to Advanced,"Barbells, Dumbbells, Cables, Resistance Bands, Machines",5-6,Block 2,Max Effort Phase,2,Week 3,,,LOWER #3,5,,A1,Knee-Banded Glute Bridge,Focus on getting a big glute pump (rest 1min after superset),2,Superset,30,30,30,,,,,9,1,,
Women's Specialization Program,"Jeff Nippard, Stephanie Buttermore","A 8-week program for intermediate to advanced lifters focusing on glutes, shoulders, abs, and back hypertrophy. It is composed of two 4-week blocks.",8 Weeks,Intermediate to Advanced,"Barbells, Dumbbells, Cables, Resistance Bands, Machines",5-6,Block 2,Max Effort Phase,2,Week 3,,,LOWER #3,5,,A1,Banded Hip Abduction,Focus on getting a big glute pump (rest 1min after superset),2,Superset,30,30,30,,,,,9,1,,
Women's Specialization Program,"Jeff Nippard, Stephanie Buttermore","A 8-week program for intermediate to advanced lifters focusing on glutes, shoulders, abs, and back hypertrophy. It is composed of two 4-week blocks.",8 Weeks,Intermediate to Advanced,"Barbells, Dumbbells, Cables, Resistance Bands, Machines",5-6,Block 2,Max Effort Phase,2,Week 3,,,LOWER #3,5,,,Hanging Leg Raise,Focus on flexing your spine,2,,6,6,8,,,,,8,2,,
Women's Specialization Program,"Jeff Nippard, Stephanie Buttermore","A 8-week program for intermediate to advanced lifters focusing on glutes, shoulders, abs, and back hypertrophy. It is composed of two 4-week blocks.",8 Weeks,Intermediate to Advanced,"Barbells, Dumbbells, Cables, Resistance Bands, Machines",5-6,Block 2,Max Effort Phase,2,Week 4,,,LOWER #1,1,,,Back Squat,,2,,4,4,,,,,,,,82.5%,
Women's Specialization Program,"Jeff Nippard, Stephanie Buttermore","A 8-week program for intermediate to advanced lifters focusing on glutes, shoulders, abs, and back hypertrophy. It is composed of two 4-week blocks.",8 Weeks,Intermediate to Advanced,"Barbells, Dumbbells, Cables, Resistance Bands, Machines",5-6,Block 2,Max Effort Phase,2,Week 4,,,LOWER #1,1,,,Stiff Leg Deadlift,"Brace your lats, high hips",2,,6,6,8,,,,,8,2,,
Women's Specialization Program,"Jeff Nippard, Stephanie Buttermore","A 8-week program for intermediate to advanced lifters focusing on glutes, shoulders, abs, and back hypertrophy. It is composed of two 4-week blocks.",8 Weeks,Intermediate to Advanced,"Barbells, Dumbbells, Cables, Resistance Bands, Machines",5-6,Block 2,Max Effort Phase,2,Week 4,,,LOWER #1,1,,,Barbell Hip Thrust,Chin and ribs tucked,2,,12,12,15,,,,,8,2,,
Women's Specialization Program,"Jeff Nippard, Stephanie Buttermore","A 8-week program for intermediate to advanced lifters focusing on glutes, shoulders, abs, and back hypertrophy. It is composed of two 4-week blocks.",8 Weeks,Intermediate to Advanced,"Barbells, Dumbbells, Cables, Resistance Bands, Machines",5-6,Block 2,Max Effort Phase,2,Week 4,,,LOWER #1,1,,,Dumbbell 45° Hyperextension,"Rounded upper back, extend your hips",2,,15,15,20,,,,,8,2,,
Women's Specialization Program,"Jeff Nippard, Stephanie Buttermore","A 8-week program for intermediate to advanced lifters focusing on glutes, shoulders, abs, and back hypertrophy. It is composed of two 4-week blocks.",8 Weeks,Intermediate to Advanced,"Barbells, Dumbbells, Cables, Resistance Bands, Machines",5-6,Block 2,Max Effort Phase,2,Week 4,,,LOWER #1,1,,,Eccentric-Accentuated Lying Leg Curl,3 second lowering phase,2,,8,8,10,,,,,8,2,,
Women's Specialization Program,"Jeff Nippard, Stephanie Buttermore","A 8-week program for intermediate to advanced lifters focusing on glutes, shoulders, abs, and back hypertrophy. It is composed of two 4-week blocks.",8 Weeks,Intermediate to Advanced,"Barbells, Dumbbells, Cables, Resistance Bands, Machines",5-6,Block 2,Max Effort Phase,2,Week 4,,,LOWER #1,1,,,Machine Seated Hip Abduction,Externally rotate your hips,2,,25,25,30,,,,,9,1,,
Women's Specialization Program,"Jeff Nippard, Stephanie Buttermore","A 8-week program for intermediate to advanced lifters focusing on glutes, shoulders, abs, and back hypertrophy. It is composed of two 4-week blocks.",8 Weeks,Intermediate to Advanced,"Barbells, Dumbbells, Cables, Resistance Bands, Machines",5-6,Block 2,Max Effort Phase,2,Week 4,,,LOWER #1,1,,,Russian Twist,Rotate your torso,2,,20,20,,,,,,8,2,,
Women's Specialization Program,"Jeff Nippard, Stephanie Buttermore","A 8-week program for intermediate to advanced lifters focusing on glutes, shoulders, abs, and back hypertrophy. It is composed of two 4-week blocks.",8 Weeks,Intermediate to Advanced,"Barbells, Dumbbells, Cables, Resistance Bands, Machines",5-6,Block 2,Max Effort Phase,2,Week 4,,,UPPER #1,2,,,Seated Dumbbell Shoulder Press,Use a full ROM,3,,4,4,6,,,,,9,1,,
Women's Specialization Program,"Jeff Nippard, Stephanie Buttermore","A 8-week program for intermediate to advanced lifters focusing on glutes, shoulders, abs, and back hypertrophy. It is composed of two 4-week blocks.",8 Weeks,Intermediate to Advanced,"Barbells, Dumbbells, Cables, Resistance Bands, Machines",5-6,Block 2,Max Effort Phase,2,Week 4,,,UPPER #1,2,,,Pronated Pulldown,Pull with your elbows down and in,3,,6,6,8,,,,,8,2,,
Women's Specialization Program,"Jeff Nippard, Stephanie Buttermore","A 8-week program for intermediate to advanced lifters focusing on glutes, shoulders, abs, and back hypertrophy. It is composed of two 4-week blocks.",8 Weeks,Intermediate to Advanced,"Barbells, Dumbbells, Cables, Resistance Bands, Machines",5-6,Block 2,Max Effort Phase,2,Week 4,,,UPPER #1,2,,,Dumbbell Incline Press,Shoulder blades back and down,2,,10,10,12,,,,,8,2,,
Women's Specialization Program,"Jeff Nippard, Stephanie Buttermore","A 8-week program for intermediate to advanced lifters focusing on glutes, shoulders, abs, and back hypertrophy. It is composed of two 4-week blocks.",8 Weeks,Intermediate to Advanced,"Barbells, Dumbbells, Cables, Resistance Bands, Machines",5-6,Block 2,Max Effort Phase,2,Week 4,,,UPPER #1,2,,,Chest-Supported T-Bar Row,Focus on retracting/protracting your scapulae,2,,12,12,15,,,,,9,1,,
Women's Specialization Program,"Jeff Nippard, Stephanie Buttermore","A 8-week program for intermediate to advanced lifters focusing on glutes, shoulders, abs, and back hypertrophy. It is composed of two 4-week blocks.",8 Weeks,Intermediate to Advanced,"Barbells, Dumbbells, Cables, Resistance Bands, Machines",5-6,Block 2,Max Effort Phase,2,Week 4,,,UPPER #1,2,,,Dumbbell Skull Crusher,Keep your elbows in a fixed position,2,,8,8,12,,,,,9,1,,
Women's Specialization Program,"Jeff Nippard, Stephanie Buttermore","A 8-week program for intermediate to advanced lifters focusing on glutes, shoulders, abs, and back hypertrophy. It is composed of two 4-week blocks.",8 Weeks,Intermediate to Advanced,"Barbells, Dumbbells, Cables, Resistance Bands, Machines",5-6,Block 2,Max Effort Phase,2,Week 4,,,UPPER #1,2,,,Hammer Curl,Focus on squeezing your biceps,2,,10,10,15,,,,,9,1,,
Women's Specialization Program,"Jeff Nippard, Stephanie Buttermore","A 8-week program for intermediate to advanced lifters focusing on glutes, shoulders, abs, and back hypertrophy. It is composed of two 4-week blocks.",8 Weeks,Intermediate to Advanced,"Barbells, Dumbbells, Cables, Resistance Bands, Machines",5-6,Block 2,Max Effort Phase,2,Week 4,,,UPPER #1,3,,A1,Cable Lateral Raise,Focus on squeezing your delts,3,Superset,12,12,15,,,,,9,1,,
Women's Specialization Program,"Jeff Nippard, Stephanie Buttermore","A 8-week program for intermediate to advanced lifters focusing on glutes, shoulders, abs, and back hypertrophy. It is composed of two 4-week blocks.",8 Weeks,Intermediate to Advanced,"Barbells, Dumbbells, Cables, Resistance Bands, Machines",5-6,Block 2,Max Effort Phase,2,Week 4,,,UPPER #1,3,,A2,High-To-Low Face Pull,Pull your elbows up and out (rest 1min after superset),3,Superset,12,12,15,,,,,9,1,,
Women's Specialization Program,"Jeff Nippard, Stephanie Buttermore","A 8-week program for intermediate to advanced lifters focusing on glutes, shoulders, abs, and back hypertrophy. It is composed of two 4-week blocks.",8 Weeks,Intermediate to Advanced,"Barbells, Dumbbells, Cables, Resistance Bands, Machines",5-6,Block 2,Max Effort Phase,2,Week 4,,,LOWER #2,3,,,Sumo Deadlift,,2,,6,6,,,,,,,,80%,
Women's Specialization Program,"Jeff Nippard, Stephanie Buttermore","A 8-week program for intermediate to advanced lifters focusing on glutes, shoulders, abs, and back hypertrophy. It is composed of two 4-week blocks.",8 Weeks,Intermediate to Advanced,"Barbells, Dumbbells, Cables, Resistance Bands, Machines",5-6,Block 2,Max Effort Phase,2,Week 4,,,LOWER #2,3,,,Deficit Curtsy Lunge,"Elevate 3 5, stretch your glutes",2,,10,10,12,,,,,8,2,,
Women's Specialization Program,"Jeff Nippard, Stephanie Buttermore","A 8-week program for intermediate to advanced lifters focusing on glutes, shoulders, abs, and back hypertrophy. It is composed of two 4-week blocks.",8 Weeks,Intermediate to Advanced,"Barbells, Dumbbells, Cables, Resistance Bands, Machines",5-6,Block 2,Max Effort Phase,2,Week 4,,,LOWER #2,3,,,Knee-Banded Machine Hip Thrust,Drive your knees out,2,,50,50,,,,,,9,1,,
Women's Specialization Program,"Jeff Nippard, Stephanie Buttermore","A 8-week program for intermediate to advanced lifters focusing on glutes, shoulders, abs, and back hypertrophy. It is composed of two 4-week blocks.",8 Weeks,Intermediate to Advanced,"Barbells, Dumbbells, Cables, Resistance Bands, Machines",5-6,Block 2,Max Effort Phase,2,Week 4,,,LOWER #2,3,,,Swiss Ball Leg Curl,Focus on squeezing your hamstrings,2,,8,8,12,,,,,9,1,,
Women's Specialization Program,"Jeff Nippard, Stephanie Buttermore","A 8-week program for intermediate to advanced lifters focusing on glutes, shoulders, abs, and back hypertrophy. It is composed of two 4-week blocks.",8 Weeks,Intermediate to Advanced,"Barbells, Dumbbells, Cables, Resistance Bands, Machines",5-6,Block 2,Max Effort Phase,2,Week 4,,,LOWER #2,3,,,Machine Glute Kickdown,Focus on squeezing your glutes,2,,15,15,20,,,,,9,1,,
Women's Specialization Program,"Jeff Nippard, Stephanie Buttermore","A 8-week program for intermediate to advanced lifters focusing on glutes, shoulders, abs, and back hypertrophy. It is composed of two 4-week blocks.",8 Weeks,Intermediate to Advanced,"Barbells, Dumbbells, Cables, Resistance Bands, Machines",5-6,Block 2,Max Effort Phase,2,Week 4,,,LOWER #2,3,,,Lateral Band Walk,Externally rotate your hips,2,,25,25,30,,,,,8,2,,
Women's Specialization Program,"Jeff Nippard, Stephanie Buttermore","A 8-week program for intermediate to advanced lifters focusing on glutes, shoulders, abs, and back hypertrophy. It is composed of two 4-week blocks.",8 Weeks,Intermediate to Advanced,"Barbells, Dumbbells, Cables, Resistance Bands, Machines",5-6,Block 2,Max Effort Phase,2,Week 4,,,LOWER #2,3,,,Machine Standing Calf Raise,Press all the way up to your toes,3,,10,10,12,,,,,8,2,,
Women's Specialization Program,"Jeff Nippard, Stephanie Buttermore","A 8-week program for intermediate to advanced lifters focusing on glutes, shoulders, abs, and back hypertrophy. It is composed of two 4-week blocks.",8 Weeks,Intermediate to Advanced,"Barbells, Dumbbells, Cables, Resistance Bands, Machines",5-6,Block 2,Max Effort Phase,2,Week 4,,,UPPER #2,4,,,Close-Grip Bench Press,,3,,5,5,,,,,,,,82.5%,
Women's Specialization Program,"Jeff Nippard, Stephanie Buttermore","A 8-week program for intermediate to advanced lifters focusing on glutes, shoulders, abs, and back hypertrophy. It is composed of two 4-week blocks.",8 Weeks,Intermediate to Advanced,"Barbells, Dumbbells, Cables, Resistance Bands, Machines",5-6,Block 2,Max Effort Phase,2,Week 4,,,UPPER #2,4,,,Single-Arm Pulldown,Pull with your elbows down and in,3,,10,10,12,,,,,9,1,,
Women's Specialization Program,"Jeff Nippard, Stephanie Buttermore","A 8-week program for intermediate to advanced lifters focusing on glutes, shoulders, abs, and back hypertrophy. It is composed of two 4-week blocks.",8 Weeks,Intermediate to Advanced,"Barbells, Dumbbells, Cables, Resistance Bands, Machines",5-6,Block 2,Max Effort Phase,2,Week 4,,,UPPER #2,4,,,Machine Shoulder Press,Use a full ROM,2,,12,12,15,,,,,9,1,,
Women's Specialization Program,"Jeff Nippard, Stephanie Buttermore","A 8-week program for intermediate to advanced lifters focusing on glutes, shoulders, abs, and back hypertrophy. It is composed of two 4-week blocks.",8 Weeks,Intermediate to Advanced,"Barbells, Dumbbells, Cables, Resistance Bands, Machines",5-6,Block 2,Max Effort Phase,2,Week 4,,,UPPER #2,4,,,Hammer Strength Machine Row,Pull with your elbows out,2,,12,12,15,,,,,9,1,,
Women's Specialization Program,"Jeff Nippard, Stephanie Buttermore","A 8-week program for intermediate to advanced lifters focusing on glutes, shoulders, abs, and back hypertrophy. It is composed of two 4-week blocks.",8 Weeks,Intermediate to Advanced,"Barbells, Dumbbells, Cables, Resistance Bands, Machines",5-6,Block 2,Max Effort Phase,2,Week 4,,,UPPER #2,4,,,Reverse Pec Dec,Keep your scapulae protracted,3,,12,12,15,,,,,9,1,,
Women's Specialization Program,"Jeff Nippard, Stephanie Buttermore","A 8-week program for intermediate to advanced lifters focusing on glutes, shoulders, abs, and back hypertrophy. It is composed of two 4-week blocks.",8 Weeks,Intermediate to Advanced,"Barbells, Dumbbells, Cables, Resistance Bands, Machines",5-6,Block 2,Max Effort Phase,2,Week 4,,,UPPER #2,4,,,Prone Trap Raise,Pull your elbows up and out,3,,15,15,20,,,,,10,0,,
Women's Specialization Program,"Jeff Nippard, Stephanie Buttermore","A 8-week program for intermediate to advanced lifters focusing on glutes, shoulders, abs, and back hypertrophy. It is composed of two 4-week blocks.",8 Weeks,Intermediate to Advanced,"Barbells, Dumbbells, Cables, Resistance Bands, Machines",5-6,Block 2,Max Effort Phase,2,Week 4,,,UPPER #2,3,,A1,Dumbbell Lateral Raise,Constant Tension. Focus on squeezing your delts,3,Superset,20,20,25,,,,,10,0,,
Women's Specialization Program,"Jeff Nippard, Stephanie Buttermore","A 8-week program for intermediate to advanced lifters focusing on glutes, shoulders, abs, and back hypertrophy. It is composed of two 4-week blocks.",8 Weeks,Intermediate to Advanced,"Barbells, Dumbbells, Cables, Resistance Bands, Machines",5-6,Block 2,Max Effort Phase,2,Week 4,,,UPPER #2,3,,A2,Dumbbell Front Raise,Focus on squeezing your delts (rest 1min after superset),3,Superset,15,15,20,,,,,10,0,,
Women's Specialization Program,"Jeff Nippard, Stephanie Buttermore","A 8-week program for intermediate to advanced lifters focusing on glutes, shoulders, abs, and back hypertrophy. It is composed of two 4-week blocks.",8 Weeks,Intermediate to Advanced,"Barbells, Dumbbells, Cables, Resistance Bands, Machines",5-6,Block 2,Max Effort Phase,2,Week 4,,,LOWER #3,5,,,Back Squat,,2,,8,8,,,,,,,,77.5%,
Women's Specialization Program,"Jeff Nippard, Stephanie Buttermore","A 8-week program for intermediate to advanced lifters focusing on glutes, shoulders, abs, and back hypertrophy. It is composed of two 4-week blocks.",8 Weeks,Intermediate to Advanced,"Barbells, Dumbbells, Cables, Resistance Bands, Machines",5-6,Block 2,Max Effort Phase,2,Week 4,,,LOWER #3,5,,,Dumbbell 45° Hyperextension,"Rounded upper back, extend your hips",2,,20,20,25,,,,,9,1,,
Women's Specialization Program,"Jeff Nippard, Stephanie Buttermore","A 8-week program for intermediate to advanced lifters focusing on glutes, shoulders, abs, and back hypertrophy. It is composed of two 4-week blocks.",8 Weeks,Intermediate to Advanced,"Barbells, Dumbbells, Cables, Resistance Bands, Machines",5-6,Block 2,Max Effort Phase,2,Week 4,,,LOWER #3,5,,,Pause Barbell Hip Thrust,3 second pause,2,,10,10,12,,,,,8,2,,
Women's Specialization Program,"Jeff Nippard, Stephanie Buttermore","A 8-week program for intermediate to advanced lifters focusing on glutes, shoulders, abs, and back hypertrophy. It is composed of two 4-week blocks.",8 Weeks,Intermediate to Advanced,"Barbells, Dumbbells, Cables, Resistance Bands, Machines",5-6,Block 2,Max Effort Phase,2,Week 4,,,LOWER #3,5,,,Cable Pull-Through,Stretch your glutes,2,,20,20,25,,,,,8,2,,
Women's Specialization Program,"Jeff Nippard, Stephanie Buttermore","A 8-week program for intermediate to advanced lifters focusing on glutes, shoulders, abs, and back hypertrophy. It is composed of two 4-week blocks.",8 Weeks,Intermediate to Advanced,"Barbells, Dumbbells, Cables, Resistance Bands, Machines",5-6,Block 2,Max Effort Phase,2,Week 4,,,LOWER #3,5,,,Seated Leg Curl,Focus on squeezing your hamstrings,2,,12,12,15,,,,,9,1,,
Women's Specialization Program,"Jeff Nippard, Stephanie Buttermore","A 8-week program for intermediate to advanced lifters focusing on glutes, shoulders, abs, and back hypertrophy. It is composed of two 4-week blocks.",8 Weeks,Intermediate to Advanced,"Barbells, Dumbbells, Cables, Resistance Bands, Machines",5-6,Block 2,Max Effort Phase,2,Week 4,,,LOWER #3,5,,A1,Knee-Banded Glute Bridge,Focus on getting a big glute pump (rest 1min after superset),2,Superset,30,30,30,,,,,9,1,,
Women's Specialization Program,"Jeff Nippard, Stephanie Buttermore","A 8-week program for intermediate to advanced lifters focusing on glutes, shoulders, abs, and back hypertrophy. It is composed of two 4-week blocks.",8 Weeks,Intermediate to Advanced,"Barbells, Dumbbells, Cables, Resistance Bands, Machines",5-6,Block 2,Max Effort Phase,2,Week 4,,,LOWER #3,5,,A1,Banded Hip Abduction,Focus on getting a big glute pump (rest 1min after superset),2,Superset,30,30,30,,,,,9,1,,
Women's Specialization Program,"Jeff Nippard, Stephanie Buttermore","A 8-week program for intermediate to advanced lifters focusing on glutes, shoulders, abs, and back hypertrophy. It is composed of two 4-week blocks.",8 Weeks,Intermediate to Advanced,"Barbells, Dumbbells, Cables, Resistance Bands, Machines",5-6,Block 2,Max Effort Phase,2,Week 4,,,LOWER #3,5,,,Hanging Leg Raise,Focus on flexing your spine,2,,6,6,8,,,,,8,2,,
