Program Name,Program Arthur,Program Description,Program Length,Program Level,Program Equipment,Days Per Week,Mesocycle Name,Mesocycle Description,Mesocycle Order,Microcycle Name,Microcycle Description,Microcycle Order,Workout Name,Workout Day,Workout Notes,Superset,Exercise Name,Exercise Description,Sets,Set Type,Target Repetitions,Target Min Repetitions,Target Max Repetitions,Target Weight (lbs),Target Weight (kg),Weight Increment (lbs),Weight Increment (kg),Target RPE,Target RIR,Percentage of 1RM,Progression Scheme ID,Advanced Exercise Sets
Advanced Program,Bret Contreras,A program for advanced lifters using heavier loading and advanced training schemes.,12 weeks,Advanced,Access to a commercial gym,4,Weeks 1-4,"Incorporates advanced methods like dropsets, pre-exhaustion, clusters, supersets, and ladders.",1,Week 1-4,,1,Workout Day 1,Day 1,,,Barbell Hip Thrust Dropset,,6,Dropset,10,,,,,,,,,,,
Advanced Program,Bret Contreras,A program for advanced lifters using heavier loading and advanced training schemes.,12 weeks,Advanced,Access to a commercial gym,4,Weeks 1-4,"Incorporates advanced methods like dropsets, pre-exhaustion, clusters, supersets, and ladders.",1,Week 1-4,,1,Workout Day 1,Day 1,,,Military Press,,3,Straight Set,10,,,,,,,,,,,
Advanced Program,Bret Contreras,A program for advanced lifters using heavier loading and advanced training schemes.,12 weeks,Advanced,Access to a commercial gym,4,Weeks 1-4,"Incorporates advanced methods like dropsets, pre-exhaustion, clusters, supersets, and ladders.",1,Week 1-4,,1,Workout Day 1,Day 1,,,Dumbbell Curtsy Lunge,,3,Straight Set,10,,,,,,,,,,,
Advanced Program,Bret Contreras,A program for advanced lifters using heavier loading and advanced training schemes.,12 weeks,Advanced,Access to a commercial gym,4,Weeks 1-4,"Incorporates advanced methods like dropsets, pre-exhaustion, clusters, supersets, and ladders.",1,Week 1-4,,1,Workout Day 1,Day 1,,,Inverted Row,,3,Straight Set,10,,,,,,,,,,,
Advanced Program,Bret Contreras,A program for advanced lifters using heavier loading and advanced training schemes.,12 weeks,Advanced,Access to a commercial gym,4,Weeks 1-4,"Incorporates advanced methods like dropsets, pre-exhaustion, clusters, supersets, and ladders.",1,Week 1-4,,1,Workout Day 1,Day 1,,,American Deadlift,,3,Straight Set,10,,,,,,,,,,,
Advanced Program,Bret Contreras,A program for advanced lifters using heavier loading and advanced training schemes.,12 weeks,Advanced,Access to a commercial gym,4,Weeks 1-4,"Incorporates advanced methods like dropsets, pre-exhaustion, clusters, supersets, and ladders.",1,Week 1-4,,1,Workout Day 1,Day 1,,,Banded Pallof Press,,2,Straight Set,10,,,,,,,,,,,
Advanced Program,Bret Contreras,A program for advanced lifters using heavier loading and advanced training schemes.,12 weeks,Advanced,Access to a commercial gym,4,Weeks 1-4,"Incorporates advanced methods like dropsets, pre-exhaustion, clusters, supersets, and ladders.",1,Week 1-4,,1,Workout Day 2,Day 2,,,Trap Bar Deadlift,,3,Straight Set,6,,,,,,,,,,,
Advanced Program,Bret Contreras,A program for advanced lifters using heavier loading and advanced training schemes.,12 weeks,Advanced,Access to a commercial gym,4,Weeks 1-4,"Incorporates advanced methods like dropsets, pre-exhaustion, clusters, supersets, and ladders.",1,Week 1-4,,1,Workout Day 2,Day 2,,,Close-Grip Bench Press,,3,Straight Set,4,,,,,,,,,,,
Advanced Program,Bret Contreras,A program for advanced lifters using heavier loading and advanced training schemes.,12 weeks,Advanced,Access to a commercial gym,4,Weeks 1-4,"Incorporates advanced methods like dropsets, pre-exhaustion, clusters, supersets, and ladders.",1,Week 1-4,,1,Workout Day 2,Day 2,,,Cable Kneeling Kickback,,3,Straight Set,12,,,,,,,,,,,
Advanced Program,Bret Contreras,A program for advanced lifters using heavier loading and advanced training schemes.,12 weeks,Advanced,Access to a commercial gym,4,Weeks 1-4,"Incorporates advanced methods like dropsets, pre-exhaustion, clusters, supersets, and ladders.",1,Week 1-4,,1,Workout Day 2,Day 2,,,Wide-Grip Lat Pull-Down,,3,Straight Set,10,,,,,,,,,,,
Advanced Program,Bret Contreras,A program for advanced lifters using heavier loading and advanced training schemes.,12 weeks,Advanced,Access to a commercial gym,4,Weeks 1-4,"Incorporates advanced methods like dropsets, pre-exhaustion, clusters, supersets, and ladders.",1,Week 1-4,,1,Workout Day 2,Day 2,,,Ring-Supported Pistol,,3,Straight Set,10,,,,,,,,,,,
Advanced Program,Bret Contreras,A program for advanced lifters using heavier loading and advanced training schemes.,12 weeks,Advanced,Access to a commercial gym,4,Weeks 1-4,"Incorporates advanced methods like dropsets, pre-exhaustion, clusters, supersets, and ladders.",1,Week 1-4,,1,Workout Day 2,Day 2,,A1,RKC Plank,,3,Superset,20 sec,,,,,,,,,,,
Advanced Program,Bret Contreras,A program for advanced lifters using heavier loading and advanced training schemes.,12 weeks,Advanced,Access to a commercial gym,4,Weeks 1-4,"Incorporates advanced methods like dropsets, pre-exhaustion, clusters, supersets, and ladders.",1,Week 1-4,,1,Workout Day 2,Day 2,,A2,Kettlebell Swing,,3,Superset,20,,,,,,,,,,,
Advanced Program,Bret Contreras,A program for advanced lifters using heavier loading and advanced training schemes.,12 weeks,Advanced,Access to a commercial gym,4,Weeks 1-4,"Incorporates advanced methods like dropsets, pre-exhaustion, clusters, supersets, and ladders.",1,Week 1-4,,1,Workout Day 3,Day 3,,A1,Pre-Exhaustion Nordic Ham Curl/Leg Extension,,3,Pre-exhaustion,8,,,,,,,,,,,
Advanced Program,Bret Contreras,A program for advanced lifters using heavier loading and advanced training schemes.,12 weeks,Advanced,Access to a commercial gym,4,Weeks 1-4,"Incorporates advanced methods like dropsets, pre-exhaustion, clusters, supersets, and ladders.",1,Week 1-4,,1,Workout Day 3,Day 3,,A2,Pre-Exhaustion Nordic Ham Curl/Leg Extension,,3,Pre-exhaustion,20,,,,,,,,,,,
Advanced Program,Bret Contreras,A program for advanced lifters using heavier loading and advanced training schemes.,12 weeks,Advanced,Access to a commercial gym,4,Weeks 1-4,"Incorporates advanced methods like dropsets, pre-exhaustion, clusters, supersets, and ladders.",1,Week 1-4,,1,Workout Day 3,Day 3,,,Reset Knee-Banded Barbell Hip Thrust,,3,Straight Set,10,,,,,,,,,,,
Advanced Program,Bret Contreras,A program for advanced lifters using heavier loading and advanced training schemes.,12 weeks,Advanced,Access to a commercial gym,4,Weeks 1-4,"Incorporates advanced methods like dropsets, pre-exhaustion, clusters, supersets, and ladders.",1,Week 1-4,,1,Workout Day 3,Day 3,,,Bench Press,,3,Straight Set,6,,,,,,,,,,,
Advanced Program,Bret Contreras,A program for advanced lifters using heavier loading and advanced training schemes.,12 weeks,Advanced,Access to a commercial gym,4,Weeks 1-4,"Incorporates advanced methods like dropsets, pre-exhaustion, clusters, supersets, and ladders.",1,Week 1-4,,1,Workout Day 3,Day 3,,,Lunge Isohold,,2,Isometrics,30 sec,,,,,,,,,,,
Advanced Program,Bret Contreras,A program for advanced lifters using heavier loading and advanced training schemes.,12 weeks,Advanced,Access to a commercial gym,4,Weeks 1-4,"Incorporates advanced methods like dropsets, pre-exhaustion, clusters, supersets, and ladders.",1,Week 1-4,,1,Workout Day 3,Day 3,,,Chest-Supported Row,,3,Straight Set,8,,,,,,,,,,,
Advanced Program,Bret Contreras,A program for advanced lifters using heavier loading and advanced training schemes.,12 weeks,Advanced,Access to a commercial gym,4,Weeks 1-4,"Incorporates advanced methods like dropsets, pre-exhaustion, clusters, supersets, and ladders.",1,Week 1-4,,1,Workout Day 3,Day 3,,,Standing Glute Squeeze,"5 sec on, 3 sec off",3,Straight Set,10,,,,,,,,,,,
Advanced Program,Bret Contreras,A program for advanced lifters using heavier loading and advanced training schemes.,12 weeks,Advanced,Access to a commercial gym,4,Weeks 1-4,"Incorporates advanced methods like dropsets, pre-exhaustion, clusters, supersets, and ladders.",1,Week 1-4,,1,Workout Day 4,Day 4,,,Back Squat,,5,Straight Set,3,,,,,,,,,,,
Advanced Program,Bret Contreras,A program for advanced lifters using heavier loading and advanced training schemes.,12 weeks,Advanced,Access to a commercial gym,4,Weeks 1-4,"Incorporates advanced methods like dropsets, pre-exhaustion, clusters, supersets, and ladders.",1,Week 1-4,,1,Workout Day 4,Day 4,,,Incline Press,,3,Straight Set,8,,,,,,,,,,,
Advanced Program,Bret Contreras,A program for advanced lifters using heavier loading and advanced training schemes.,12 weeks,Advanced,Access to a commercial gym,4,Weeks 1-4,"Incorporates advanced methods like dropsets, pre-exhaustion, clusters, supersets, and ladders.",1,Week 1-4,,1,Workout Day 4,Day 4,,,1L Barbell Hip Thrust,,3,Straight Set,8,,,,,,,,,,,
Advanced Program,Bret Contreras,A program for advanced lifters using heavier loading and advanced training schemes.,12 weeks,Advanced,Access to a commercial gym,4,Weeks 1-4,"Incorporates advanced methods like dropsets, pre-exhaustion, clusters, supersets, and ladders.",1,Week 1-4,,1,Workout Day 4,Day 4,,,Chin-up,,3,Straight Set,8,,,,,,,,,,,
Advanced Program,Bret Contreras,A program for advanced lifters using heavier loading and advanced training schemes.,12 weeks,Advanced,Access to a commercial gym,4,Weeks 1-4,"Incorporates advanced methods like dropsets, pre-exhaustion, clusters, supersets, and ladders.",1,Week 1-4,,1,Workout Day 4,Day 4,,,Bodyweight Glute-Dominant Back Extension,,3,Straight Set,30,,,,,,,,,,,
Advanced Program,Bret Contreras,A program for advanced lifters using heavier loading and advanced training schemes.,12 weeks,Advanced,Access to a commercial gym,4,Weeks 1-4,"Incorporates advanced methods like dropsets, pre-exhaustion, clusters, supersets, and ladders.",1,Week 1-4,,1,Workout Day 4,Day 4,,,Sled Push,,3,Straight Set,20 meters,,,,,,,,,,,
Advanced Program,Bret Contreras,A program for advanced lifters using heavier loading and advanced training schemes.,12 weeks,Advanced,Access to a commercial gym,4,Weeks 1-4,"Incorporates advanced methods like dropsets, pre-exhaustion, clusters, supersets, and ladders.",1,Week 1-4,,2,Workout Day 1,Day 1,,,Barbell Hip Thrust Dropset,,6,Dropset,10,,,,,,,,,,,
Advanced Program,Bret Contreras,A program for advanced lifters using heavier loading and advanced training schemes.,12 weeks,Advanced,Access to a commercial gym,4,Weeks 1-4,"Incorporates advanced methods like dropsets, pre-exhaustion, clusters, supersets, and ladders.",1,Week 1-4,,2,Workout Day 1,Day 1,,,Military Press,,3,Straight Set,10,,,,,,,,,,,
Advanced Program,Bret Contreras,A program for advanced lifters using heavier loading and advanced training schemes.,12 weeks,Advanced,Access to a commercial gym,4,Weeks 1-4,"Incorporates advanced methods like dropsets, pre-exhaustion, clusters, supersets, and ladders.",1,Week 1-4,,2,Workout Day 1,Day 1,,,Dumbbell Curtsy Lunge,,3,Straight Set,10,,,,,,,,,,,
Advanced Program,Bret Contreras,A program for advanced lifters using heavier loading and advanced training schemes.,12 weeks,Advanced,Access to a commercial gym,4,Weeks 1-4,"Incorporates advanced methods like dropsets, pre-exhaustion, clusters, supersets, and ladders.",1,Week 1-4,,2,Workout Day 1,Day 1,,,Inverted Row,,3,Straight Set,10,,,,,,,,,,,
Advanced Program,Bret Contreras,A program for advanced lifters using heavier loading and advanced training schemes.,12 weeks,Advanced,Access to a commercial gym,4,Weeks 1-4,"Incorporates advanced methods like dropsets, pre-exhaustion, clusters, supersets, and ladders.",1,Week 1-4,,2,Workout Day 1,Day 1,,,American Deadlift,,3,Straight Set,10,,,,,,,,,,,
Advanced Program,Bret Contreras,A program for advanced lifters using heavier loading and advanced training schemes.,12 weeks,Advanced,Access to a commercial gym,4,Weeks 1-4,"Incorporates advanced methods like dropsets, pre-exhaustion, clusters, supersets, and ladders.",1,Week 1-4,,2,Workout Day 1,Day 1,,,Banded Pallof Press,,2,Straight Set,10,,,,,,,,,,,
Advanced Program,Bret Contreras,A program for advanced lifters using heavier loading and advanced training schemes.,12 weeks,Advanced,Access to a commercial gym,4,Weeks 1-4,"Incorporates advanced methods like dropsets, pre-exhaustion, clusters, supersets, and ladders.",1,Week 1-4,,2,Workout Day 2,Day 2,,,Trap Bar Deadlift,,3,Straight Set,6,,,,,,,,,,,
Advanced Program,Bret Contreras,A program for advanced lifters using heavier loading and advanced training schemes.,12 weeks,Advanced,Access to a commercial gym,4,Weeks 1-4,"Incorporates advanced methods like dropsets, pre-exhaustion, clusters, supersets, and ladders.",1,Week 1-4,,2,Workout Day 2,Day 2,,,Close-Grip Bench Press,,3,Straight Set,4,,,,,,,,,,,
Advanced Program,Bret Contreras,A program for advanced lifters using heavier loading and advanced training schemes.,12 weeks,Advanced,Access to a commercial gym,4,Weeks 1-4,"Incorporates advanced methods like dropsets, pre-exhaustion, clusters, supersets, and ladders.",1,Week 1-4,,2,Workout Day 2,Day 2,,,Cable Kneeling Kickback,,3,Straight Set,12,,,,,,,,,,,
Advanced Program,Bret Contreras,A program for advanced lifters using heavier loading and advanced training schemes.,12 weeks,Advanced,Access to a commercial gym,4,Weeks 1-4,"Incorporates advanced methods like dropsets, pre-exhaustion, clusters, supersets, and ladders.",1,Week 1-4,,2,Workout Day 2,Day 2,,,Wide-Grip Lat Pull-Down,,3,Straight Set,10,,,,,,,,,,,
Advanced Program,Bret Contreras,A program for advanced lifters using heavier loading and advanced training schemes.,12 weeks,Advanced,Access to a commercial gym,4,Weeks 1-4,"Incorporates advanced methods like dropsets, pre-exhaustion, clusters, supersets, and ladders.",1,Week 1-4,,2,Workout Day 2,Day 2,,,Ring-Supported Pistol,,3,Straight Set,10,,,,,,,,,,,
Advanced Program,Bret Contreras,A program for advanced lifters using heavier loading and advanced training schemes.,12 weeks,Advanced,Access to a commercial gym,4,Weeks 1-4,"Incorporates advanced methods like dropsets, pre-exhaustion, clusters, supersets, and ladders.",1,Week 1-4,,2,Workout Day 2,Day 2,,A1,RKC Plank,,3,Superset,20 sec,,,,,,,,,,,
Advanced Program,Bret Contreras,A program for advanced lifters using heavier loading and advanced training schemes.,12 weeks,Advanced,Access to a commercial gym,4,Weeks 1-4,"Incorporates advanced methods like dropsets, pre-exhaustion, clusters, supersets, and ladders.",1,Week 1-4,,2,Workout Day 2,Day 2,,A2,Kettlebell Swing,,3,Superset,20,,,,,,,,,,,
Advanced Program,Bret Contreras,A program for advanced lifters using heavier loading and advanced training schemes.,12 weeks,Advanced,Access to a commercial gym,4,Weeks 1-4,"Incorporates advanced methods like dropsets, pre-exhaustion, clusters, supersets, and ladders.",1,Week 1-4,,2,Workout Day 3,Day 3,,A1,Pre-Exhaustion Nordic Ham Curl/Leg Extension,,3,Pre-exhaustion,8,,,,,,,,,,,
Advanced Program,Bret Contreras,A program for advanced lifters using heavier loading and advanced training schemes.,12 weeks,Advanced,Access to a commercial gym,4,Weeks 1-4,"Incorporates advanced methods like dropsets, pre-exhaustion, clusters, supersets, and ladders.",1,Week 1-4,,2,Workout Day 3,Day 3,,A2,Pre-Exhaustion Nordic Ham Curl/Leg Extension,,3,Pre-exhaustion,20,,,,,,,,,,,
Advanced Program,Bret Contreras,A program for advanced lifters using heavier loading and advanced training schemes.,12 weeks,Advanced,Access to a commercial gym,4,Weeks 1-4,"Incorporates advanced methods like dropsets, pre-exhaustion, clusters, supersets, and ladders.",1,Week 1-4,,2,Workout Day 3,Day 3,,,Reset Knee-Banded Barbell Hip Thrust,,3,Straight Set,10,,,,,,,,,,,
Advanced Program,Bret Contreras,A program for advanced lifters using heavier loading and advanced training schemes.,12 weeks,Advanced,Access to a commercial gym,4,Weeks 1-4,"Incorporates advanced methods like dropsets, pre-exhaustion, clusters, supersets, and ladders.",1,Week 1-4,,2,Workout Day 3,Day 3,,,Bench Press,,3,Straight Set,6,,,,,,,,,,,
Advanced Program,Bret Contreras,A program for advanced lifters using heavier loading and advanced training schemes.,12 weeks,Advanced,Access to a commercial gym,4,Weeks 1-4,"Incorporates advanced methods like dropsets, pre-exhaustion, clusters, supersets, and ladders.",1,Week 1-4,,2,Workout Day 3,Day 3,,,Lunge Isohold,,2,Isometrics,30 sec,,,,,,,,,,,
Advanced Program,Bret Contreras,A program for advanced lifters using heavier loading and advanced training schemes.,12 weeks,Advanced,Access to a commercial gym,4,Weeks 1-4,"Incorporates advanced methods like dropsets, pre-exhaustion, clusters, supersets, and ladders.",1,Week 1-4,,2,Workout Day 3,Day 3,,,Chest-Supported Row,,3,Straight Set,8,,,,,,,,,,,
Advanced Program,Bret Contreras,A program for advanced lifters using heavier loading and advanced training schemes.,12 weeks,Advanced,Access to a commercial gym,4,Weeks 1-4,"Incorporates advanced methods like dropsets, pre-exhaustion, clusters, supersets, and ladders.",1,Week 1-4,,2,Workout Day 3,Day 3,,,Standing Glute Squeeze,"5 sec on, 3 sec off",3,Straight Set,10,,,,,,,,,,,
Advanced Program,Bret Contreras,A program for advanced lifters using heavier loading and advanced training schemes.,12 weeks,Advanced,Access to a commercial gym,4,Weeks 1-4,"Incorporates advanced methods like dropsets, pre-exhaustion, clusters, supersets, and ladders.",1,Week 1-4,,2,Workout Day 4,Day 4,,,Back Squat,,5,Straight Set,3,,,,,,,,,,,
Advanced Program,Bret Contreras,A program for advanced lifters using heavier loading and advanced training schemes.,12 weeks,Advanced,Access to a commercial gym,4,Weeks 1-4,"Incorporates advanced methods like dropsets, pre-exhaustion, clusters, supersets, and ladders.",1,Week 1-4,,2,Workout Day 4,Day 4,,,Incline Press,,3,Straight Set,8,,,,,,,,,,,
Advanced Program,Bret Contreras,A program for advanced lifters using heavier loading and advanced training schemes.,12 weeks,Advanced,Access to a commercial gym,4,Weeks 1-4,"Incorporates advanced methods like dropsets, pre-exhaustion, clusters, supersets, and ladders.",1,Week 1-4,,2,Workout Day 4,Day 4,,,1L Barbell Hip Thrust,,3,Straight Set,8,,,,,,,,,,,
Advanced Program,Bret Contreras,A program for advanced lifters using heavier loading and advanced training schemes.,12 weeks,Advanced,Access to a commercial gym,4,Weeks 1-4,"Incorporates advanced methods like dropsets, pre-exhaustion, clusters, supersets, and ladders.",1,Week 1-4,,2,Workout Day 4,Day 4,,,Chin-up,,3,Straight Set,8,,,,,,,,,,,
Advanced Program,Bret Contreras,A program for advanced lifters using heavier loading and advanced training schemes.,12 weeks,Advanced,Access to a commercial gym,4,Weeks 1-4,"Incorporates advanced methods like dropsets, pre-exhaustion, clusters, supersets, and ladders.",1,Week 1-4,,2,Workout Day 4,Day 4,,,Bodyweight Glute-Dominant Back Extension,,3,Straight Set,30,,,,,,,,,,,
Advanced Program,Bret Contreras,A program for advanced lifters using heavier loading and advanced training schemes.,12 weeks,Advanced,Access to a commercial gym,4,Weeks 1-4,"Incorporates advanced methods like dropsets, pre-exhaustion, clusters, supersets, and ladders.",1,Week 1-4,,2,Workout Day 4,Day 4,,,Sled Push,,3,Straight Set,20 meters,,,,,,,,,,,
Advanced Program,Bret Contreras,A program for advanced lifters using heavier loading and advanced training schemes.,12 weeks,Advanced,Access to a commercial gym,4,Weeks 1-4,"Incorporates advanced methods like dropsets, pre-exhaustion, clusters, supersets, and ladders.",1,Week 1-4,,1,Workout Day 1,Day 1,,,Barbell Hip Thrust Dropset,,6,Dropset,10,,,,,,,,,,,
Advanced Program,Bret Contreras,A program for advanced lifters using heavier loading and advanced training schemes.,12 weeks,Advanced,Access to a commercial gym,4,Weeks 1-4,"Incorporates advanced methods like dropsets, pre-exhaustion, clusters, supersets, and ladders.",1,Week 1-4,,3,Workout Day 1,Day 1,,,Military Press,,3,Straight Set,10,,,,,,,,,,,
Advanced Program,Bret Contreras,A program for advanced lifters using heavier loading and advanced training schemes.,12 weeks,Advanced,Access to a commercial gym,4,Weeks 1-4,"Incorporates advanced methods like dropsets, pre-exhaustion, clusters, supersets, and ladders.",1,Week 1-4,,3,Workout Day 1,Day 1,,,Dumbbell Curtsy Lunge,,3,Straight Set,10,,,,,,,,,,,
Advanced Program,Bret Contreras,A program for advanced lifters using heavier loading and advanced training schemes.,12 weeks,Advanced,Access to a commercial gym,4,Weeks 1-4,"Incorporates advanced methods like dropsets, pre-exhaustion, clusters, supersets, and ladders.",1,Week 1-4,,3,Workout Day 1,Day 1,,,Inverted Row,,3,Straight Set,10,,,,,,,,,,,
Advanced Program,Bret Contreras,A program for advanced lifters using heavier loading and advanced training schemes.,12 weeks,Advanced,Access to a commercial gym,4,Weeks 1-4,"Incorporates advanced methods like dropsets, pre-exhaustion, clusters, supersets, and ladders.",1,Week 1-4,,3,Workout Day 1,Day 1,,,American Deadlift,,3,Straight Set,10,,,,,,,,,,,
Advanced Program,Bret Contreras,A program for advanced lifters using heavier loading and advanced training schemes.,12 weeks,Advanced,Access to a commercial gym,4,Weeks 1-4,"Incorporates advanced methods like dropsets, pre-exhaustion, clusters, supersets, and ladders.",1,Week 1-4,,3,Workout Day 1,Day 1,,,Banded Pallof Press,,2,Straight Set,10,,,,,,,,,,,
Advanced Program,Bret Contreras,A program for advanced lifters using heavier loading and advanced training schemes.,12 weeks,Advanced,Access to a commercial gym,4,Weeks 1-4,"Incorporates advanced methods like dropsets, pre-exhaustion, clusters, supersets, and ladders.",1,Week 1-4,,3,Workout Day 2,Day 2,,,Trap Bar Deadlift,,3,Straight Set,6,,,,,,,,,,,
Advanced Program,Bret Contreras,A program for advanced lifters using heavier loading and advanced training schemes.,12 weeks,Advanced,Access to a commercial gym,4,Weeks 1-4,"Incorporates advanced methods like dropsets, pre-exhaustion, clusters, supersets, and ladders.",1,Week 1-4,,3,Workout Day 2,Day 2,,,Close-Grip Bench Press,,3,Straight Set,4,,,,,,,,,,,
Advanced Program,Bret Contreras,A program for advanced lifters using heavier loading and advanced training schemes.,12 weeks,Advanced,Access to a commercial gym,4,Weeks 1-4,"Incorporates advanced methods like dropsets, pre-exhaustion, clusters, supersets, and ladders.",1,Week 1-4,,3,Workout Day 2,Day 2,,,Cable Kneeling Kickback,,3,Straight Set,12,,,,,,,,,,,
Advanced Program,Bret Contreras,A program for advanced lifters using heavier loading and advanced training schemes.,12 weeks,Advanced,Access to a commercial gym,4,Weeks 1-4,"Incorporates advanced methods like dropsets, pre-exhaustion, clusters, supersets, and ladders.",1,Week 1-4,,3,Workout Day 2,Day 2,,,Wide-Grip Lat Pull-Down,,3,Straight Set,10,,,,,,,,,,,
Advanced Program,Bret Contreras,A program for advanced lifters using heavier loading and advanced training schemes.,12 weeks,Advanced,Access to a commercial gym,4,Weeks 1-4,"Incorporates advanced methods like dropsets, pre-exhaustion, clusters, supersets, and ladders.",1,Week 1-4,,3,Workout Day 2,Day 2,,,Ring-Supported Pistol,,3,Straight Set,10,,,,,,,,,,,
Advanced Program,Bret Contreras,A program for advanced lifters using heavier loading and advanced training schemes.,12 weeks,Advanced,Access to a commercial gym,4,Weeks 1-4,"Incorporates advanced methods like dropsets, pre-exhaustion, clusters, supersets, and ladders.",1,Week 1-4,,3,Workout Day 2,Day 2,,A1,RKC Plank,,3,Superset,20 sec,,,,,,,,,,,
Advanced Program,Bret Contreras,A program for advanced lifters using heavier loading and advanced training schemes.,12 weeks,Advanced,Access to a commercial gym,4,Weeks 1-4,"Incorporates advanced methods like dropsets, pre-exhaustion, clusters, supersets, and ladders.",1,Week 1-4,,3,Workout Day 2,Day 2,,A2,Kettlebell Swing,,3,Superset,20,,,,,,,,,,,
Advanced Program,Bret Contreras,A program for advanced lifters using heavier loading and advanced training schemes.,12 weeks,Advanced,Access to a commercial gym,4,Weeks 1-4,"Incorporates advanced methods like dropsets, pre-exhaustion, clusters, supersets, and ladders.",1,Week 1-4,,3,Workout Day 2,Day 2,,A1,Pre-Exhaustion Nordic Ham Curl/Leg Extension,,3,Pre-exhaustion,8,,,,,,,,,,,
Advanced Program,Bret Contreras,A program for advanced lifters using heavier loading and advanced training schemes.,12 weeks,Advanced,Access to a commercial gym,4,Weeks 1-4,"Incorporates advanced methods like dropsets, pre-exhaustion, clusters, supersets, and ladders.",1,Week 1-4,,3,Workout Day 2,Day 2,,A2,Pre-Exhaustion Nordic Ham Curl/Leg Extension,,3,Pre-exhaustion,20,,,,,,,,,,,
Advanced Program,Bret Contreras,A program for advanced lifters using heavier loading and advanced training schemes.,12 weeks,Advanced,Access to a commercial gym,4,Weeks 1-4,"Incorporates advanced methods like dropsets, pre-exhaustion, clusters, supersets, and ladders.",1,Week 1-4,,3,Workout Day 3,Day 3,,,Reset Knee-Banded Barbell Hip Thrust,,3,Straight Set,10,,,,,,,,,,,
Advanced Program,Bret Contreras,A program for advanced lifters using heavier loading and advanced training schemes.,12 weeks,Advanced,Access to a commercial gym,4,Weeks 1-4,"Incorporates advanced methods like dropsets, pre-exhaustion, clusters, supersets, and ladders.",1,Week 1-4,,3,Workout Day 3,Day 3,,,Bench Press,,3,Straight Set,6,,,,,,,,,,,
Advanced Program,Bret Contreras,A program for advanced lifters using heavier loading and advanced training schemes.,12 weeks,Advanced,Access to a commercial gym,4,Weeks 1-4,"Incorporates advanced methods like dropsets, pre-exhaustion, clusters, supersets, and ladders.",1,Week 1-4,,3,Workout Day 3,Day 3,,,Lunge Isohold,,2,Isometrics,30 sec,,,,,,,,,,,
Advanced Program,Bret Contreras,A program for advanced lifters using heavier loading and advanced training schemes.,12 weeks,Advanced,Access to a commercial gym,4,Weeks 1-4,"Incorporates advanced methods like dropsets, pre-exhaustion, clusters, supersets, and ladders.",1,Week 1-4,,3,Workout Day 3,Day 3,,,Chest-Supported Row,,3,Straight Set,8,,,,,,,,,,,
Advanced Program,Bret Contreras,A program for advanced lifters using heavier loading and advanced training schemes.,12 weeks,Advanced,Access to a commercial gym,4,Weeks 1-4,"Incorporates advanced methods like dropsets, pre-exhaustion, clusters, supersets, and ladders.",1,Week 1-4,,3,Workout Day 3,Day 3,,,Standing Glute Squeeze,"5 sec on, 3 sec off",3,Straight Set,10,,,,,,,,,,,
Advanced Program,Bret Contreras,A program for advanced lifters using heavier loading and advanced training schemes.,12 weeks,Advanced,Access to a commercial gym,4,Weeks 1-4,"Incorporates advanced methods like dropsets, pre-exhaustion, clusters, supersets, and ladders.",1,Week 1-4,,3,Workout Day 4,Day 4,,,Back Squat,,5,Straight Set,3,,,,,,,,,,,
Advanced Program,Bret Contreras,A program for advanced lifters using heavier loading and advanced training schemes.,12 weeks,Advanced,Access to a commercial gym,4,Weeks 1-4,"Incorporates advanced methods like dropsets, pre-exhaustion, clusters, supersets, and ladders.",1,Week 1-4,,3,Workout Day 4,Day 4,,,Incline Press,,3,Straight Set,8,,,,,,,,,,,
Advanced Program,Bret Contreras,A program for advanced lifters using heavier loading and advanced training schemes.,12 weeks,Advanced,Access to a commercial gym,4,Weeks 1-4,"Incorporates advanced methods like dropsets, pre-exhaustion, clusters, supersets, and ladders.",1,Week 1-4,,3,Workout Day 4,Day 4,,,1L Barbell Hip Thrust,,3,Straight Set,8,,,,,,,,,,,
Advanced Program,Bret Contreras,A program for advanced lifters using heavier loading and advanced training schemes.,12 weeks,Advanced,Access to a commercial gym,4,Weeks 1-4,"Incorporates advanced methods like dropsets, pre-exhaustion, clusters, supersets, and ladders.",1,Week 1-4,,3,Workout Day 4,Day 4,,,Chin-up,,3,Straight Set,8,,,,,,,,,,,
Advanced Program,Bret Contreras,A program for advanced lifters using heavier loading and advanced training schemes.,12 weeks,Advanced,Access to a commercial gym,4,Weeks 1-4,"Incorporates advanced methods like dropsets, pre-exhaustion, clusters, supersets, and ladders.",1,Week 1-4,,3,Workout Day 4,Day 4,,,Bodyweight Glute-Dominant Back Extension,,3,Straight Set,30,,,,,,,,,,,
Advanced Program,Bret Contreras,A program for advanced lifters using heavier loading and advanced training schemes.,12 weeks,Advanced,Access to a commercial gym,4,Weeks 1-4,"Incorporates advanced methods like dropsets, pre-exhaustion, clusters, supersets, and ladders.",1,Week 1-4,,3,Workout Day 4,Day 4,,,Sled Push,,3,Straight Set,20 meters,,,,,,,,,,,
Advanced Program,Bret Contreras,A program for advanced lifters using heavier loading and advanced training schemes.,12 weeks,Advanced,Access to a commercial gym,4,Weeks 1-4,"Incorporates advanced methods like dropsets, pre-exhaustion, clusters, supersets, and ladders.",1,Week 1-4,,4,Workout Day 1,Day 1,,,Barbell Hip Thrust Dropset,,6,Dropset,10,,,,,,,,,,,
Advanced Program,Bret Contreras,A program for advanced lifters using heavier loading and advanced training schemes.,12 weeks,Advanced,Access to a commercial gym,4,Weeks 1-4,"Incorporates advanced methods like dropsets, pre-exhaustion, clusters, supersets, and ladders.",1,Week 1-4,,4,Workout Day 1,Day 1,,,Military Press,,3,Straight Set,10,,,,,,,,,,,
Advanced Program,Bret Contreras,A program for advanced lifters using heavier loading and advanced training schemes.,12 weeks,Advanced,Access to a commercial gym,4,Weeks 1-4,"Incorporates advanced methods like dropsets, pre-exhaustion, clusters, supersets, and ladders.",1,Week 1-4,,4,Workout Day 1,Day 1,,,Dumbbell Curtsy Lunge,,3,Straight Set,10,,,,,,,,,,,
Advanced Program,Bret Contreras,A program for advanced lifters using heavier loading and advanced training schemes.,12 weeks,Advanced,Access to a commercial gym,4,Weeks 1-4,"Incorporates advanced methods like dropsets, pre-exhaustion, clusters, supersets, and ladders.",1,Week 1-4,,4,Workout Day 1,Day 1,,,Inverted Row,,3,Straight Set,10,,,,,,,,,,,
Advanced Program,Bret Contreras,A program for advanced lifters using heavier loading and advanced training schemes.,12 weeks,Advanced,Access to a commercial gym,4,Weeks 1-4,"Incorporates advanced methods like dropsets, pre-exhaustion, clusters, supersets, and ladders.",1,Week 1-4,,4,Workout Day 1,Day 1,,,American Deadlift,,3,Straight Set,10,,,,,,,,,,,
Advanced Program,Bret Contreras,A program for advanced lifters using heavier loading and advanced training schemes.,12 weeks,Advanced,Access to a commercial gym,4,Weeks 1-4,"Incorporates advanced methods like dropsets, pre-exhaustion, clusters, supersets, and ladders.",1,Week 1-4,,4,Workout Day 1,Day 1,,,Banded Pallof Press,,2,Straight Set,10,,,,,,,,,,,
Advanced Program,Bret Contreras,A program for advanced lifters using heavier loading and advanced training schemes.,12 weeks,Advanced,Access to a commercial gym,4,Weeks 1-4,"Incorporates advanced methods like dropsets, pre-exhaustion, clusters, supersets, and ladders.",1,Week 1-4,,4,Workout Day 2,Day 2,,,Trap Bar Deadlift,,3,Straight Set,6,,,,,,,,,,,
Advanced Program,Bret Contreras,A program for advanced lifters using heavier loading and advanced training schemes.,12 weeks,Advanced,Access to a commercial gym,4,Weeks 1-4,"Incorporates advanced methods like dropsets, pre-exhaustion, clusters, supersets, and ladders.",1,Week 1-4,,4,Workout Day 2,Day 2,,,Close-Grip Bench Press,,3,Straight Set,4,,,,,,,,,,,
Advanced Program,Bret Contreras,A program for advanced lifters using heavier loading and advanced training schemes.,12 weeks,Advanced,Access to a commercial gym,4,Weeks 1-4,"Incorporates advanced methods like dropsets, pre-exhaustion, clusters, supersets, and ladders.",1,Week 1-4,,4,Workout Day 2,Day 2,,,Cable Kneeling Kickback,,3,Straight Set,12,,,,,,,,,,,
Advanced Program,Bret Contreras,A program for advanced lifters using heavier loading and advanced training schemes.,12 weeks,Advanced,Access to a commercial gym,4,Weeks 1-4,"Incorporates advanced methods like dropsets, pre-exhaustion, clusters, supersets, and ladders.",1,Week 1-4,,4,Workout Day 2,Day 2,,,Wide-Grip Lat Pull-Down,,3,Straight Set,10,,,,,,,,,,,
Advanced Program,Bret Contreras,A program for advanced lifters using heavier loading and advanced training schemes.,12 weeks,Advanced,Access to a commercial gym,4,Weeks 1-4,"Incorporates advanced methods like dropsets, pre-exhaustion, clusters, supersets, and ladders.",1,Week 1-4,,4,Workout Day 2,Day 2,,,Ring-Supported Pistol,,3,Straight Set,10,,,,,,,,,,,
Advanced Program,Bret Contreras,A program for advanced lifters using heavier loading and advanced training schemes.,12 weeks,Advanced,Access to a commercial gym,4,Weeks 1-4,"Incorporates advanced methods like dropsets, pre-exhaustion, clusters, supersets, and ladders.",1,Week 1-4,,4,Workout Day 2,Day 2,,A1,RKC Plank,,3,Superset,20 sec,,,,,,,,,,,
Advanced Program,Bret Contreras,A program for advanced lifters using heavier loading and advanced training schemes.,12 weeks,Advanced,Access to a commercial gym,4,Weeks 1-4,"Incorporates advanced methods like dropsets, pre-exhaustion, clusters, supersets, and ladders.",1,Week 1-4,,4,Workout Day 2,Day 2,,A2,Kettlebell Swing,,3,Superset,20,,,,,,,,,,,
Advanced Program,Bret Contreras,A program for advanced lifters using heavier loading and advanced training schemes.,12 weeks,Advanced,Access to a commercial gym,4,Weeks 1-4,"Incorporates advanced methods like dropsets, pre-exhaustion, clusters, supersets, and ladders.",1,Week 1-4,,4,Workout Day 2,Day 2,,A1,Pre-Exhaustion Nordic Ham Curl/Leg Extension,,3,Pre-exhaustion,8,,,,,,,,,,,
Advanced Program,Bret Contreras,A program for advanced lifters using heavier loading and advanced training schemes.,12 weeks,Advanced,Access to a commercial gym,4,Weeks 1-4,"Incorporates advanced methods like dropsets, pre-exhaustion, clusters, supersets, and ladders.",1,Week 1-4,,4,Workout Day 2,Day 2,,A2,Pre-Exhaustion Nordic Ham Curl/Leg Extension,,3,Pre-exhaustion,20,,,,,,,,,,,
Advanced Program,Bret Contreras,A program for advanced lifters using heavier loading and advanced training schemes.,12 weeks,Advanced,Access to a commercial gym,4,Weeks 1-4,"Incorporates advanced methods like dropsets, pre-exhaustion, clusters, supersets, and ladders.",1,Week 1-4,,4,Workout Day 3,Day 3,,,Reset Knee-Banded Barbell Hip Thrust,,3,Straight Set,10,,,,,,,,,,,
Advanced Program,Bret Contreras,A program for advanced lifters using heavier loading and advanced training schemes.,12 weeks,Advanced,Access to a commercial gym,4,Weeks 1-4,"Incorporates advanced methods like dropsets, pre-exhaustion, clusters, supersets, and ladders.",1,Week 1-4,,4,Workout Day 3,Day 3,,,Bench Press,,3,Straight Set,6,,,,,,,,,,,
Advanced Program,Bret Contreras,A program for advanced lifters using heavier loading and advanced training schemes.,12 weeks,Advanced,Access to a commercial gym,4,Weeks 1-4,"Incorporates advanced methods like dropsets, pre-exhaustion, clusters, supersets, and ladders.",1,Week 1-4,,4,Workout Day 3,Day 3,,,Lunge Isohold,,2,Isometrics,30 sec,,,,,,,,,,,
Advanced Program,Bret Contreras,A program for advanced lifters using heavier loading and advanced training schemes.,12 weeks,Advanced,Access to a commercial gym,4,Weeks 1-4,"Incorporates advanced methods like dropsets, pre-exhaustion, clusters, supersets, and ladders.",1,Week 1-4,,4,Workout Day 3,Day 3,,,Chest-Supported Row,,3,Straight Set,8,,,,,,,,,,,
Advanced Program,Bret Contreras,A program for advanced lifters using heavier loading and advanced training schemes.,12 weeks,Advanced,Access to a commercial gym,4,Weeks 1-4,"Incorporates advanced methods like dropsets, pre-exhaustion, clusters, supersets, and ladders.",1,Week 1-4,,4,Workout Day 3,Day 3,,,Standing Glute Squeeze,"5 sec on, 3 sec off",3,Straight Set,10,,,,,,,,,,,
Advanced Program,Bret Contreras,A program for advanced lifters using heavier loading and advanced training schemes.,12 weeks,Advanced,Access to a commercial gym,4,Weeks 1-4,"Incorporates advanced methods like dropsets, pre-exhaustion, clusters, supersets, and ladders.",1,Week 1-4,,4,Workout Day 4,Day 4,,,Back Squat,,5,Straight Set,3,,,,,,,,,,,
Advanced Program,Bret Contreras,A program for advanced lifters using heavier loading and advanced training schemes.,12 weeks,Advanced,Access to a commercial gym,4,Weeks 1-4,"Incorporates advanced methods like dropsets, pre-exhaustion, clusters, supersets, and ladders.",1,Week 1-4,,4,Workout Day 4,Day 4,,,Incline Press,,3,Straight Set,8,,,,,,,,,,,
Advanced Program,Bret Contreras,A program for advanced lifters using heavier loading and advanced training schemes.,12 weeks,Advanced,Access to a commercial gym,4,Weeks 1-4,"Incorporates advanced methods like dropsets, pre-exhaustion, clusters, supersets, and ladders.",1,Week 1-4,,4,Workout Day 4,Day 4,,,1L Barbell Hip Thrust,,3,Straight Set,8,,,,,,,,,,,
Advanced Program,Bret Contreras,A program for advanced lifters using heavier loading and advanced training schemes.,12 weeks,Advanced,Access to a commercial gym,4,Weeks 1-4,"Incorporates advanced methods like dropsets, pre-exhaustion, clusters, supersets, and ladders.",1,Week 1-4,,4,Workout Day 4,Day 4,,,Chin-up,,3,Straight Set,8,,,,,,,,,,,
Advanced Program,Bret Contreras,A program for advanced lifters using heavier loading and advanced training schemes.,12 weeks,Advanced,Access to a commercial gym,4,Weeks 1-4,"Incorporates advanced methods like dropsets, pre-exhaustion, clusters, supersets, and ladders.",1,Week 1-4,,4,Workout Day 4,Day 4,,,Bodyweight Glute-Dominant Back Extension,,3,Straight Set,30,,,,,,,,,,,
Advanced Program,Bret Contreras,A program for advanced lifters using heavier loading and advanced training schemes.,12 weeks,Advanced,Access to a commercial gym,4,Weeks 1-4,"Incorporates advanced methods like dropsets, pre-exhaustion, clusters, supersets, and ladders.",1,Week 1-4,,4,Workout Day 4,Day 4,,,Sled Push,,3,Straight Set,20 meters,,,,,,,,,,,
Advanced Program,Bret Contreras,A program for advanced lifters using heavier loading and advanced training schemes.,12 weeks,Advanced,Access to a commercial gym,4,Weeks 5-8,Focuses on deadlift and bench press with advanced techniques.,2,Week 5-8,,5,Workout Day 1,Day 1,,,Conventional Deadlift,,3,Straight Set,10,,,,,,,,,,,
Advanced Program,Bret Contreras,A program for advanced lifters using heavier loading and advanced training schemes.,12 weeks,Advanced,Access to a commercial gym,4,Weeks 5-8,Focuses on deadlift and bench press with advanced techniques.,2,Week 5-8,,5,Workout Day 1,Day 1,,,Standing Single-Arm Dumbbell Overhead Press,,3,Straight Set,8,,,,,,,,,,,
Advanced Program,Bret Contreras,A program for advanced lifters using heavier loading and advanced training schemes.,12 weeks,Advanced,Access to a commercial gym,4,Weeks 5-8,Focuses on deadlift and bench press with advanced techniques.,2,Week 5-8,,5,Workout Day 1,Day 1,,,Enhanced-Eccentric Barbell Single-Leg Hip Thrust,"2 legs up, 1 leg down) ",3,Eccentric,6,,,,,,,,,,,
Advanced Program,Bret Contreras,A program for advanced lifters using heavier loading and advanced training schemes.,12 weeks,Advanced,Access to a commercial gym,4,Weeks 5-8,Focuses on deadlift and bench press with advanced techniques.,2,Week 5-8,,5,Workout Day 1,Day 1,,,Single-Arm Pull-Down,,3,Straight Set,8,,,,,,,,,,,
Advanced Program,Bret Contreras,A program for advanced lifters using heavier loading and advanced training schemes.,12 weeks,Advanced,Access to a commercial gym,4,Weeks 5-8,Focuses on deadlift and bench press with advanced techniques.,2,Week 5-8,,5,Workout Day 1,Day 1,,,11 Heel-Elevated Goblet Squat,,3,Straight Set,8,,,,,,,,,,,
Advanced Program,Bret Contreras,A program for advanced lifters using heavier loading and advanced training schemes.,12 weeks,Advanced,Access to a commercial gym,4,Weeks 5-8,Focuses on deadlift and bench press with advanced techniques.,2,Week 5-8,,5,Workout Day 1,Day 1,,,Cuff/Dip Belt Cable Hip Rotation,,2,Straight Set,10,,,,,,,,,,,
Advanced Program,Bret Contreras,A program for advanced lifters using heavier loading and advanced training schemes.,12 weeks,Advanced,Access to a commercial gym,4,Weeks 5-8,Focuses on deadlift and bench press with advanced techniques.,2,Week 5-8,,5,Workout Day 2,Day 2,,,Barbell Hip Thrust,,5,Straight Set,5,,,,,,,,,,,
Advanced Program,Bret Contreras,A program for advanced lifters using heavier loading and advanced training schemes.,12 weeks,Advanced,Access to a commercial gym,4,Weeks 5-8,Focuses on deadlift and bench press with advanced techniques.,2,Week 5-8,,5,Workout Day 2,Day 2,,,Pause Bench Press,,5,Straight Set,3,,,,,,,,,,,
Advanced Program,Bret Contreras,A program for advanced lifters using heavier loading and advanced training schemes.,12 weeks,Advanced,Access to a commercial gym,4,Weeks 5-8,Focuses on deadlift and bench press with advanced techniques.,2,Week 5-8,,5,Workout Day 2,Day 2,,,Cable Pull-Through,,3,Straight Set,20,,,,,,,,,,,
Advanced Program,Bret Contreras,A program for advanced lifters using heavier loading and advanced training schemes.,12 weeks,Advanced,Access to a commercial gym,4,Weeks 5-8,Focuses on deadlift and bench press with advanced techniques.,2,Week 5-8,,5,Workout Day 2,Day 2,,,Chin-up,,3,Straight Set,AMRAP,,,,,,,,,,,
Advanced Program,Bret Contreras,A program for advanced lifters using heavier loading and advanced training schemes.,12 weeks,Advanced,Access to a commercial gym,4,Weeks 5-8,Focuses on deadlift and bench press with advanced techniques.,2,Week 5-8,,5,Workout Day 2,Day 2,,,Dumbbell Deficit Curtsy Lunge,,3,Straight Set,12,,,,,,,,,,,
Advanced Program,Bret Contreras,A program for advanced lifters using heavier loading and advanced training schemes.,12 weeks,Advanced,Access to a commercial gym,4,Weeks 5-8,Focuses on deadlift and bench press with advanced techniques.,2,Week 5-8,,5,Workout Day 2,Day 2,,,Banded Standing Hip Abduction,,2,Straight Set,20,,,,,,,,,,,
Advanced Program,Bret Contreras,A program for advanced lifters using heavier loading and advanced training schemes.,12 weeks,Advanced,Access to a commercial gym,4,Weeks 5-8,Focuses on deadlift and bench press with advanced techniques.,2,Week 5-8,,5,Workout Day 3,Day 3,,,Deadlift,5 reps with 70% 1RM (Every Minute on the Minute),5,Cluster,5,,,,,,,,,70,,
Advanced Program,Bret Contreras,A program for advanced lifters using heavier loading and advanced training schemes.,12 weeks,Advanced,Access to a commercial gym,4,Weeks 5-8,Focuses on deadlift and bench press with advanced techniques.,2,Week 5-8,,5,Workout Day 3,Day 3,,,Dumbbell Incline Press,,3,Straight Set,8,,,,,,,,,,,
Advanced Program,Bret Contreras,A program for advanced lifters using heavier loading and advanced training schemes.,12 weeks,Advanced,Access to a commercial gym,4,Weeks 5-8,Focuses on deadlift and bench press with advanced techniques.,2,Week 5-8,,5,Workout Day 3,Day 3,,,Banded Kneeling Hip Thrust,,3,Straight Set,20,,,,,,,,,,,
Advanced Program,Bret Contreras,A program for advanced lifters using heavier loading and advanced training schemes.,12 weeks,Advanced,Access to a commercial gym,4,Weeks 5-8,Focuses on deadlift and bench press with advanced techniques.,2,Week 5-8,,5,Workout Day 3,Day 3,,,Dumbbell One-Arm Row,,3,Straight Set,12,,,,,,,,,,,
Advanced Program,Bret Contreras,A program for advanced lifters using heavier loading and advanced training schemes.,12 weeks,Advanced,Access to a commercial gym,4,Weeks 5-8,Focuses on deadlift and bench press with advanced techniques.,2,Week 5-8,,5,Workout Day 3,Day 3,,,Goblet Squat Pulse,,2,Straight Set,30,,,,,,,,,,,
Advanced Program,Bret Contreras,A program for advanced lifters using heavier loading and advanced training schemes.,12 weeks,Advanced,Access to a commercial gym,4,Weeks 5-8,Focuses on deadlift and bench press with advanced techniques.,2,Week 5-8,,5,Workout Day 3,Day 3,,,Banded 45-Degree Kickback,,3,Straight Set,20,,,,,,,,,,,
Advanced Program,Bret Contreras,A program for advanced lifters using heavier loading and advanced training schemes.,12 weeks,Advanced,Access to a commercial gym,4,Weeks 5-8,Focuses on deadlift and bench press with advanced techniques.,2,Week 5-8,,5,Workout Day 4,Day 4,,,Pause Front Squat,,3,Straight Set,5,,,,,,,,,,,
Advanced Program,Bret Contreras,A program for advanced lifters using heavier loading and advanced training schemes.,12 weeks,Advanced,Access to a commercial gym,4,Weeks 5-8,Focuses on deadlift and bench press with advanced techniques.,2,Week 5-8,,5,Workout Day 4,Day 4,,,Military Press,,3,Straight Set,6,,,,,,,,,,,
Advanced Program,Bret Contreras,A program for advanced lifters using heavier loading and advanced training schemes.,12 weeks,Advanced,Access to a commercial gym,4,Weeks 5-8,Focuses on deadlift and bench press with advanced techniques.,2,Week 5-8,,5,Workout Day 4,Day 4,,,Braced Single-Leg RDL,,3,Straight Set,10,,,,,,,,,,,
Advanced Program,Bret Contreras,A program for advanced lifters using heavier loading and advanced training schemes.,12 weeks,Advanced,Access to a commercial gym,4,Weeks 5-8,Focuses on deadlift and bench press with advanced techniques.,2,Week 5-8,,5,Workout Day 4,Day 4,,,Narrow Neutral Grip Pull-Down,,3,Straight Set,10,,,,,,,,,,,
Advanced Program,Bret Contreras,A program for advanced lifters using heavier loading and advanced training schemes.,12 weeks,Advanced,Access to a commercial gym,4,Weeks 5-8,Focuses on deadlift and bench press with advanced techniques.,2,Week 5-8,,5,Workout Day 4,Day 4,,,Pause Barbell Hip Thrust,,3,Straight Set,5,,,,,,,,,,,
Advanced Program,Bret Contreras,A program for advanced lifters using heavier loading and advanced training schemes.,12 weeks,Advanced,Access to a commercial gym,4,Weeks 5-8,Focuses on deadlift and bench press with advanced techniques.,2,Week 5-8,,5,Workout Day 4,Day 4,,A1,Knee-Banded Glute Bridge,,1,Ladder,"12, 11, 10, 9, 8, 7, 6, 5, 4, 3, 2, 1",,,,,,,,,,,
Advanced Program,Bret Contreras,A program for advanced lifters using heavier loading and advanced training schemes.,12 weeks,Advanced,Access to a commercial gym,4,Weeks 5-8,Focuses on deadlift and bench press with advanced techniques.,2,Week 5-8,,5,Workout Day 4,Day 4,,A2,Supine Abduction Ladder,,1,Ladder,"12, 11, 10, 9, 8, 7, 6, 5, 4, 3, 2, 1",,,,,,,,,,,
Advanced Program,Bret Contreras,A program for advanced lifters using heavier loading and advanced training schemes.,12 weeks,Advanced,Access to a commercial gym,4,Weeks 5-8,Focuses on deadlift and bench press with advanced techniques.,2,Week 5-8,,6,Workout Day 1,Day 1,,,Conventional Deadlift,,3,Straight Set,10,,,,,,,,,,,
Advanced Program,Bret Contreras,A program for advanced lifters using heavier loading and advanced training schemes.,12 weeks,Advanced,Access to a commercial gym,4,Weeks 5-8,Focuses on deadlift and bench press with advanced techniques.,2,Week 5-8,,6,Workout Day 1,Day 1,,,Standing Single-Arm Dumbbell Overhead Press,,3,Straight Set,8,,,,,,,,,,,
Advanced Program,Bret Contreras,A program for advanced lifters using heavier loading and advanced training schemes.,12 weeks,Advanced,Access to a commercial gym,4,Weeks 5-8,Focuses on deadlift and bench press with advanced techniques.,2,Week 5-8,,6,Workout Day 1,Day 1,,,Enhanced-Eccentric Barbell Single-Leg Hip Thrust,"2 legs up, 1 leg down) ",3,Eccentric,6,,,,,,,,,,,
Advanced Program,Bret Contreras,A program for advanced lifters using heavier loading and advanced training schemes.,12 weeks,Advanced,Access to a commercial gym,4,Weeks 5-8,Focuses on deadlift and bench press with advanced techniques.,2,Week 5-8,,6,Workout Day 1,Day 1,,,Single-Arm Pull-Down,,3,Straight Set,8,,,,,,,,,,,
Advanced Program,Bret Contreras,A program for advanced lifters using heavier loading and advanced training schemes.,12 weeks,Advanced,Access to a commercial gym,4,Weeks 5-8,Focuses on deadlift and bench press with advanced techniques.,2,Week 5-8,,6,Workout Day 1,Day 1,,,11 Heel-Elevated Goblet Squat,,3,Straight Set,8,,,,,,,,,,,
Advanced Program,Bret Contreras,A program for advanced lifters using heavier loading and advanced training schemes.,12 weeks,Advanced,Access to a commercial gym,4,Weeks 5-8,Focuses on deadlift and bench press with advanced techniques.,2,Week 5-8,,6,Workout Day 1,Day 1,,,Cuff/Dip Belt Cable Hip Rotation,,2,Straight Set,10,,,,,,,,,,,
Advanced Program,Bret Contreras,A program for advanced lifters using heavier loading and advanced training schemes.,12 weeks,Advanced,Access to a commercial gym,4,Weeks 5-8,Focuses on deadlift and bench press with advanced techniques.,2,Week 5-8,,6,Workout Day 2,Day 2,,,Barbell Hip Thrust,,5,Straight Set,5,,,,,,,,,,,
Advanced Program,Bret Contreras,A program for advanced lifters using heavier loading and advanced training schemes.,12 weeks,Advanced,Access to a commercial gym,4,Weeks 5-8,Focuses on deadlift and bench press with advanced techniques.,2,Week 5-8,,6,Workout Day 2,Day 2,,,Pause Bench Press,,5,Straight Set,3,,,,,,,,,,,
Advanced Program,Bret Contreras,A program for advanced lifters using heavier loading and advanced training schemes.,12 weeks,Advanced,Access to a commercial gym,4,Weeks 5-8,Focuses on deadlift and bench press with advanced techniques.,2,Week 5-8,,6,Workout Day 2,Day 2,,,Cable Pull-Through,,3,Straight Set,20,,,,,,,,,,,
Advanced Program,Bret Contreras,A program for advanced lifters using heavier loading and advanced training schemes.,12 weeks,Advanced,Access to a commercial gym,4,Weeks 5-8,Focuses on deadlift and bench press with advanced techniques.,2,Week 5-8,,6,Workout Day 2,Day 2,,,Chin-up,,3,Straight Set,AMRAP,,,,,,,,,,,
Advanced Program,Bret Contreras,A program for advanced lifters using heavier loading and advanced training schemes.,12 weeks,Advanced,Access to a commercial gym,4,Weeks 5-8,Focuses on deadlift and bench press with advanced techniques.,2,Week 5-8,,6,Workout Day 2,Day 2,,,Dumbbell Deficit Curtsy Lunge,,3,Straight Set,12,,,,,,,,,,,
Advanced Program,Bret Contreras,A program for advanced lifters using heavier loading and advanced training schemes.,12 weeks,Advanced,Access to a commercial gym,4,Weeks 5-8,Focuses on deadlift and bench press with advanced techniques.,2,Week 5-8,,6,Workout Day 2,Day 2,,,Banded Standing Hip Abduction,,2,Straight Set,20,,,,,,,,,,,
Advanced Program,Bret Contreras,A program for advanced lifters using heavier loading and advanced training schemes.,12 weeks,Advanced,Access to a commercial gym,4,Weeks 5-8,Focuses on deadlift and bench press with advanced techniques.,2,Week 5-8,,6,Workout Day 3,Day 3,,,Deadlift,5 reps with 70% 1RM (Every Minute on the Minute),5,Cluster,5,,,,,,,,,70,,
Advanced Program,Bret Contreras,A program for advanced lifters using heavier loading and advanced training schemes.,12 weeks,Advanced,Access to a commercial gym,4,Weeks 5-8,Focuses on deadlift and bench press with advanced techniques.,2,Week 5-8,,6,Workout Day 3,Day 3,,,Dumbbell Incline Press,,3,Straight Set,8,,,,,,,,,,,
Advanced Program,Bret Contreras,A program for advanced lifters using heavier loading and advanced training schemes.,12 weeks,Advanced,Access to a commercial gym,4,Weeks 5-8,Focuses on deadlift and bench press with advanced techniques.,2,Week 5-8,,6,Workout Day 3,Day 3,,,Banded Kneeling Hip Thrust,,3,Straight Set,20,,,,,,,,,,,
Advanced Program,Bret Contreras,A program for advanced lifters using heavier loading and advanced training schemes.,12 weeks,Advanced,Access to a commercial gym,4,Weeks 5-8,Focuses on deadlift and bench press with advanced techniques.,2,Week 5-8,,6,Workout Day 3,Day 3,,,Dumbbell One-Arm Row,,3,Straight Set,12,,,,,,,,,,,
Advanced Program,Bret Contreras,A program for advanced lifters using heavier loading and advanced training schemes.,12 weeks,Advanced,Access to a commercial gym,4,Weeks 5-8,Focuses on deadlift and bench press with advanced techniques.,2,Week 5-8,,6,Workout Day 3,Day 3,,,Goblet Squat Pulse,,2,Straight Set,30,,,,,,,,,,,
Advanced Program,Bret Contreras,A program for advanced lifters using heavier loading and advanced training schemes.,12 weeks,Advanced,Access to a commercial gym,4,Weeks 5-8,Focuses on deadlift and bench press with advanced techniques.,2,Week 5-8,,6,Workout Day 3,Day 3,,,Banded 45-Degree Kickback,,3,Straight Set,20,,,,,,,,,,,
Advanced Program,Bret Contreras,A program for advanced lifters using heavier loading and advanced training schemes.,12 weeks,Advanced,Access to a commercial gym,4,Weeks 5-8,Focuses on deadlift and bench press with advanced techniques.,2,Week 5-8,,6,Workout Day 4,Day 4,,,Pause Front Squat,,3,Straight Set,5,,,,,,,,,,,
Advanced Program,Bret Contreras,A program for advanced lifters using heavier loading and advanced training schemes.,12 weeks,Advanced,Access to a commercial gym,4,Weeks 5-8,Focuses on deadlift and bench press with advanced techniques.,2,Week 5-8,,6,Workout Day 4,Day 4,,,Military Press,,3,Straight Set,6,,,,,,,,,,,
Advanced Program,Bret Contreras,A program for advanced lifters using heavier loading and advanced training schemes.,12 weeks,Advanced,Access to a commercial gym,4,Weeks 5-8,Focuses on deadlift and bench press with advanced techniques.,2,Week 5-8,,6,Workout Day 4,Day 4,,,Braced Single-Leg RDL,,3,Straight Set,10,,,,,,,,,,,
Advanced Program,Bret Contreras,A program for advanced lifters using heavier loading and advanced training schemes.,12 weeks,Advanced,Access to a commercial gym,4,Weeks 5-8,Focuses on deadlift and bench press with advanced techniques.,2,Week 5-8,,6,Workout Day 4,Day 4,,,Narrow Neutral Grip Pull-Down,,3,Straight Set,10,,,,,,,,,,,
Advanced Program,Bret Contreras,A program for advanced lifters using heavier loading and advanced training schemes.,12 weeks,Advanced,Access to a commercial gym,4,Weeks 5-8,Focuses on deadlift and bench press with advanced techniques.,2,Week 5-8,,6,Workout Day 4,Day 4,,,Pause Barbell Hip Thrust,,3,Straight Set,5,,,,,,,,,,,
Advanced Program,Bret Contreras,A program for advanced lifters using heavier loading and advanced training schemes.,12 weeks,Advanced,Access to a commercial gym,4,Weeks 5-8,Focuses on deadlift and bench press with advanced techniques.,2,Week 5-8,,6,Workout Day 4,Day 4,,A1,Knee-Banded Glute Bridge,,1,Ladder,"12, 11, 10, 9, 8, 7, 6, 5, 4, 3, 2, 1",,,,,,,,,,,
Advanced Program,Bret Contreras,A program for advanced lifters using heavier loading and advanced training schemes.,12 weeks,Advanced,Access to a commercial gym,4,Weeks 5-8,Focuses on deadlift and bench press with advanced techniques.,2,Week 5-8,,6,Workout Day 4,Day 4,,A2,Supine Abduction Ladder,,1,Ladder,"12, 11, 10, 9, 8, 7, 6, 5, 4, 3, 2, 1",,,,,,,,,,,
Advanced Program,Bret Contreras,A program for advanced lifters using heavier loading and advanced training schemes.,12 weeks,Advanced,Access to a commercial gym,4,Weeks 5-8,Focuses on deadlift and bench press with advanced techniques.,2,Week 5-8,,7,Workout Day 1,Day 1,,,Conventional Deadlift,,3,Straight Set,10,,,,,,,,,,,
Advanced Program,Bret Contreras,A program for advanced lifters using heavier loading and advanced training schemes.,12 weeks,Advanced,Access to a commercial gym,4,Weeks 5-8,Focuses on deadlift and bench press with advanced techniques.,2,Week 5-8,,7,Workout Day 1,Day 1,,,Standing Single-Arm Dumbbell Overhead Press,,3,Straight Set,8,,,,,,,,,,,
Advanced Program,Bret Contreras,A program for advanced lifters using heavier loading and advanced training schemes.,12 weeks,Advanced,Access to a commercial gym,4,Weeks 5-8,Focuses on deadlift and bench press with advanced techniques.,2,Week 5-8,,7,Workout Day 1,Day 1,,,Enhanced-Eccentric Barbell Single-Leg Hip Thrust,"2 legs up, 1 leg down) ",3,Eccentric,6,,,,,,,,,,,
Advanced Program,Bret Contreras,A program for advanced lifters using heavier loading and advanced training schemes.,12 weeks,Advanced,Access to a commercial gym,4,Weeks 5-8,Focuses on deadlift and bench press with advanced techniques.,2,Week 5-8,,7,Workout Day 1,Day 1,,,Single-Arm Pull-Down,,3,Straight Set,8,,,,,,,,,,,
Advanced Program,Bret Contreras,A program for advanced lifters using heavier loading and advanced training schemes.,12 weeks,Advanced,Access to a commercial gym,4,Weeks 5-8,Focuses on deadlift and bench press with advanced techniques.,2,Week 5-8,,7,Workout Day 1,Day 1,,,11 Heel-Elevated Goblet Squat,,3,Straight Set,8,,,,,,,,,,,
Advanced Program,Bret Contreras,A program for advanced lifters using heavier loading and advanced training schemes.,12 weeks,Advanced,Access to a commercial gym,4,Weeks 5-8,Focuses on deadlift and bench press with advanced techniques.,2,Week 5-8,,7,Workout Day 1,Day 1,,,Cuff/Dip Belt Cable Hip Rotation,,2,Straight Set,10,,,,,,,,,,,
Advanced Program,Bret Contreras,A program for advanced lifters using heavier loading and advanced training schemes.,12 weeks,Advanced,Access to a commercial gym,4,Weeks 5-8,Focuses on deadlift and bench press with advanced techniques.,2,Week 5-8,,7,Workout Day 2,Day 2,,,Barbell Hip Thrust,,5,Straight Set,5,,,,,,,,,,,
Advanced Program,Bret Contreras,A program for advanced lifters using heavier loading and advanced training schemes.,12 weeks,Advanced,Access to a commercial gym,4,Weeks 5-8,Focuses on deadlift and bench press with advanced techniques.,2,Week 5-8,,7,Workout Day 2,Day 2,,,Pause Bench Press,,5,Straight Set,3,,,,,,,,,,,
Advanced Program,Bret Contreras,A program for advanced lifters using heavier loading and advanced training schemes.,12 weeks,Advanced,Access to a commercial gym,4,Weeks 5-8,Focuses on deadlift and bench press with advanced techniques.,2,Week 5-8,,7,Workout Day 2,Day 2,,,Cable Pull-Through,,3,Straight Set,20,,,,,,,,,,,
Advanced Program,Bret Contreras,A program for advanced lifters using heavier loading and advanced training schemes.,12 weeks,Advanced,Access to a commercial gym,4,Weeks 5-8,Focuses on deadlift and bench press with advanced techniques.,2,Week 5-8,,7,Workout Day 2,Day 2,,,Chin-up,,3,Straight Set,AMRAP,,,,,,,,,,,
Advanced Program,Bret Contreras,A program for advanced lifters using heavier loading and advanced training schemes.,12 weeks,Advanced,Access to a commercial gym,4,Weeks 5-8,Focuses on deadlift and bench press with advanced techniques.,2,Week 5-8,,7,Workout Day 2,Day 2,,,Dumbbell Deficit Curtsy Lunge,,3,Straight Set,12,,,,,,,,,,,
Advanced Program,Bret Contreras,A program for advanced lifters using heavier loading and advanced training schemes.,12 weeks,Advanced,Access to a commercial gym,4,Weeks 5-8,Focuses on deadlift and bench press with advanced techniques.,2,Week 5-8,,7,Workout Day 2,Day 2,,,Banded Standing Hip Abduction,,2,Straight Set,20,,,,,,,,,,,
Advanced Program,Bret Contreras,A program for advanced lifters using heavier loading and advanced training schemes.,12 weeks,Advanced,Access to a commercial gym,4,Weeks 5-8,Focuses on deadlift and bench press with advanced techniques.,2,Week 5-8,,7,Workout Day 3,Day 3,,,Deadlift,5 reps with 70% 1RM (Every Minute on the Minute),5,Cluster,5,,,,,,,,,70,,
Advanced Program,Bret Contreras,A program for advanced lifters using heavier loading and advanced training schemes.,12 weeks,Advanced,Access to a commercial gym,4,Weeks 5-8,Focuses on deadlift and bench press with advanced techniques.,2,Week 5-8,,7,Workout Day 3,Day 3,,,Dumbbell Incline Press,,3,Straight Set,8,,,,,,,,,,,
Advanced Program,Bret Contreras,A program for advanced lifters using heavier loading and advanced training schemes.,12 weeks,Advanced,Access to a commercial gym,4,Weeks 5-8,Focuses on deadlift and bench press with advanced techniques.,2,Week 5-8,,7,Workout Day 3,Day 3,,,Banded Kneeling Hip Thrust,,3,Straight Set,20,,,,,,,,,,,
Advanced Program,Bret Contreras,A program for advanced lifters using heavier loading and advanced training schemes.,12 weeks,Advanced,Access to a commercial gym,4,Weeks 5-8,Focuses on deadlift and bench press with advanced techniques.,2,Week 5-8,,7,Workout Day 3,Day 3,,,Dumbbell One-Arm Row,,3,Straight Set,12,,,,,,,,,,,
Advanced Program,Bret Contreras,A program for advanced lifters using heavier loading and advanced training schemes.,12 weeks,Advanced,Access to a commercial gym,4,Weeks 5-8,Focuses on deadlift and bench press with advanced techniques.,2,Week 5-8,,7,Workout Day 3,Day 3,,,Goblet Squat Pulse,,2,Straight Set,30,,,,,,,,,,,
Advanced Program,Bret Contreras,A program for advanced lifters using heavier loading and advanced training schemes.,12 weeks,Advanced,Access to a commercial gym,4,Weeks 5-8,Focuses on deadlift and bench press with advanced techniques.,2,Week 5-8,,7,Workout Day 3,Day 3,,,Banded 45-Degree Kickback,,3,Straight Set,20,,,,,,,,,,,
Advanced Program,Bret Contreras,A program for advanced lifters using heavier loading and advanced training schemes.,12 weeks,Advanced,Access to a commercial gym,4,Weeks 5-8,Focuses on deadlift and bench press with advanced techniques.,2,Week 5-8,,7,Workout Day 4,Day 4,,,Pause Front Squat,,3,Straight Set,5,,,,,,,,,,,
Advanced Program,Bret Contreras,A program for advanced lifters using heavier loading and advanced training schemes.,12 weeks,Advanced,Access to a commercial gym,4,Weeks 5-8,Focuses on deadlift and bench press with advanced techniques.,2,Week 5-8,,7,Workout Day 4,Day 4,,,Military Press,,3,Straight Set,6,,,,,,,,,,,
Advanced Program,Bret Contreras,A program for advanced lifters using heavier loading and advanced training schemes.,12 weeks,Advanced,Access to a commercial gym,4,Weeks 5-8,Focuses on deadlift and bench press with advanced techniques.,2,Week 5-8,,7,Workout Day 4,Day 4,,,Braced Single-Leg RDL,,3,Straight Set,10,,,,,,,,,,,
Advanced Program,Bret Contreras,A program for advanced lifters using heavier loading and advanced training schemes.,12 weeks,Advanced,Access to a commercial gym,4,Weeks 5-8,Focuses on deadlift and bench press with advanced techniques.,2,Week 5-8,,7,Workout Day 4,Day 4,,,Narrow Neutral Grip Pull-Down,,3,Straight Set,10,,,,,,,,,,,
Advanced Program,Bret Contreras,A program for advanced lifters using heavier loading and advanced training schemes.,12 weeks,Advanced,Access to a commercial gym,4,Weeks 5-8,Focuses on deadlift and bench press with advanced techniques.,2,Week 5-8,,7,Workout Day 4,Day 4,,,Pause Barbell Hip Thrust,,3,Straight Set,5,,,,,,,,,,,
Advanced Program,Bret Contreras,A program for advanced lifters using heavier loading and advanced training schemes.,12 weeks,Advanced,Access to a commercial gym,4,Weeks 5-8,Focuses on deadlift and bench press with advanced techniques.,2,Week 5-8,,7,Workout Day 4,Day 4,,A1,Knee-Banded Glute Bridge,,1,Ladder,"12, 11, 10, 9, 8, 7, 6, 5, 4, 3, 2, 1",,,,,,,,,,,
Advanced Program,Bret Contreras,A program for advanced lifters using heavier loading and advanced training schemes.,12 weeks,Advanced,Access to a commercial gym,4,Weeks 5-8,Focuses on deadlift and bench press with advanced techniques.,2,Week 5-8,,7,Workout Day 4,Day 4,,A2,Supine Abduction Ladder,,1,Ladder,"12, 11, 10, 9, 8, 7, 6, 5, 4, 3, 2, 1",,,,,,,,,,,
Advanced Program,Bret Contreras,A program for advanced lifters using heavier loading and advanced training schemes.,12 weeks,Advanced,Access to a commercial gym,4,Weeks 5-8,Focuses on deadlift and bench press with advanced techniques.,2,Week 5-8,,8,Workout Day 1,Day 1,,,Conventional Deadlift,,3,Straight Set,10,,,,,,,,,,,
Advanced Program,Bret Contreras,A program for advanced lifters using heavier loading and advanced training schemes.,12 weeks,Advanced,Access to a commercial gym,4,Weeks 5-8,Focuses on deadlift and bench press with advanced techniques.,2,Week 5-8,,8,Workout Day 1,Day 1,,,Standing Single-Arm Dumbbell Overhead Press,,3,Straight Set,8,,,,,,,,,,,
Advanced Program,Bret Contreras,A program for advanced lifters using heavier loading and advanced training schemes.,12 weeks,Advanced,Access to a commercial gym,4,Weeks 5-8,Focuses on deadlift and bench press with advanced techniques.,2,Week 5-8,,8,Workout Day 1,Day 1,,,Enhanced-Eccentric Barbell Single-Leg Hip Thrust,"2 legs up, 1 leg down) ",3,Eccentric,6,,,,,,,,,,,
Advanced Program,Bret Contreras,A program for advanced lifters using heavier loading and advanced training schemes.,12 weeks,Advanced,Access to a commercial gym,4,Weeks 5-8,Focuses on deadlift and bench press with advanced techniques.,2,Week 5-8,,8,Workout Day 1,Day 1,,,Single-Arm Pull-Down,,3,Straight Set,8,,,,,,,,,,,
Advanced Program,Bret Contreras,A program for advanced lifters using heavier loading and advanced training schemes.,12 weeks,Advanced,Access to a commercial gym,4,Weeks 5-8,Focuses on deadlift and bench press with advanced techniques.,2,Week 5-8,,8,Workout Day 1,Day 1,,,11 Heel-Elevated Goblet Squat,,3,Straight Set,8,,,,,,,,,,,
Advanced Program,Bret Contreras,A program for advanced lifters using heavier loading and advanced training schemes.,12 weeks,Advanced,Access to a commercial gym,4,Weeks 5-8,Focuses on deadlift and bench press with advanced techniques.,2,Week 5-8,,8,Workout Day 1,Day 1,,,Cuff/Dip Belt Cable Hip Rotation,,2,Straight Set,10,,,,,,,,,,,
Advanced Program,Bret Contreras,A program for advanced lifters using heavier loading and advanced training schemes.,12 weeks,Advanced,Access to a commercial gym,4,Weeks 5-8,Focuses on deadlift and bench press with advanced techniques.,2,Week 5-8,,8,Workout Day 2,Day 2,,,Barbell Hip Thrust,,5,Straight Set,5,,,,,,,,,,,
Advanced Program,Bret Contreras,A program for advanced lifters using heavier loading and advanced training schemes.,12 weeks,Advanced,Access to a commercial gym,4,Weeks 5-8,Focuses on deadlift and bench press with advanced techniques.,2,Week 5-8,,8,Workout Day 2,Day 2,,,Pause Bench Press,,5,Straight Set,3,,,,,,,,,,,
Advanced Program,Bret Contreras,A program for advanced lifters using heavier loading and advanced training schemes.,12 weeks,Advanced,Access to a commercial gym,4,Weeks 5-8,Focuses on deadlift and bench press with advanced techniques.,2,Week 5-8,,8,Workout Day 2,Day 2,,,Cable Pull-Through,,3,Straight Set,20,,,,,,,,,,,
Advanced Program,Bret Contreras,A program for advanced lifters using heavier loading and advanced training schemes.,12 weeks,Advanced,Access to a commercial gym,4,Weeks 5-8,Focuses on deadlift and bench press with advanced techniques.,2,Week 5-8,,8,Workout Day 2,Day 2,,,Chin-up,,3,Straight Set,AMRAP,,,,,,,,,,,
Advanced Program,Bret Contreras,A program for advanced lifters using heavier loading and advanced training schemes.,12 weeks,Advanced,Access to a commercial gym,4,Weeks 5-8,Focuses on deadlift and bench press with advanced techniques.,2,Week 5-8,,8,Workout Day 2,Day 2,,,Dumbbell Deficit Curtsy Lunge,,3,Straight Set,12,,,,,,,,,,,
Advanced Program,Bret Contreras,A program for advanced lifters using heavier loading and advanced training schemes.,12 weeks,Advanced,Access to a commercial gym,4,Weeks 5-8,Focuses on deadlift and bench press with advanced techniques.,2,Week 5-8,,8,Workout Day 2,Day 2,,,Banded Standing Hip Abduction,,2,Straight Set,20,,,,,,,,,,,
Advanced Program,Bret Contreras,A program for advanced lifters using heavier loading and advanced training schemes.,12 weeks,Advanced,Access to a commercial gym,4,Weeks 5-8,Focuses on deadlift and bench press with advanced techniques.,2,Week 5-8,,8,Workout Day 3,Day 3,,,Deadlift,5 reps with 70% 1RM (Every Minute on the Minute),5,Cluster,5,,,,,,,,,70,,
Advanced Program,Bret Contreras,A program for advanced lifters using heavier loading and advanced training schemes.,12 weeks,Advanced,Access to a commercial gym,4,Weeks 5-8,Focuses on deadlift and bench press with advanced techniques.,2,Week 5-8,,8,Workout Day 3,Day 3,,,Dumbbell Incline Press,,3,Straight Set,8,,,,,,,,,,,
Advanced Program,Bret Contreras,A program for advanced lifters using heavier loading and advanced training schemes.,12 weeks,Advanced,Access to a commercial gym,4,Weeks 5-8,Focuses on deadlift and bench press with advanced techniques.,2,Week 5-8,,8,Workout Day 3,Day 3,,,Banded Kneeling Hip Thrust,,3,Straight Set,20,,,,,,,,,,,
Advanced Program,Bret Contreras,A program for advanced lifters using heavier loading and advanced training schemes.,12 weeks,Advanced,Access to a commercial gym,4,Weeks 5-8,Focuses on deadlift and bench press with advanced techniques.,2,Week 5-8,,8,Workout Day 3,Day 3,,,Dumbbell One-Arm Row,,3,Straight Set,12,,,,,,,,,,,
Advanced Program,Bret Contreras,A program for advanced lifters using heavier loading and advanced training schemes.,12 weeks,Advanced,Access to a commercial gym,4,Weeks 5-8,Focuses on deadlift and bench press with advanced techniques.,2,Week 5-8,,8,Workout Day 3,Day 3,,,Goblet Squat Pulse,,2,Straight Set,30,,,,,,,,,,,
Advanced Program,Bret Contreras,A program for advanced lifters using heavier loading and advanced training schemes.,12 weeks,Advanced,Access to a commercial gym,4,Weeks 5-8,Focuses on deadlift and bench press with advanced techniques.,2,Week 5-8,,8,Workout Day 3,Day 3,,,Banded 45-Degree Kickback,,3,Straight Set,20,,,,,,,,,,,
Advanced Program,Bret Contreras,A program for advanced lifters using heavier loading and advanced training schemes.,12 weeks,Advanced,Access to a commercial gym,4,Weeks 5-8,Focuses on deadlift and bench press with advanced techniques.,2,Week 5-8,,8,Workout Day 4,Day 4,,,Pause Front Squat,,3,Straight Set,5,,,,,,,,,,,
Advanced Program,Bret Contreras,A program for advanced lifters using heavier loading and advanced training schemes.,12 weeks,Advanced,Access to a commercial gym,4,Weeks 5-8,Focuses on deadlift and bench press with advanced techniques.,2,Week 5-8,,8,Workout Day 4,Day 4,,,Military Press,,3,Straight Set,6,,,,,,,,,,,
Advanced Program,Bret Contreras,A program for advanced lifters using heavier loading and advanced training schemes.,12 weeks,Advanced,Access to a commercial gym,4,Weeks 5-8,Focuses on deadlift and bench press with advanced techniques.,2,Week 5-8,,8,Workout Day 4,Day 4,,,Braced Single-Leg RDL,,3,Straight Set,10,,,,,,,,,,,
Advanced Program,Bret Contreras,A program for advanced lifters using heavier loading and advanced training schemes.,12 weeks,Advanced,Access to a commercial gym,4,Weeks 5-8,Focuses on deadlift and bench press with advanced techniques.,2,Week 5-8,,8,Workout Day 4,Day 4,,,Narrow Neutral Grip Pull-Down,,3,Straight Set,10,,,,,,,,,,,
Advanced Program,Bret Contreras,A program for advanced lifters using heavier loading and advanced training schemes.,12 weeks,Advanced,Access to a commercial gym,4,Weeks 5-8,Focuses on deadlift and bench press with advanced techniques.,2,Week 5-8,,8,Workout Day 4,Day 4,,,Pause Barbell Hip Thrust,,3,Straight Set,5,,,,,,,,,,,
Advanced Program,Bret Contreras,A program for advanced lifters using heavier loading and advanced training schemes.,12 weeks,Advanced,Access to a commercial gym,4,Weeks 5-8,Focuses on deadlift and bench press with advanced techniques.,2,Week 5-8,,8,Workout Day 4,Day 4,,A1,Knee-Banded Glute Bridge,,1,Ladder,"12, 11, 10, 9, 8, 7, 6, 5, 4, 3, 2, 1",,,,,,,,,,,
Advanced Program,Bret Contreras,A program for advanced lifters using heavier loading and advanced training schemes.,12 weeks,Advanced,Access to a commercial gym,4,Weeks 5-8,Focuses on deadlift and bench press with advanced techniques.,2,Week 5-8,,8,Workout Day 4,Day 4,,A2,Supine Abduction Ladder,,1,Ladder,"12, 11, 10, 9, 8, 7, 6, 5, 4, 3, 2, 1",,,,,,,,,,,
Advanced Program,Bret Contreras,A program for advanced lifters using heavier loading and advanced training schemes.,12 weeks,Advanced,Access to a commercial gym,4,Weeks 9-12,Incorporates advanced techniques and heavy loading.,3,Week 9-12,,9,Workout Day 1,Day 1,,,Banded Hip Thrust,,3,Straight Set,20,,,,,,,,,,,
Advanced Program,Bret Contreras,A program for advanced lifters using heavier loading and advanced training schemes.,12 weeks,Advanced,Access to a commercial gym,4,Weeks 9-12,Incorporates advanced techniques and heavy loading.,3,Week 9-12,,9,Workout Day 1,Day 1,,,Bench Press,,3,Straight Set,3,,,,,,,,,,,
Advanced Program,Bret Contreras,A program for advanced lifters using heavier loading and advanced training schemes.,12 weeks,Advanced,Access to a commercial gym,4,Weeks 9-12,Incorporates advanced techniques and heavy loading.,3,Week 9-12,,9,Workout Day 1,Day 1,,,Stiff-Leg Deadlift,,3,Straight Set,8,,,,,,,,,,,
Advanced Program,Bret Contreras,A program for advanced lifters using heavier loading and advanced training schemes.,12 weeks,Advanced,Access to a commercial gym,4,Weeks 9-12,Incorporates advanced techniques and heavy loading.,3,Week 9-12,,9,Workout Day 1,Day 1,,,Weighted-Eccentric Chin-up,,3,Eccentric,3,,,,,,,,,,,
Advanced Program,Bret Contreras,A program for advanced lifters using heavier loading and advanced training schemes.,12 weeks,Advanced,Access to a commercial gym,4,Weeks 9-12,Incorporates advanced techniques and heavy loading.,3,Week 9-12,,9,Workout Day 1,Day 1,,,Dumbbell Between-Bench Squat,,3,Straight Set,20,,,,,,,,,,,
Advanced Program,Bret Contreras,A program for advanced lifters using heavier loading and advanced training schemes.,12 weeks,Advanced,Access to a commercial gym,4,Weeks 9-12,Incorporates advanced techniques and heavy loading.,3,Week 9-12,,9,Workout Day 1,Day 1,,,Banded Standing Hip External Rotation,,2,Straight Set,12,,,,,,,,,,,
Advanced Program,Bret Contreras,A program for advanced lifters using heavier loading and advanced training schemes.,12 weeks,Advanced,Access to a commercial gym,4,Weeks 9-12,Incorporates advanced techniques and heavy loading.,3,Week 9-12,,9,Workout Day 2,Day 2,,,Double-Banded Hip Thrust,,3,Straight Set,10,,,,,,,,,,,
Advanced Program,Bret Contreras,A program for advanced lifters using heavier loading and advanced training schemes.,12 weeks,Advanced,Access to a commercial gym,4,Weeks 9-12,Incorporates advanced techniques and heavy loading.,3,Week 9-12,,9,Workout Day 2,Day 2,,,Feet-Elevated Push-up,,3,Straight Set,AMRAP,,,,,,,,,,,
Advanced Program,Bret Contreras,A program for advanced lifters using heavier loading and advanced training schemes.,12 weeks,Advanced,Access to a commercial gym,4,Weeks 9-12,Incorporates advanced techniques and heavy loading.,3,Week 9-12,,9,Workout Day 2,Day 2,,,Pistol Squat,,3,Straight Set,AMRAP,,,,,,,,,,,
Advanced Program,Bret Contreras,A program for advanced lifters using heavier loading and advanced training schemes.,12 weeks,Advanced,Access to a commercial gym,4,Weeks 9-12,Incorporates advanced techniques and heavy loading.,3,Week 9-12,,9,Workout Day 2,Day 2,,,Eccentric-Accentuated Chin-up,,3,Eccentric,3,,,,,,,,,,,
Advanced Program,Bret Contreras,A program for advanced lifters using heavier loading and advanced training schemes.,12 weeks,Advanced,Access to a commercial gym,4,Weeks 9-12,Incorporates advanced techniques and heavy loading.,3,Week 9-12,,9,Workout Day 2,Day 2,,,Prisoner Single-Leg 45-Degree Hyper,,3,Straight Set,10,,,,,,,,,,,
Advanced Program,Bret Contreras,A program for advanced lifters using heavier loading and advanced training schemes.,12 weeks,Advanced,Access to a commercial gym,4,Weeks 9-12,Incorporates advanced techniques and heavy loading.,3,Week 9-12,,9,Workout Day 2,Day 2,,,Extra-Range Side-Lying Hip Raise,,3,Straight Set,10,,,,,,,,,,,
Advanced Program,Bret Contreras,A program for advanced lifters using heavier loading and advanced training schemes.,12 weeks,Advanced,Access to a commercial gym,4,Weeks 9-12,Incorporates advanced techniques and heavy loading.,3,Week 9-12,,9,Workout Day 3,Day 3,,,Triple-Banded Hip Thrust,,3,Straight Set,8,,,,,,,,,,,
Advanced Program,Bret Contreras,A program for advanced lifters using heavier loading and advanced training schemes.,12 weeks,Advanced,Access to a commercial gym,4,Weeks 9-12,Incorporates advanced techniques and heavy loading.,3,Week 9-12,,9,Workout Day 3,Day 3,,,Pause Bench Press,,3,Straight Set,6,,,,,,,,,,,
Advanced Program,Bret Contreras,A program for advanced lifters using heavier loading and advanced training schemes.,12 weeks,Advanced,Access to a commercial gym,4,Weeks 9-12,Incorporates advanced techniques and heavy loading.,3,Week 9-12,,9,Workout Day 3,Day 3,,,Nordic Ham Curl,,3,Straight Set,6,,,,,,,,,,,
Advanced Program,Bret Contreras,A program for advanced lifters using heavier loading and advanced training schemes.,12 weeks,Advanced,Access to a commercial gym,4,Weeks 9-12,Incorporates advanced techniques and heavy loading.,3,Week 9-12,,9,Workout Day 3,Day 3,,,Feet-Elevated Inverted Row,,3,Straight Set,AMRAP,,,,,,,,,,,
Advanced Program,Bret Contreras,A program for advanced lifters using heavier loading and advanced training schemes.,12 weeks,Advanced,Access to a commercial gym,4,Weeks 9-12,Incorporates advanced techniques and heavy loading.,3,Week 9-12,,9,Workout Day 3,Day 3,,,Lateral Raise,,3,Straight Set,10,,,,,,,,,,,
Advanced Program,Bret Contreras,A program for advanced lifters using heavier loading and advanced training schemes.,12 weeks,Advanced,Access to a commercial gym,4,Weeks 9-12,Incorporates advanced techniques and heavy loading.,3,Week 9-12,,9,Workout Day 3,Day 3,,A1,Cable Kickback,,3,Superset,12,,,,,,,,,,,
Advanced Program,Bret Contreras,A program for advanced lifters using heavier loading and advanced training schemes.,12 weeks,Advanced,Access to a commercial gym,4,Weeks 9-12,Incorporates advanced techniques and heavy loading.,3,Week 9-12,,9,Workout Day 3,Day 3,,A2,Hip Abduction,,3,Superset,12,,,,,,,,,,,
Advanced Program,Bret Contreras,A program for advanced lifters using heavier loading and advanced training schemes.,12 weeks,Advanced,Access to a commercial gym,4,Weeks 9-12,Incorporates advanced techniques and heavy loading.,3,Week 9-12,,9,Workout Day 4,Day 4,,,Barbell Hip Thrust,,5,Straight Set,5,,,,,,,,,,,
Advanced Program,Bret Contreras,A program for advanced lifters using heavier loading and advanced training schemes.,12 weeks,Advanced,Access to a commercial gym,4,Weeks 9-12,Incorporates advanced techniques and heavy loading.,3,Week 9-12,,9,Workout Day 4,Day 4,,,Arnold Press,,3,Straight Set,10,,,,,,,,,,,
Advanced Program,Bret Contreras,A program for advanced lifters using heavier loading and advanced training schemes.,12 weeks,Advanced,Access to a commercial gym,4,Weeks 9-12,Incorporates advanced techniques and heavy loading.,3,Week 9-12,,9,Workout Day 4,Day 4,,,Back Squat,,3,Straight Set,10,,,,,,,,,,,
Advanced Program,Bret Contreras,A program for advanced lifters using heavier loading and advanced training schemes.,12 weeks,Advanced,Access to a commercial gym,4,Weeks 9-12,Incorporates advanced techniques and heavy loading.,3,Week 9-12,,9,Workout Day 4,Day 4,,,T-Bar Row,,3,Straight Set,10,,,,,,,,,,,
Advanced Program,Bret Contreras,A program for advanced lifters using heavier loading and advanced training schemes.,12 weeks,Advanced,Access to a commercial gym,4,Weeks 9-12,Incorporates advanced techniques and heavy loading.,3,Week 9-12,,9,Workout Day 4,Day 4,,,Dumbbell Glute-Dominant Back Extension,,3,Straight Set,12,,,,,,,,,,,
Advanced Program,Bret Contreras,A program for advanced lifters using heavier loading and advanced training schemes.,12 weeks,Advanced,Access to a commercial gym,4,Weeks 9-12,Incorporates advanced techniques and heavy loading.,3,Week 9-12,,9,Workout Day 4,Day 4,,A1,Knee-Banded Glute Bridges,,3 mins,Burnout,nonstop,,,,,,,,,,,
Advanced Program,Bret Contreras,A program for advanced lifters using heavier loading and advanced training schemes.,12 weeks,Advanced,Access to a commercial gym,4,Weeks 9-12,Incorporates advanced techniques and heavy loading.,3,Week 9-12,,9,Workout Day 4,Day 4,,A2,Knee-Banded Abductions,,3 mins,Burnout,nonstop,,,,,,,,,,,
Advanced Program,Bret Contreras,A program for advanced lifters using heavier loading and advanced training schemes.,12 weeks,Advanced,Access to a commercial gym,4,Weeks 9-12,Incorporates advanced techniques and heavy loading.,3,Week 9-12,,10,Workout Day 1,Day 1,,,Banded Hip Thrust,,3,Straight Set,20,,,,,,,,,,,
Advanced Program,Bret Contreras,A program for advanced lifters using heavier loading and advanced training schemes.,12 weeks,Advanced,Access to a commercial gym,4,Weeks 9-12,Incorporates advanced techniques and heavy loading.,3,Week 9-12,,10,Workout Day 1,Day 1,,,Bench Press,,3,Straight Set,3,,,,,,,,,,,
Advanced Program,Bret Contreras,A program for advanced lifters using heavier loading and advanced training schemes.,12 weeks,Advanced,Access to a commercial gym,4,Weeks 9-12,Incorporates advanced techniques and heavy loading.,3,Week 9-12,,10,Workout Day 1,Day 1,,,Stiff-Leg Deadlift,,3,Straight Set,8,,,,,,,,,,,
Advanced Program,Bret Contreras,A program for advanced lifters using heavier loading and advanced training schemes.,12 weeks,Advanced,Access to a commercial gym,4,Weeks 9-12,Incorporates advanced techniques and heavy loading.,3,Week 9-12,,10,Workout Day 1,Day 1,,,Weighted-Eccentric Chin-up,,3,Eccentric,3,,,,,,,,,,,
Advanced Program,Bret Contreras,A program for advanced lifters using heavier loading and advanced training schemes.,12 weeks,Advanced,Access to a commercial gym,4,Weeks 9-12,Incorporates advanced techniques and heavy loading.,3,Week 9-12,,10,Workout Day 1,Day 1,,,Dumbbell Between-Bench Squat,,3,Straight Set,20,,,,,,,,,,,
Advanced Program,Bret Contreras,A program for advanced lifters using heavier loading and advanced training schemes.,12 weeks,Advanced,Access to a commercial gym,4,Weeks 9-12,Incorporates advanced techniques and heavy loading.,3,Week 9-12,,10,Workout Day 1,Day 1,,,Banded Standing Hip External Rotation,,2,Straight Set,12,,,,,,,,,,,
Advanced Program,Bret Contreras,A program for advanced lifters using heavier loading and advanced training schemes.,12 weeks,Advanced,Access to a commercial gym,4,Weeks 9-12,Incorporates advanced techniques and heavy loading.,3,Week 9-12,,10,Workout Day 2,Day 2,,,Double-Banded Hip Thrust,,3,Straight Set,10,,,,,,,,,,,
Advanced Program,Bret Contreras,A program for advanced lifters using heavier loading and advanced training schemes.,12 weeks,Advanced,Access to a commercial gym,4,Weeks 9-12,Incorporates advanced techniques and heavy loading.,3,Week 9-12,,10,Workout Day 2,Day 2,,,Feet-Elevated Push-up,,3,Straight Set,AMRAP,,,,,,,,,,,
Advanced Program,Bret Contreras,A program for advanced lifters using heavier loading and advanced training schemes.,12 weeks,Advanced,Access to a commercial gym,4,Weeks 9-12,Incorporates advanced techniques and heavy loading.,3,Week 9-12,,10,Workout Day 2,Day 2,,,Pistol Squat,,3,Straight Set,AMRAP,,,,,,,,,,,
Advanced Program,Bret Contreras,A program for advanced lifters using heavier loading and advanced training schemes.,12 weeks,Advanced,Access to a commercial gym,4,Weeks 9-12,Incorporates advanced techniques and heavy loading.,3,Week 9-12,,10,Workout Day 2,Day 2,,,Eccentric-Accentuated Chin-up,,3,Eccentric,3,,,,,,,,,,,
Advanced Program,Bret Contreras,A program for advanced lifters using heavier loading and advanced training schemes.,12 weeks,Advanced,Access to a commercial gym,4,Weeks 9-12,Incorporates advanced techniques and heavy loading.,3,Week 9-12,,10,Workout Day 2,Day 2,,,Prisoner Single-Leg 45-Degree Hyper,,3,Straight Set,10,,,,,,,,,,,
Advanced Program,Bret Contreras,A program for advanced lifters using heavier loading and advanced training schemes.,12 weeks,Advanced,Access to a commercial gym,4,Weeks 9-12,Incorporates advanced techniques and heavy loading.,3,Week 9-12,,10,Workout Day 2,Day 2,,,Extra-Range Side-Lying Hip Raise,,3,Straight Set,10,,,,,,,,,,,
Advanced Program,Bret Contreras,A program for advanced lifters using heavier loading and advanced training schemes.,12 weeks,Advanced,Access to a commercial gym,4,Weeks 9-12,Incorporates advanced techniques and heavy loading.,3,Week 9-12,,10,Workout Day 3,Day 3,,,Triple-Banded Hip Thrust,,3,Straight Set,8,,,,,,,,,,,
Advanced Program,Bret Contreras,A program for advanced lifters using heavier loading and advanced training schemes.,12 weeks,Advanced,Access to a commercial gym,4,Weeks 9-12,Incorporates advanced techniques and heavy loading.,3,Week 9-12,,10,Workout Day 3,Day 3,,,Pause Bench Press,,3,Straight Set,6,,,,,,,,,,,
Advanced Program,Bret Contreras,A program for advanced lifters using heavier loading and advanced training schemes.,12 weeks,Advanced,Access to a commercial gym,4,Weeks 9-12,Incorporates advanced techniques and heavy loading.,3,Week 9-12,,10,Workout Day 3,Day 3,,,Nordic Ham Curl,,3,Straight Set,6,,,,,,,,,,,
Advanced Program,Bret Contreras,A program for advanced lifters using heavier loading and advanced training schemes.,12 weeks,Advanced,Access to a commercial gym,4,Weeks 9-12,Incorporates advanced techniques and heavy loading.,3,Week 9-12,,10,Workout Day 3,Day 3,,,Feet-Elevated Inverted Row,,3,Straight Set,AMRAP,,,,,,,,,,,
Advanced Program,Bret Contreras,A program for advanced lifters using heavier loading and advanced training schemes.,12 weeks,Advanced,Access to a commercial gym,4,Weeks 9-12,Incorporates advanced techniques and heavy loading.,3,Week 9-12,,10,Workout Day 3,Day 3,,,Lateral Raise,,3,Straight Set,10,,,,,,,,,,,
Advanced Program,Bret Contreras,A program for advanced lifters using heavier loading and advanced training schemes.,12 weeks,Advanced,Access to a commercial gym,4,Weeks 9-12,Incorporates advanced techniques and heavy loading.,3,Week 9-12,,10,Workout Day 3,Day 3,,A1,Cable Kickback,,3,Superset,12,,,,,,,,,,,
Advanced Program,Bret Contreras,A program for advanced lifters using heavier loading and advanced training schemes.,12 weeks,Advanced,Access to a commercial gym,4,Weeks 9-12,Incorporates advanced techniques and heavy loading.,3,Week 9-12,,10,Workout Day 3,Day 3,,A2,Hip Abduction,,3,Superset,12,,,,,,,,,,,
Advanced Program,Bret Contreras,A program for advanced lifters using heavier loading and advanced training schemes.,12 weeks,Advanced,Access to a commercial gym,4,Weeks 9-12,Incorporates advanced techniques and heavy loading.,3,Week 9-12,,10,Workout Day 4,Day 4,,,Barbell Hip Thrust,,5,Straight Set,5,,,,,,,,,,,
Advanced Program,Bret Contreras,A program for advanced lifters using heavier loading and advanced training schemes.,12 weeks,Advanced,Access to a commercial gym,4,Weeks 9-12,Incorporates advanced techniques and heavy loading.,3,Week 9-12,,10,Workout Day 4,Day 4,,,Arnold Press,,3,Straight Set,10,,,,,,,,,,,
Advanced Program,Bret Contreras,A program for advanced lifters using heavier loading and advanced training schemes.,12 weeks,Advanced,Access to a commercial gym,4,Weeks 9-12,Incorporates advanced techniques and heavy loading.,3,Week 9-12,,10,Workout Day 4,Day 4,,,Back Squat,,3,Straight Set,10,,,,,,,,,,,
Advanced Program,Bret Contreras,A program for advanced lifters using heavier loading and advanced training schemes.,12 weeks,Advanced,Access to a commercial gym,4,Weeks 9-12,Incorporates advanced techniques and heavy loading.,3,Week 9-12,,10,Workout Day 4,Day 4,,,T-Bar Row,,3,Straight Set,10,,,,,,,,,,,
Advanced Program,Bret Contreras,A program for advanced lifters using heavier loading and advanced training schemes.,12 weeks,Advanced,Access to a commercial gym,4,Weeks 9-12,Incorporates advanced techniques and heavy loading.,3,Week 9-12,,10,Workout Day 4,Day 4,,,Dumbbell Glute-Dominant Back Extension,,3,Straight Set,12,,,,,,,,,,,
Advanced Program,Bret Contreras,A program for advanced lifters using heavier loading and advanced training schemes.,12 weeks,Advanced,Access to a commercial gym,4,Weeks 9-12,Incorporates advanced techniques and heavy loading.,3,Week 9-12,,10,Workout Day 4,Day 4,,A1,Knee-Banded Glute Bridges,,3 mins,Burnout,nonstop,,,,,,,,,,,
Advanced Program,Bret Contreras,A program for advanced lifters using heavier loading and advanced training schemes.,12 weeks,Advanced,Access to a commercial gym,4,Weeks 9-12,Incorporates advanced techniques and heavy loading.,3,Week 9-12,,10,Workout Day 4,Day 4,,A2,Knee-Banded Abductions,,3 mins,Burnout,nonstop,,,,,,,,,,,
Advanced Program,Bret Contreras,A program for advanced lifters using heavier loading and advanced training schemes.,12 weeks,Advanced,Access to a commercial gym,4,Weeks 9-12,Incorporates advanced techniques and heavy loading.,3,Week 9-12,,11,Workout Day 1,Day 1,,,Banded Hip Thrust,,3,Straight Set,20,,,,,,,,,,,
Advanced Program,Bret Contreras,A program for advanced lifters using heavier loading and advanced training schemes.,12 weeks,Advanced,Access to a commercial gym,4,Weeks 9-12,Incorporates advanced techniques and heavy loading.,3,Week 9-12,,11,Workout Day 1,Day 1,,,Bench Press,,3,Straight Set,3,,,,,,,,,,,
Advanced Program,Bret Contreras,A program for advanced lifters using heavier loading and advanced training schemes.,12 weeks,Advanced,Access to a commercial gym,4,Weeks 9-12,Incorporates advanced techniques and heavy loading.,3,Week 9-12,,11,Workout Day 1,Day 1,,,Stiff-Leg Deadlift,,3,Straight Set,8,,,,,,,,,,,
Advanced Program,Bret Contreras,A program for advanced lifters using heavier loading and advanced training schemes.,12 weeks,Advanced,Access to a commercial gym,4,Weeks 9-12,Incorporates advanced techniques and heavy loading.,3,Week 9-12,,11,Workout Day 1,Day 1,,,Weighted-Eccentric Chin-up,,3,Eccentric,3,,,,,,,,,,,
Advanced Program,Bret Contreras,A program for advanced lifters using heavier loading and advanced training schemes.,12 weeks,Advanced,Access to a commercial gym,4,Weeks 9-12,Incorporates advanced techniques and heavy loading.,3,Week 9-12,,11,Workout Day 1,Day 1,,,Dumbbell Between-Bench Squat,,3,Straight Set,20,,,,,,,,,,,
Advanced Program,Bret Contreras,A program for advanced lifters using heavier loading and advanced training schemes.,12 weeks,Advanced,Access to a commercial gym,4,Weeks 9-12,Incorporates advanced techniques and heavy loading.,3,Week 9-12,,11,Workout Day 1,Day 1,,,Banded Standing Hip External Rotation,,2,Straight Set,12,,,,,,,,,,,
Advanced Program,Bret Contreras,A program for advanced lifters using heavier loading and advanced training schemes.,12 weeks,Advanced,Access to a commercial gym,4,Weeks 9-12,Incorporates advanced techniques and heavy loading.,3,Week 9-12,,11,Workout Day 2,Day 2,,,Double-Banded Hip Thrust,,3,Straight Set,10,,,,,,,,,,,
Advanced Program,Bret Contreras,A program for advanced lifters using heavier loading and advanced training schemes.,12 weeks,Advanced,Access to a commercial gym,4,Weeks 9-12,Incorporates advanced techniques and heavy loading.,3,Week 9-12,,11,Workout Day 2,Day 2,,,Feet-Elevated Push-up,,3,Straight Set,AMRAP,,,,,,,,,,,
Advanced Program,Bret Contreras,A program for advanced lifters using heavier loading and advanced training schemes.,12 weeks,Advanced,Access to a commercial gym,4,Weeks 9-12,Incorporates advanced techniques and heavy loading.,3,Week 9-12,,11,Workout Day 2,Day 2,,,Pistol Squat,,3,Straight Set,AMRAP,,,,,,,,,,,
Advanced Program,Bret Contreras,A program for advanced lifters using heavier loading and advanced training schemes.,12 weeks,Advanced,Access to a commercial gym,4,Weeks 9-12,Incorporates advanced techniques and heavy loading.,3,Week 9-12,,11,Workout Day 2,Day 2,,,Eccentric-Accentuated Chin-up,,3,Eccentric,3,,,,,,,,,,,
Advanced Program,Bret Contreras,A program for advanced lifters using heavier loading and advanced training schemes.,12 weeks,Advanced,Access to a commercial gym,4,Weeks 9-12,Incorporates advanced techniques and heavy loading.,3,Week 9-12,,11,Workout Day 2,Day 2,,,Prisoner Single-Leg 45-Degree Hyper,,3,Straight Set,10,,,,,,,,,,,
Advanced Program,Bret Contreras,A program for advanced lifters using heavier loading and advanced training schemes.,12 weeks,Advanced,Access to a commercial gym,4,Weeks 9-12,Incorporates advanced techniques and heavy loading.,3,Week 9-12,,11,Workout Day 2,Day 2,,,Extra-Range Side-Lying Hip Raise,,3,Straight Set,10,,,,,,,,,,,
Advanced Program,Bret Contreras,A program for advanced lifters using heavier loading and advanced training schemes.,12 weeks,Advanced,Access to a commercial gym,4,Weeks 9-12,Incorporates advanced techniques and heavy loading.,3,Week 9-12,,11,Workout Day 3,Day 3,,,Triple-Banded Hip Thrust,,3,Straight Set,8,,,,,,,,,,,
Advanced Program,Bret Contreras,A program for advanced lifters using heavier loading and advanced training schemes.,12 weeks,Advanced,Access to a commercial gym,4,Weeks 9-12,Incorporates advanced techniques and heavy loading.,3,Week 9-12,,11,Workout Day 3,Day 3,,,Pause Bench Press,,3,Straight Set,6,,,,,,,,,,,
Advanced Program,Bret Contreras,A program for advanced lifters using heavier loading and advanced training schemes.,12 weeks,Advanced,Access to a commercial gym,4,Weeks 9-12,Incorporates advanced techniques and heavy loading.,3,Week 9-12,,11,Workout Day 3,Day 3,,,Nordic Ham Curl,,3,Straight Set,6,,,,,,,,,,,
Advanced Program,Bret Contreras,A program for advanced lifters using heavier loading and advanced training schemes.,12 weeks,Advanced,Access to a commercial gym,4,Weeks 9-12,Incorporates advanced techniques and heavy loading.,3,Week 9-12,,11,Workout Day 3,Day 3,,,Feet-Elevated Inverted Row,,3,Straight Set,AMRAP,,,,,,,,,,,
Advanced Program,Bret Contreras,A program for advanced lifters using heavier loading and advanced training schemes.,12 weeks,Advanced,Access to a commercial gym,4,Weeks 9-12,Incorporates advanced techniques and heavy loading.,3,Week 9-12,,11,Workout Day 3,Day 3,,,Lateral Raise,,3,Straight Set,10,,,,,,,,,,,
Advanced Program,Bret Contreras,A program for advanced lifters using heavier loading and advanced training schemes.,12 weeks,Advanced,Access to a commercial gym,4,Weeks 9-12,Incorporates advanced techniques and heavy loading.,3,Week 9-12,,11,Workout Day 3,Day 3,,A1,Cable Kickback,,3,Superset,12,,,,,,,,,,,
Advanced Program,Bret Contreras,A program for advanced lifters using heavier loading and advanced training schemes.,12 weeks,Advanced,Access to a commercial gym,4,Weeks 9-12,Incorporates advanced techniques and heavy loading.,3,Week 9-12,,11,Workout Day 3,Day 3,,A2,Hip Abduction,,3,Superset,12,,,,,,,,,,,
Advanced Program,Bret Contreras,A program for advanced lifters using heavier loading and advanced training schemes.,12 weeks,Advanced,Access to a commercial gym,4,Weeks 9-12,Incorporates advanced techniques and heavy loading.,3,Week 9-12,,11,Workout Day 4,Day 4,,,Barbell Hip Thrust,,5,Straight Set,5,,,,,,,,,,,
Advanced Program,Bret Contreras,A program for advanced lifters using heavier loading and advanced training schemes.,12 weeks,Advanced,Access to a commercial gym,4,Weeks 9-12,Incorporates advanced techniques and heavy loading.,3,Week 9-12,,11,Workout Day 4,Day 4,,,Arnold Press,,3,Straight Set,10,,,,,,,,,,,
Advanced Program,Bret Contreras,A program for advanced lifters using heavier loading and advanced training schemes.,12 weeks,Advanced,Access to a commercial gym,4,Weeks 9-12,Incorporates advanced techniques and heavy loading.,3,Week 9-12,,11,Workout Day 4,Day 4,,,Back Squat,,3,Straight Set,10,,,,,,,,,,,
Advanced Program,Bret Contreras,A program for advanced lifters using heavier loading and advanced training schemes.,12 weeks,Advanced,Access to a commercial gym,4,Weeks 9-12,Incorporates advanced techniques and heavy loading.,3,Week 9-12,,11,Workout Day 4,Day 4,,,T-Bar Row,,3,Straight Set,10,,,,,,,,,,,
Advanced Program,Bret Contreras,A program for advanced lifters using heavier loading and advanced training schemes.,12 weeks,Advanced,Access to a commercial gym,4,Weeks 9-12,Incorporates advanced techniques and heavy loading.,3,Week 9-12,,11,Workout Day 4,Day 4,,,Dumbbell Glute-Dominant Back Extension,,3,Straight Set,12,,,,,,,,,,,
Advanced Program,Bret Contreras,A program for advanced lifters using heavier loading and advanced training schemes.,12 weeks,Advanced,Access to a commercial gym,4,Weeks 9-12,Incorporates advanced techniques and heavy loading.,3,Week 9-12,,11,Workout Day 4,Day 4,,A1,Knee-Banded Glute Bridges,,3 mins,Burnout,nonstop,,,,,,,,,,,
Advanced Program,Bret Contreras,A program for advanced lifters using heavier loading and advanced training schemes.,12 weeks,Advanced,Access to a commercial gym,4,Weeks 9-12,Incorporates advanced techniques and heavy loading.,3,Week 9-12,,11,Workout Day 4,Day 4,,A2,Knee-Banded Abductions,,3 mins,Burnout,nonstop,,,,,,,,,,,
Advanced Program,Bret Contreras,A program for advanced lifters using heavier loading and advanced training schemes.,12 weeks,Advanced,Access to a commercial gym,4,Weeks 9-12,Incorporates advanced techniques and heavy loading.,3,Week 9-12,,12,Workout Day 1,Day 1,,,Banded Hip Thrust,,3,Straight Set,20,,,,,,,,,,,
Advanced Program,Bret Contreras,A program for advanced lifters using heavier loading and advanced training schemes.,12 weeks,Advanced,Access to a commercial gym,4,Weeks 9-12,Incorporates advanced techniques and heavy loading.,3,Week 9-12,,12,Workout Day 1,Day 1,,,Bench Press,,3,Straight Set,3,,,,,,,,,,,
Advanced Program,Bret Contreras,A program for advanced lifters using heavier loading and advanced training schemes.,12 weeks,Advanced,Access to a commercial gym,4,Weeks 9-12,Incorporates advanced techniques and heavy loading.,3,Week 9-12,,12,Workout Day 1,Day 1,,,Stiff-Leg Deadlift,,3,Straight Set,8,,,,,,,,,,,
Advanced Program,Bret Contreras,A program for advanced lifters using heavier loading and advanced training schemes.,12 weeks,Advanced,Access to a commercial gym,4,Weeks 9-12,Incorporates advanced techniques and heavy loading.,3,Week 9-12,,12,Workout Day 1,Day 1,,,Weighted-Eccentric Chin-up,,3,Eccentric,3,,,,,,,,,,,
Advanced Program,Bret Contreras,A program for advanced lifters using heavier loading and advanced training schemes.,12 weeks,Advanced,Access to a commercial gym,4,Weeks 9-12,Incorporates advanced techniques and heavy loading.,3,Week 9-12,,12,Workout Day 1,Day 1,,,Dumbbell Between-Bench Squat,,3,Straight Set,20,,,,,,,,,,,
Advanced Program,Bret Contreras,A program for advanced lifters using heavier loading and advanced training schemes.,12 weeks,Advanced,Access to a commercial gym,4,Weeks 9-12,Incorporates advanced techniques and heavy loading.,3,Week 9-12,,12,Workout Day 1,Day 1,,,Banded Standing Hip External Rotation,,2,Straight Set,12,,,,,,,,,,,
Advanced Program,Bret Contreras,A program for advanced lifters using heavier loading and advanced training schemes.,12 weeks,Advanced,Access to a commercial gym,4,Weeks 9-12,Incorporates advanced techniques and heavy loading.,3,Week 9-12,,12,Workout Day 2,Day 2,,,Double-Banded Hip Thrust,,3,Straight Set,10,,,,,,,,,,,
Advanced Program,Bret Contreras,A program for advanced lifters using heavier loading and advanced training schemes.,12 weeks,Advanced,Access to a commercial gym,4,Weeks 9-12,Incorporates advanced techniques and heavy loading.,3,Week 9-12,,12,Workout Day 2,Day 2,,,Feet-Elevated Push-up,,3,Straight Set,AMRAP,,,,,,,,,,,
Advanced Program,Bret Contreras,A program for advanced lifters using heavier loading and advanced training schemes.,12 weeks,Advanced,Access to a commercial gym,4,Weeks 9-12,Incorporates advanced techniques and heavy loading.,3,Week 9-12,,12,Workout Day 2,Day 2,,,Pistol Squat,,3,Straight Set,AMRAP,,,,,,,,,,,
Advanced Program,Bret Contreras,A program for advanced lifters using heavier loading and advanced training schemes.,12 weeks,Advanced,Access to a commercial gym,4,Weeks 9-12,Incorporates advanced techniques and heavy loading.,3,Week 9-12,,12,Workout Day 2,Day 2,,,Eccentric-Accentuated Chin-up,,3,Eccentric,3,,,,,,,,,,,
Advanced Program,Bret Contreras,A program for advanced lifters using heavier loading and advanced training schemes.,12 weeks,Advanced,Access to a commercial gym,4,Weeks 9-12,Incorporates advanced techniques and heavy loading.,3,Week 9-12,,12,Workout Day 2,Day 2,,,Prisoner Single-Leg 45-Degree Hyper,,3,Straight Set,10,,,,,,,,,,,
Advanced Program,Bret Contreras,A program for advanced lifters using heavier loading and advanced training schemes.,12 weeks,Advanced,Access to a commercial gym,4,Weeks 9-12,Incorporates advanced techniques and heavy loading.,3,Week 9-12,,12,Workout Day 2,Day 2,,,Extra-Range Side-Lying Hip Raise,,3,Straight Set,10,,,,,,,,,,,
Advanced Program,Bret Contreras,A program for advanced lifters using heavier loading and advanced training schemes.,12 weeks,Advanced,Access to a commercial gym,4,Weeks 9-12,Incorporates advanced techniques and heavy loading.,3,Week 9-12,,12,Workout Day 3,Day 3,,,Triple-Banded Hip Thrust,,3,Straight Set,8,,,,,,,,,,,
Advanced Program,Bret Contreras,A program for advanced lifters using heavier loading and advanced training schemes.,12 weeks,Advanced,Access to a commercial gym,4,Weeks 9-12,Incorporates advanced techniques and heavy loading.,3,Week 9-12,,12,Workout Day 3,Day 3,,,Pause Bench Press,,3,Straight Set,6,,,,,,,,,,,
Advanced Program,Bret Contreras,A program for advanced lifters using heavier loading and advanced training schemes.,12 weeks,Advanced,Access to a commercial gym,4,Weeks 9-12,Incorporates advanced techniques and heavy loading.,3,Week 9-12,,12,Workout Day 3,Day 3,,,Nordic Ham Curl,,3,Straight Set,6,,,,,,,,,,,
Advanced Program,Bret Contreras,A program for advanced lifters using heavier loading and advanced training schemes.,12 weeks,Advanced,Access to a commercial gym,4,Weeks 9-12,Incorporates advanced techniques and heavy loading.,3,Week 9-12,,12,Workout Day 3,Day 3,,,Feet-Elevated Inverted Row,,3,Straight Set,AMRAP,,,,,,,,,,,
Advanced Program,Bret Contreras,A program for advanced lifters using heavier loading and advanced training schemes.,12 weeks,Advanced,Access to a commercial gym,4,Weeks 9-12,Incorporates advanced techniques and heavy loading.,3,Week 9-12,,12,Workout Day 3,Day 3,,,Lateral Raise,,3,Straight Set,10,,,,,,,,,,,
Advanced Program,Bret Contreras,A program for advanced lifters using heavier loading and advanced training schemes.,12 weeks,Advanced,Access to a commercial gym,4,Weeks 9-12,Incorporates advanced techniques and heavy loading.,3,Week 9-12,,12,Workout Day 3,Day 3,,A1,Cable Kickback,,3,Superset,12,,,,,,,,,,,
Advanced Program,Bret Contreras,A program for advanced lifters using heavier loading and advanced training schemes.,12 weeks,Advanced,Access to a commercial gym,4,Weeks 9-12,Incorporates advanced techniques and heavy loading.,3,Week 9-12,,12,Workout Day 3,Day 3,,A2,Hip Abduction,,3,Superset,12,,,,,,,,,,,
Advanced Program,Bret Contreras,A program for advanced lifters using heavier loading and advanced training schemes.,12 weeks,Advanced,Access to a commercial gym,4,Weeks 9-12,Incorporates advanced techniques and heavy loading.,3,Week 9-12,,12,Workout Day 4,Day 4,,,Barbell Hip Thrust,,5,Straight Set,5,,,,,,,,,,,
Advanced Program,Bret Contreras,A program for advanced lifters using heavier loading and advanced training schemes.,12 weeks,Advanced,Access to a commercial gym,4,Weeks 9-12,Incorporates advanced techniques and heavy loading.,3,Week 9-12,,12,Workout Day 4,Day 4,,,Arnold Press,,3,Straight Set,10,,,,,,,,,,,
Advanced Program,Bret Contreras,A program for advanced lifters using heavier loading and advanced training schemes.,12 weeks,Advanced,Access to a commercial gym,4,Weeks 9-12,Incorporates advanced techniques and heavy loading.,3,Week 9-12,,12,Workout Day 4,Day 4,,,Back Squat,,3,Straight Set,10,,,,,,,,,,,
Advanced Program,Bret Contreras,A program for advanced lifters using heavier loading and advanced training schemes.,12 weeks,Advanced,Access to a commercial gym,4,Weeks 9-12,Incorporates advanced techniques and heavy loading.,3,Week 9-12,,12,Workout Day 4,Day 4,,,T-Bar Row,,3,Straight Set,10,,,,,,,,,,,
Advanced Program,Bret Contreras,A program for advanced lifters using heavier loading and advanced training schemes.,12 weeks,Advanced,Access to a commercial gym,4,Weeks 9-12,Incorporates advanced techniques and heavy loading.,3,Week 9-12,,12,Workout Day 4,Day 4,,,Dumbbell Glute-Dominant Back Extension,,3,Straight Set,12,,,,,,,,,,,
Advanced Program,Bret Contreras,A program for advanced lifters using heavier loading and advanced training schemes.,12 weeks,Advanced,Access to a commercial gym,4,Weeks 9-12,Incorporates advanced techniques and heavy loading.,3,Week 9-12,,12,Workout Day 4,Day 4,,A1,Knee-Banded Glute Bridges,,3 mins,Burnout,nonstop,,,,,,,,,,,
Advanced Program,Bret Contreras,A program for advanced lifters using heavier loading and advanced training schemes.,12 weeks,Advanced,Access to a commercial gym,4,Weeks 9-12,Incorporates advanced techniques and heavy loading.,3,Week 9-12,,12,Workout Day 4,Day 4,,A2,Knee-Banded Abductions,,3 mins,Burnout,nonstop,,,,,,,,,,,
