Program Name,Program Arthur,Program Description,Program Length,Program Level,Program Equipment,Days Per Week,Mesocycle Name,Mesocycle Description,Mesocycle Order,Microcycle Name,Microcycle Description,Microcycle Order,Workout Name,Workout Day,Workout Notes,Exercise Name,Sets,Set Type,Target Repetitions,Target Min Repetitions,Target Max Repetitions,Target Weight (lbs),Target Weight (kg),Weight Increment (lbs),Weight Increment (kg),Target RPE,Target RIR,Percentage of 1RM,Progression Scheme ID,Advanced Exercise Sets
Strong & Sculpted,Brad Schoenfeld,A strength and hypertrophy program by Brad Schoenfeld.,4 weeks,Intermediate/Advanced,,,Break-In Phase,,1,Week 1-2,,1,"Break-In Phase - Week 1-2 - Monday, Wednesday, Friday","Monday, Wednesday, Friday",,Dumbbell chest press,4,,10-15,10,15,,,,,,4,,,
Strong & Sculpted,Brad Schoenfeld,A strength and hypertrophy program by Brad Schoenfeld.,4 weeks,Intermediate/Advanced,,,Break-In Phase,,1,Week 1-2,,1,"Break-In Phase - Week 1-2 - Monday, Wednesday, Friday","Monday, Wednesday, Friday",,Dumbbell single-arm row,4,,10-15,10,15,,,,,,4,,,
Strong & Sculpted,Brad Schoenfeld,A strength and hypertrophy program by Brad Schoenfeld.,4 weeks,Intermediate/Advanced,,,Break-In Phase,,1,Week 1-2,,1,"Break-In Phase - Week 1-2 - Monday, Wednesday, Friday","Monday, Wednesday, Friday",,Military press,4,,10-15,10,15,,,,,,4,,,
Strong & Sculpted,Brad Schoenfeld,A strength and hypertrophy program by Brad Schoenfeld.,4 weeks,Intermediate/Advanced,,,Break-In Phase,,1,Week 1-2,,1,"Break-In Phase - Week 1-2 - Monday, Wednesday, Friday","Monday, Wednesday, Friday",,Barbell back squat,4,,10-15,10,15,,,,,,4,,,
Strong & Sculpted,Brad Schoenfeld,A strength and hypertrophy program by Brad Schoenfeld.,4 weeks,Intermediate/Advanced,,,Break-In Phase,,1,Week 1-2,,1,"Break-In Phase - Week 1-2 - Monday, Wednesday, Friday","Monday, Wednesday, Friday",,Dumbbell lunge,4,,10-15,10,15,,,,,,4,,,
Strong & Sculpted,Brad Schoenfeld,A strength and hypertrophy program by Brad Schoenfeld.,4 weeks,Intermediate/Advanced,,,Break-In Phase,,1,Week 1-2,,1,"Break-In Phase - Week 1-2 - Monday, Wednesday, Friday","Monday, Wednesday, Friday",,Dumbbell stiff-leg deadlift,4,,10-15,10,15,,,,,,4,,,
Strong & Sculpted,Brad Schoenfeld,A strength and hypertrophy program by Brad Schoenfeld.,4 weeks,Intermediate/Advanced,,,Break-In Phase,,1,Week 3-4,,3,"Break-In Phase - Week 3-4 - Monday, Wednesday, Friday","Monday, Wednesday, Friday",,Dumbbell chest press,4,,10-15,10,15,,,,,,"3, 2",,,
Strong & Sculpted,Brad Schoenfeld,A strength and hypertrophy program by Brad Schoenfeld.,4 weeks,Intermediate/Advanced,,,Break-In Phase,,1,Week 3-4,,3,"Break-In Phase - Week 3-4 - Monday, Wednesday, Friday","Monday, Wednesday, Friday",,Dumbbell single-arm row,4,,10-15,10,15,,,,,,"3, 2",,,
Strong & Sculpted,Brad Schoenfeld,A strength and hypertrophy program by Brad Schoenfeld.,4 weeks,Intermediate/Advanced,,,Break-In Phase,,1,Week 3-4,,3,"Break-In Phase - Week 3-4 - Monday, Wednesday, Friday","Monday, Wednesday, Friday",,Military press,4,,10-15,10,15,,,,,,"3, 2",,,
Strong & Sculpted,Brad Schoenfeld,A strength and hypertrophy program by Brad Schoenfeld.,4 weeks,Intermediate/Advanced,,,Break-In Phase,,1,Week 3-4,,3,"Break-In Phase - Week 3-4 - Monday, Wednesday, Friday","Monday, Wednesday, Friday",,Barbell back squat,4,,10-15,10,15,,,,,,"3, 2",,,
Strong & Sculpted,Brad Schoenfeld,A strength and hypertrophy program by Brad Schoenfeld.,4 weeks,Intermediate/Advanced,,,Break-In Phase,,1,Week 3-4,,3,"Break-In Phase - Week 3-4 - Monday, Wednesday, Friday","Monday, Wednesday, Friday",,Dumbbell lunge,4,,10-15,10,15,,,,,,"3, 2",,,
Strong & Sculpted,Brad Schoenfeld,A strength and hypertrophy program by Brad Schoenfeld.,4 weeks,Intermediate/Advanced,,,Break-In Phase,,1,Week 3-4,,3,"Break-In Phase - Week 3-4 - Monday, Wednesday, Friday","Monday, Wednesday, Friday",,Dumbbell stiff-leg deadlift,4,,10-15,10,15,,,,,,"3, 2",,,
Strong & Sculpted,Brad Schoenfeld,A strength and hypertrophy program by Brad Schoenfeld.,4 weeks,Intermediate/Advanced,,,Break-In Phase,,1,Week 5-7,,5,"Break-In Phase - Week 5-7 - Monday, Wednesday, Friday","Monday, Wednesday, Friday",,Dumbbell chest press,4,,10-15,10,15,,,,,,"3, 2, 1, 0",,,
Strong & Sculpted,Brad Schoenfeld,A strength and hypertrophy program by Brad Schoenfeld.,4 weeks,Intermediate/Advanced,,,Break-In Phase,,1,Week 5-7,,5,"Break-In Phase - Week 5-7 - Monday, Wednesday, Friday","Monday, Wednesday, Friday",,Dumbbell single-arm row,4,,10-15,10,15,,,,,,"3, 2, 1, 0",,,
Strong & Sculpted,Brad Schoenfeld,A strength and hypertrophy program by Brad Schoenfeld.,4 weeks,Intermediate/Advanced,,,Break-In Phase,,1,Week 5-7,,5,"Break-In Phase - Week 5-7 - Monday, Wednesday, Friday","Monday, Wednesday, Friday",,Military press,4,,10-15,10,15,,,,,,"3, 2, 1, 0",,,
Strong & Sculpted,Brad Schoenfeld,A strength and hypertrophy program by Brad Schoenfeld.,4 weeks,Intermediate/Advanced,,,Break-In Phase,,1,Week 5-7,,5,"Break-In Phase - Week 5-7 - Monday, Wednesday, Friday","Monday, Wednesday, Friday",,Barbell back squat,4,,10-15,10,15,,,,,,"3, 2, 1, 0",,,
Strong & Sculpted,Brad Schoenfeld,A strength and hypertrophy program by Brad Schoenfeld.,4 weeks,Intermediate/Advanced,,,Break-In Phase,,1,Week 5-7,,5,"Break-In Phase - Week 5-7 - Monday, Wednesday, Friday","Monday, Wednesday, Friday",,Dumbbell lunge,4,,10-15,10,15,,,,,,"3, 2, 1, 0",,,
Strong & Sculpted,Brad Schoenfeld,A strength and hypertrophy program by Brad Schoenfeld.,4 weeks,Intermediate/Advanced,,,Break-In Phase,,1,Week 5-7,,5,"Break-In Phase - Week 5-7 - Monday, Wednesday, Friday","Monday, Wednesday, Friday",,Dumbbell stiff-leg deadlift,4,,10-15,10,15,,,,,,"3, 2, 1, 0",,,
Strong & Sculpted,Brad Schoenfeld,A strength and hypertrophy program by Brad Schoenfeld.,4 weeks,Intermediate/Advanced,,,Break-In Phase,,1,Week 8,,8,"Break-In Phase - Week 8 - Monday, Thursday","Monday, Thursday",,Dumbbell chest press,2,,15-20,15,20,,,,,,4,,,
Strong & Sculpted,Brad Schoenfeld,A strength and hypertrophy program by Brad Schoenfeld.,4 weeks,Intermediate/Advanced,,,Break-In Phase,,1,Week 8,,8,"Break-In Phase - Week 8 - Monday, Thursday","Monday, Thursday",,Dumbbell single-arm row,2,,15-20,15,20,,,,,,4,,,
Strong & Sculpted,Brad Schoenfeld,A strength and hypertrophy program by Brad Schoenfeld.,4 weeks,Intermediate/Advanced,,,Break-In Phase,,1,Week 8,,8,"Break-In Phase - Week 8 - Monday, Thursday","Monday, Thursday",,Military press,2,,15-20,15,20,,,,,,4,,,
Strong & Sculpted,Brad Schoenfeld,A strength and hypertrophy program by Brad Schoenfeld.,4 weeks,Intermediate/Advanced,,,Break-In Phase,,1,Week 8,,8,"Break-In Phase - Week 8 - Monday, Thursday","Monday, Thursday",,Barbell back squat,2,,15-20,15,20,,,,,,4,,,
Strong & Sculpted,Brad Schoenfeld,A strength and hypertrophy program by Brad Schoenfeld.,4 weeks,Intermediate/Advanced,,,Break-In Phase,,1,Week 8,,8,"Break-In Phase - Week 8 - Monday, Thursday","Monday, Thursday",,Dumbbell lunge,2,,15-20,15,20,,,,,,4,,,
Strong & Sculpted,Brad Schoenfeld,A strength and hypertrophy program by Brad Schoenfeld.,4 weeks,Intermediate/Advanced,,,Break-In Phase,,1,Week 8,,8,"Break-In Phase - Week 8 - Monday, Thursday","Monday, Thursday",,Dumbbell stiff-leg deadlift,2,,15-20,15,20,,,,,,4,,,
Strong & Sculpted,Brad Schoenfeld,A strength and hypertrophy program by Brad Schoenfeld.,4 weeks,Intermediate/Advanced,,,Basic Training Phase,,,Week 1,,1,Basic Training Phase - Week 1 - Monday (heavy),Monday (heavy),,Dumbbell chest press,4 or 5,,3-5,3,5,,,,,,"2, 1, 0",,,
Strong & Sculpted,Brad Schoenfeld,A strength and hypertrophy program by Brad Schoenfeld.,4 weeks,Intermediate/Advanced,,,Basic Training Phase,,,Week 1,,1,Basic Training Phase - Week 1 - Monday (heavy),Monday (heavy),,Dumbbell single-arm row,4 or 5,,3-5,3,5,,,,,,"2, 1, 0",,,
Strong & Sculpted,Brad Schoenfeld,A strength and hypertrophy program by Brad Schoenfeld.,4 weeks,Intermediate/Advanced,,,Basic Training Phase,,,Week 1,,1,Basic Training Phase - Week 1 - Monday (heavy),Monday (heavy),,Military press,4 or 5,,3-5,3,5,,,,,,"2, 1, 0",,,
Strong & Sculpted,Brad Schoenfeld,A strength and hypertrophy program by Brad Schoenfeld.,4 weeks,Intermediate/Advanced,,,Basic Training Phase,,,Week 1,,1,Basic Training Phase - Week 1 - Monday (heavy),Monday (heavy),,Barbell back squat,4 or 5,,3-5,3,5,,,,,,"2, 1, 0",,,
Strong & Sculpted,Brad Schoenfeld,A strength and hypertrophy program by Brad Schoenfeld.,4 weeks,Intermediate/Advanced,,,Basic Training Phase,,,Week 1,,1,Basic Training Phase - Week 1 - Monday (heavy),Monday (heavy),,Barbell hip thrust,4 or 5,,3-5,3,5,,,,,,"2, 1, 0",,,
Strong & Sculpted,Brad Schoenfeld,A strength and hypertrophy program by Brad Schoenfeld.,4 weeks,Intermediate/Advanced,,,Basic Training Phase,,,Week 1,,1,Basic Training Phase - Week 1 - Monday (heavy),Monday (heavy),,Barbell stiff-leg deadlift,4 or 5,,3-5,3,5,,,,,,"2, 1, 0",,,
Strong & Sculpted,Brad Schoenfeld,A strength and hypertrophy program by Brad Schoenfeld.,4 weeks,Intermediate/Advanced,,,Basic Training Phase,,,Week 1,,1,Basic Training Phase - Week 1 - Wednesday (moderate),Wednesday (moderate),,Barbell incline press,3 or 4,,8-12,8,12,,,,,,"2, 1, 0",,,
Strong & Sculpted,Brad Schoenfeld,A strength and hypertrophy program by Brad Schoenfeld.,4 weeks,Intermediate/Advanced,,,Basic Training Phase,,,Week 1,,1,Basic Training Phase - Week 1 - Wednesday (moderate),Wednesday (moderate),,Neutral-grip lat pull-down,3 or 4,,8-12,8,12,,,,,,"2, 1, 0",,,
Strong & Sculpted,Brad Schoenfeld,A strength and hypertrophy program by Brad Schoenfeld.,4 weeks,Intermediate/Advanced,,,Basic Training Phase,,,Week 1,,1,Basic Training Phase - Week 1 - Wednesday (moderate),Wednesday (moderate),,Cable upright row,3 or 4,,8-12,8,12,,,,,,"2, 1, 0",,,
Strong & Sculpted,Brad Schoenfeld,A strength and hypertrophy program by Brad Schoenfeld.,4 weeks,Intermediate/Advanced,,,Basic Training Phase,,,Week 1,,1,Basic Training Phase - Week 1 - Wednesday (moderate),Wednesday (moderate),,Dumbbell incline biceps curl,2 or 3,,8-12,8,12,,,,,,"2, 1, 0",,,
Strong & Sculpted,Brad Schoenfeld,A strength and hypertrophy program by Brad Schoenfeld.,4 weeks,Intermediate/Advanced,,,Basic Training Phase,,,Week 1,,1,Basic Training Phase - Week 1 - Wednesday (moderate),Wednesday (moderate),,Cable rope overhead triceps extension,2 or 3,,8-12,8,12,,,,,,"2, 1, 0",,,
Strong & Sculpted,Brad Schoenfeld,A strength and hypertrophy program by Brad Schoenfeld.,4 weeks,Intermediate/Advanced,,,Basic Training Phase,,,Week 1,,1,Basic Training Phase - Week 1 - Wednesday (moderate),Wednesday (moderate),,Leg press,3 or 4,,8-12,8,12,,,,,,"2, 1, 0",,,
Strong & Sculpted,Brad Schoenfeld,A strength and hypertrophy program by Brad Schoenfeld.,4 weeks,Intermediate/Advanced,,,Basic Training Phase,,,Week 1,,1,Basic Training Phase - Week 1 - Wednesday (moderate),Wednesday (moderate),,Machine seated leg curl,3 or 4,,8-12,8,12,,,,,,"2, 1, 0",,,
Strong & Sculpted,Brad Schoenfeld,A strength and hypertrophy program by Brad Schoenfeld.,4 weeks,Intermediate/Advanced,,,Basic Training Phase,,,Week 1,,1,Basic Training Phase - Week 1 - Wednesday (moderate),Wednesday (moderate),,Dumbbell standing calf raise,2 or 3,,8-12,8,12,,,,,,"2, 1, 0",,,
Strong & Sculpted,Brad Schoenfeld,A strength and hypertrophy program by Brad Schoenfeld.,4 weeks,Intermediate/Advanced,,,Basic Training Phase,,,Week 1,,1,Basic Training Phase - Week 1 - Wednesday (moderate),Wednesday (moderate),,Cable kneeling rope crunch,2 or 3,,8-12,8,12,,,,,,"2, 1, 0",,,
Strong & Sculpted,Brad Schoenfeld,A strength and hypertrophy program by Brad Schoenfeld.,4 weeks,Intermediate/Advanced,,,Basic Training Phase,,,Week 1,,1,Basic Training Phase - Week 1 - Friday (light),Friday (light),,Low cable fly,2 or 3,,15-25,15,25,,,,,,"2, 1, 0",,,
Strong & Sculpted,Brad Schoenfeld,A strength and hypertrophy program by Brad Schoenfeld.,4 weeks,Intermediate/Advanced,,,Basic Training Phase,,,Week 1,,1,Basic Training Phase - Week 1 - Friday (light),Friday (light),,Cable seated row,2 or 3,,15-25,15,25,,,,,,"2, 1, 0",,,
Strong & Sculpted,Brad Schoenfeld,A strength and hypertrophy program by Brad Schoenfeld.,4 weeks,Intermediate/Advanced,,,Basic Training Phase,,,Week 1,,1,Basic Training Phase - Week 1 - Friday (light),Friday (light),,Machine lateral raise,2 or 3,,15-25,15,25,,,,,,"2, 1, 0",,,
Strong & Sculpted,Brad Schoenfeld,A strength and hypertrophy program by Brad Schoenfeld.,4 weeks,Intermediate/Advanced,,,Basic Training Phase,,,Week 1,,1,Basic Training Phase - Week 1 - Friday (light),Friday (light),,Dumbbell hammer curl,2 or 3,,15-25,15,25,,,,,,"2, 1, 0",,,
Strong & Sculpted,Brad Schoenfeld,A strength and hypertrophy program by Brad Schoenfeld.,4 weeks,Intermediate/Advanced,,,Basic Training Phase,,,Week 1,,1,Basic Training Phase - Week 1 - Friday (light),Friday (light),,Cable triceps kickback,2 or 3,,15-25,15,25,,,,,,"2, 1, 0",,,
Strong & Sculpted,Brad Schoenfeld,A strength and hypertrophy program by Brad Schoenfeld.,4 weeks,Intermediate/Advanced,,,Basic Training Phase,,,Week 1,,1,Basic Training Phase - Week 1 - Friday (light),Friday (light),,Leg extension,2 or 3,,15-25,15,25,,,,,,"2, 1, 0",,,
Strong & Sculpted,Brad Schoenfeld,A strength and hypertrophy program by Brad Schoenfeld.,4 weeks,Intermediate/Advanced,,,Basic Training Phase,,,Week 1,,1,Basic Training Phase - Week 1 - Friday (light),Friday (light),,Cable glute back kick,2 or 3,,15-25,15,25,,,,,,"2, 1, 0",,,
Strong & Sculpted,Brad Schoenfeld,A strength and hypertrophy program by Brad Schoenfeld.,4 weeks,Intermediate/Advanced,,,Basic Training Phase,,,Week 1,,1,Basic Training Phase - Week 1 - Friday (light),Friday (light),,Machine seated calf raise,2 or 3,,15-25,15,25,,,,,,"2, 1, 0",,,
Strong & Sculpted,Brad Schoenfeld,A strength and hypertrophy program by Brad Schoenfeld.,4 weeks,Intermediate/Advanced,,,Basic Training Phase,,,Week 1,,1,Basic Training Phase - Week 1 - Friday (light),Friday (light),,Reverse crunch,2 or 3,,15-25,15,25,,,,,,"2, 1, 0",,,
Strong & Sculpted,Brad Schoenfeld,A strength and hypertrophy program by Brad Schoenfeld.,4 weeks,Intermediate/Advanced,,,Basic Training Phase,,,Week 2,,2,Basic Training Phase - Week 2 - Monday (heavy),Monday (heavy),,Dumbbell chest press,4 or 5,,3-5,3,5,,,,,,"2, 1, 0",,,
Strong & Sculpted,Brad Schoenfeld,A strength and hypertrophy program by Brad Schoenfeld.,4 weeks,Intermediate/Advanced,,,Basic Training Phase,,,Week 2,,2,Basic Training Phase - Week 2 - Monday (heavy),Monday (heavy),,Dumbbell single-arm row,4 or 5,,3-5,3,5,,,,,,"2, 1, 0",,,
Strong & Sculpted,Brad Schoenfeld,A strength and hypertrophy program by Brad Schoenfeld.,4 weeks,Intermediate/Advanced,,,Basic Training Phase,,,Week 2,,2,Basic Training Phase - Week 2 - Monday (heavy),Monday (heavy),,Military press,4 or 5,,3-5,3,5,,,,,,"2, 1, 0",,,
Strong & Sculpted,Brad Schoenfeld,A strength and hypertrophy program by Brad Schoenfeld.,4 weeks,Intermediate/Advanced,,,Basic Training Phase,,,Week 2,,2,Basic Training Phase - Week 2 - Monday (heavy),Monday (heavy),,Barbell back squat,4 or 5,,3-5,3,5,,,,,,"2, 1, 0",,,
Strong & Sculpted,Brad Schoenfeld,A strength and hypertrophy program by Brad Schoenfeld.,4 weeks,Intermediate/Advanced,,,Basic Training Phase,,,Week 2,,2,Basic Training Phase - Week 2 - Monday (heavy),Monday (heavy),,Barbell hip thrust,4 or 5,,3-5,3,5,,,,,,"2, 1, 0",,,
Strong & Sculpted,Brad Schoenfeld,A strength and hypertrophy program by Brad Schoenfeld.,4 weeks,Intermediate/Advanced,,,Basic Training Phase,,,Week 2,,2,Basic Training Phase - Week 2 - Monday (heavy),Monday (heavy),,Barbell stiff-leg deadlift,4 or 5,,3-5,3,5,,,,,,"2, 1, 0",,,
Strong & Sculpted,Brad Schoenfeld,A strength and hypertrophy program by Brad Schoenfeld.,4 weeks,Intermediate/Advanced,,,Basic Training Phase,,,Week 2,,2,Basic Training Phase - Week 2 - Wednesday (moderate),Wednesday (moderate),,Barbell incline press,3 or 4,,8-12,8,12,,,,,,"2, 1, 0",,,
Strong & Sculpted,Brad Schoenfeld,A strength and hypertrophy program by Brad Schoenfeld.,4 weeks,Intermediate/Advanced,,,Basic Training Phase,,,Week 2,,2,Basic Training Phase - Week 2 - Wednesday (moderate),Wednesday (moderate),,Neutral-grip lat pull-down,3 or 4,,8-12,8,12,,,,,,"2, 1, 0",,,
Strong & Sculpted,Brad Schoenfeld,A strength and hypertrophy program by Brad Schoenfeld.,4 weeks,Intermediate/Advanced,,,Basic Training Phase,,,Week 2,,2,Basic Training Phase - Week 2 - Wednesday (moderate),Wednesday (moderate),,Cable upright row,3 or 4,,8-12,8,12,,,,,,"2, 1, 0",,,
Strong & Sculpted,Brad Schoenfeld,A strength and hypertrophy program by Brad Schoenfeld.,4 weeks,Intermediate/Advanced,,,Basic Training Phase,,,Week 2,,2,Basic Training Phase - Week 2 - Wednesday (moderate),Wednesday (moderate),,Dumbbell incline biceps curl,2 or 3,,8-12,8,12,,,,,,"2, 1, 0",,,
Strong & Sculpted,Brad Schoenfeld,A strength and hypertrophy program by Brad Schoenfeld.,4 weeks,Intermediate/Advanced,,,Basic Training Phase,,,Week 2,,2,Basic Training Phase - Week 2 - Wednesday (moderate),Wednesday (moderate),,Cable rope overhead triceps extension,2 or 3,,8-12,8,12,,,,,,"2, 1, 0",,,
Strong & Sculpted,Brad Schoenfeld,A strength and hypertrophy program by Brad Schoenfeld.,4 weeks,Intermediate/Advanced,,,Basic Training Phase,,,Week 2,,2,Basic Training Phase - Week 2 - Wednesday (moderate),Wednesday (moderate),,Leg press,3 or 4,,8-12,8,12,,,,,,"2, 1, 0",,,
Strong & Sculpted,Brad Schoenfeld,A strength and hypertrophy program by Brad Schoenfeld.,4 weeks,Intermediate/Advanced,,,Basic Training Phase,,,Week 2,,2,Basic Training Phase - Week 2 - Wednesday (moderate),Wednesday (moderate),,Machine seated leg curl,3 or 4,,8-12,8,12,,,,,,"2, 1, 0",,,
Strong & Sculpted,Brad Schoenfeld,A strength and hypertrophy program by Brad Schoenfeld.,4 weeks,Intermediate/Advanced,,,Basic Training Phase,,,Week 2,,2,Basic Training Phase - Week 2 - Wednesday (moderate),Wednesday (moderate),,Dumbbell standing calf raise,2 or 3,,8-12,8,12,,,,,,"2, 1, 0",,,
Strong & Sculpted,Brad Schoenfeld,A strength and hypertrophy program by Brad Schoenfeld.,4 weeks,Intermediate/Advanced,,,Basic Training Phase,,,Week 2,,2,Basic Training Phase - Week 2 - Wednesday (moderate),Wednesday (moderate),,Cable kneeling rope crunch,2 or 3,,8-12,8,12,,,,,,"2, 1, 0",,,
Strong & Sculpted,Brad Schoenfeld,A strength and hypertrophy program by Brad Schoenfeld.,4 weeks,Intermediate/Advanced,,,Basic Training Phase,,,Week 2,,2,Basic Training Phase - Week 2 - Friday (light),Friday (light),,Low cable fly,2 or 3,,15-25,15,25,,,,,,"2, 1, 0",,,
Strong & Sculpted,Brad Schoenfeld,A strength and hypertrophy program by Brad Schoenfeld.,4 weeks,Intermediate/Advanced,,,Basic Training Phase,,,Week 2,,2,Basic Training Phase - Week 2 - Friday (light),Friday (light),,Cable seated row,2 or 3,,15-25,15,25,,,,,,"2, 1, 0",,,
Strong & Sculpted,Brad Schoenfeld,A strength and hypertrophy program by Brad Schoenfeld.,4 weeks,Intermediate/Advanced,,,Basic Training Phase,,,Week 2,,2,Basic Training Phase - Week 2 - Friday (light),Friday (light),,Machine lateral raise,2 or 3,,15-25,15,25,,,,,,"2, 1, 0",,,
Strong & Sculpted,Brad Schoenfeld,A strength and hypertrophy program by Brad Schoenfeld.,4 weeks,Intermediate/Advanced,,,Basic Training Phase,,,Week 2,,2,Basic Training Phase - Week 2 - Friday (light),Friday (light),,Dumbbell hammer curl,2 or 3,,15-25,15,25,,,,,,"2, 1, 0",,,
Strong & Sculpted,Brad Schoenfeld,A strength and hypertrophy program by Brad Schoenfeld.,4 weeks,Intermediate/Advanced,,,Basic Training Phase,,,Week 2,,2,Basic Training Phase - Week 2 - Friday (light),Friday (light),,Cable triceps kickback,2 or 3,,15-25,15,25,,,,,,"2, 1, 0",,,
Strong & Sculpted,Brad Schoenfeld,A strength and hypertrophy program by Brad Schoenfeld.,4 weeks,Intermediate/Advanced,,,Basic Training Phase,,,Week 2,,2,Basic Training Phase - Week 2 - Friday (light),Friday (light),,Leg extension,2 or 3,,15-25,15,25,,,,,,"2, 1, 0",,,
Strong & Sculpted,Brad Schoenfeld,A strength and hypertrophy program by Brad Schoenfeld.,4 weeks,Intermediate/Advanced,,,Basic Training Phase,,,Week 2,,2,Basic Training Phase - Week 2 - Friday (light),Friday (light),,Cable glute back kick,2 or 3,,15-25,15,25,,,,,,"2, 1, 0",,,
Strong & Sculpted,Brad Schoenfeld,A strength and hypertrophy program by Brad Schoenfeld.,4 weeks,Intermediate/Advanced,,,Basic Training Phase,,,Week 2,,2,Basic Training Phase - Week 2 - Friday (light),Friday (light),,Machine seated calf raise,2 or 3,,15-25,15,25,,,,,,"2, 1, 0",,,
Strong & Sculpted,Brad Schoenfeld,A strength and hypertrophy program by Brad Schoenfeld.,4 weeks,Intermediate/Advanced,,,Basic Training Phase,,,Week 2,,2,Basic Training Phase - Week 2 - Friday (light),Friday (light),,Reverse crunch,2 or 3,,15-25,15,25,,,,,,"2, 1, 0",,,
Strong & Sculpted,Brad Schoenfeld,A strength and hypertrophy program by Brad Schoenfeld.,4 weeks,Intermediate/Advanced,,,Basic Training Phase,,,Week 3,,3,Basic Training Phase - Week 3 - Monday (heavy),Monday (heavy),,Dumbbell chest press,4 or 5,,3-5,3,5,,,,,,"2, 1, 0",,,
Strong & Sculpted,Brad Schoenfeld,A strength and hypertrophy program by Brad Schoenfeld.,4 weeks,Intermediate/Advanced,,,Basic Training Phase,,,Week 3,,3,Basic Training Phase - Week 3 - Monday (heavy),Monday (heavy),,Dumbbell single-arm row,4 or 5,,3-5,3,5,,,,,,"2, 1, 0",,,
Strong & Sculpted,Brad Schoenfeld,A strength and hypertrophy program by Brad Schoenfeld.,4 weeks,Intermediate/Advanced,,,Basic Training Phase,,,Week 3,,3,Basic Training Phase - Week 3 - Monday (heavy),Monday (heavy),,Military press,4 or 5,,3-5,3,5,,,,,,"2, 1, 0",,,
Strong & Sculpted,Brad Schoenfeld,A strength and hypertrophy program by Brad Schoenfeld.,4 weeks,Intermediate/Advanced,,,Basic Training Phase,,,Week 3,,3,Basic Training Phase - Week 3 - Monday (heavy),Monday (heavy),,Barbell back squat,4 or 5,,3-5,3,5,,,,,,"2, 1, 0",,,
Strong & Sculpted,Brad Schoenfeld,A strength and hypertrophy program by Brad Schoenfeld.,4 weeks,Intermediate/Advanced,,,Basic Training Phase,,,Week 3,,3,Basic Training Phase - Week 3 - Monday (heavy),Monday (heavy),,Barbell hip thrust,4 or 5,,3-5,3,5,,,,,,"2, 1, 0",,,
Strong & Sculpted,Brad Schoenfeld,A strength and hypertrophy program by Brad Schoenfeld.,4 weeks,Intermediate/Advanced,,,Basic Training Phase,,,Week 3,,3,Basic Training Phase - Week 3 - Monday (heavy),Monday (heavy),,Barbell stiff-leg deadlift,4 or 5,,3-5,3,5,,,,,,"2, 1, 0",,,
Strong & Sculpted,Brad Schoenfeld,A strength and hypertrophy program by Brad Schoenfeld.,4 weeks,Intermediate/Advanced,,,Basic Training Phase,,,Week 3,,3,Basic Training Phase - Week 3 - Wednesday (moderate),Wednesday (moderate),,Barbell incline press,3 or 4,,8-12,8,12,,,,,,"2, 1, 0",,,
Strong & Sculpted,Brad Schoenfeld,A strength and hypertrophy program by Brad Schoenfeld.,4 weeks,Intermediate/Advanced,,,Basic Training Phase,,,Week 3,,3,Basic Training Phase - Week 3 - Wednesday (moderate),Wednesday (moderate),,Neutral-grip lat pull-down,3 or 4,,8-12,8,12,,,,,,"2, 1, 0",,,
Strong & Sculpted,Brad Schoenfeld,A strength and hypertrophy program by Brad Schoenfeld.,4 weeks,Intermediate/Advanced,,,Basic Training Phase,,,Week 3,,3,Basic Training Phase - Week 3 - Wednesday (moderate),Wednesday (moderate),,Cable upright row,3 or 4,,8-12,8,12,,,,,,"2, 1, 0",,,
Strong & Sculpted,Brad Schoenfeld,A strength and hypertrophy program by Brad Schoenfeld.,4 weeks,Intermediate/Advanced,,,Basic Training Phase,,,Week 3,,3,Basic Training Phase - Week 3 - Wednesday (moderate),Wednesday (moderate),,Dumbbell incline biceps curl,2 or 3,,8-12,8,12,,,,,,"2, 1, 0",,,
Strong & Sculpted,Brad Schoenfeld,A strength and hypertrophy program by Brad Schoenfeld.,4 weeks,Intermediate/Advanced,,,Basic Training Phase,,,Week 3,,3,Basic Training Phase - Week 3 - Wednesday (moderate),Wednesday (moderate),,Cable rope overhead triceps extension,2 or 3,,8-12,8,12,,,,,,"2, 1, 0",,,
Strong & Sculpted,Brad Schoenfeld,A strength and hypertrophy program by Brad Schoenfeld.,4 weeks,Intermediate/Advanced,,,Basic Training Phase,,,Week 3,,3,Basic Training Phase - Week 3 - Wednesday (moderate),Wednesday (moderate),,Leg press,3 or 4,,8-12,8,12,,,,,,"2, 1, 0",,,
Strong & Sculpted,Brad Schoenfeld,A strength and hypertrophy program by Brad Schoenfeld.,4 weeks,Intermediate/Advanced,,,Basic Training Phase,,,Week 3,,3,Basic Training Phase - Week 3 - Wednesday (moderate),Wednesday (moderate),,Machine seated leg curl,3 or 4,,8-12,8,12,,,,,,"2, 1, 0",,,
Strong & Sculpted,Brad Schoenfeld,A strength and hypertrophy program by Brad Schoenfeld.,4 weeks,Intermediate/Advanced,,,Basic Training Phase,,,Week 3,,3,Basic Training Phase - Week 3 - Wednesday (moderate),Wednesday (moderate),,Dumbbell standing calf raise,2 or 3,,8-12,8,12,,,,,,"2, 1, 0",,,
Strong & Sculpted,Brad Schoenfeld,A strength and hypertrophy program by Brad Schoenfeld.,4 weeks,Intermediate/Advanced,,,Basic Training Phase,,,Week 3,,3,Basic Training Phase - Week 3 - Wednesday (moderate),Wednesday (moderate),,Cable kneeling rope crunch,2 or 3,,8-12,8,12,,,,,,"2, 1, 0",,,
Strong & Sculpted,Brad Schoenfeld,A strength and hypertrophy program by Brad Schoenfeld.,4 weeks,Intermediate/Advanced,,,Basic Training Phase,,,Week 3,,3,Basic Training Phase - Week 3 - Friday (light),Friday (light),,Low cable fly,2 or 3,,15-25,15,25,,,,,,"2, 1, 0",,,
Strong & Sculpted,Brad Schoenfeld,A strength and hypertrophy program by Brad Schoenfeld.,4 weeks,Intermediate/Advanced,,,Basic Training Phase,,,Week 3,,3,Basic Training Phase - Week 3 - Friday (light),Friday (light),,Cable seated row,2 or 3,,15-25,15,25,,,,,,"2, 1, 0",,,
Strong & Sculpted,Brad Schoenfeld,A strength and hypertrophy program by Brad Schoenfeld.,4 weeks,Intermediate/Advanced,,,Basic Training Phase,,,Week 3,,3,Basic Training Phase - Week 3 - Friday (light),Friday (light),,Machine lateral raise,2 or 3,,15-25,15,25,,,,,,"2, 1, 0",,,
Strong & Sculpted,Brad Schoenfeld,A strength and hypertrophy program by Brad Schoenfeld.,4 weeks,Intermediate/Advanced,,,Basic Training Phase,,,Week 3,,3,Basic Training Phase - Week 3 - Friday (light),Friday (light),,Dumbbell hammer curl,2 or 3,,15-25,15,25,,,,,,"2, 1, 0",,,
Strong & Sculpted,Brad Schoenfeld,A strength and hypertrophy program by Brad Schoenfeld.,4 weeks,Intermediate/Advanced,,,Basic Training Phase,,,Week 3,,3,Basic Training Phase - Week 3 - Friday (light),Friday (light),,Cable triceps kickback,2 or 3,,15-25,15,25,,,,,,"2, 1, 0",,,
Strong & Sculpted,Brad Schoenfeld,A strength and hypertrophy program by Brad Schoenfeld.,4 weeks,Intermediate/Advanced,,,Basic Training Phase,,,Week 3,,3,Basic Training Phase - Week 3 - Friday (light),Friday (light),,Leg extension,2 or 3,,15-25,15,25,,,,,,"2, 1, 0",,,
Strong & Sculpted,Brad Schoenfeld,A strength and hypertrophy program by Brad Schoenfeld.,4 weeks,Intermediate/Advanced,,,Basic Training Phase,,,Week 3,,3,Basic Training Phase - Week 3 - Friday (light),Friday (light),,Cable glute back kick,2 or 3,,15-25,15,25,,,,,,"2, 1, 0",,,
Strong & Sculpted,Brad Schoenfeld,A strength and hypertrophy program by Brad Schoenfeld.,4 weeks,Intermediate/Advanced,,,Basic Training Phase,,,Week 3,,3,Basic Training Phase - Week 3 - Friday (light),Friday (light),,Machine seated calf raise,2 or 3,,15-25,15,25,,,,,,"2, 1, 0",,,
Strong & Sculpted,Brad Schoenfeld,A strength and hypertrophy program by Brad Schoenfeld.,4 weeks,Intermediate/Advanced,,,Basic Training Phase,,,Week 3,,3,Basic Training Phase - Week 3 - Friday (light),Friday (light),,Reverse crunch,2 or 3,,15-25,15,25,,,,,,"2, 1, 0",,,
Strong & Sculpted,Brad Schoenfeld,A strength and hypertrophy program by Brad Schoenfeld.,4 weeks,Intermediate/Advanced,,,Basic Training Phase,,,Week 4,,4,"Basic Training Phase - Week 4 - Monday, Thursday","Monday, Thursday",,Dumbbell chest press,2,,15-20,15,20,,,,,,"2, 1, 0",,,
Strong & Sculpted,Brad Schoenfeld,A strength and hypertrophy program by Brad Schoenfeld.,4 weeks,Intermediate/Advanced,,,Basic Training Phase,,,Week 4,,4,"Basic Training Phase - Week 4 - Monday, Thursday","Monday, Thursday",,Dumbbell single-arm row,2,,15-20,15,20,,,,,,"2, 1, 0",,,
Strong & Sculpted,Brad Schoenfeld,A strength and hypertrophy program by Brad Schoenfeld.,4 weeks,Intermediate/Advanced,,,Basic Training Phase,,,Week 4,,4,"Basic Training Phase - Week 4 - Monday, Thursday","Monday, Thursday",,Military press,2,,15-20,15,20,,,,,,"2, 1, 0",,,
Strong & Sculpted,Brad Schoenfeld,A strength and hypertrophy program by Brad Schoenfeld.,4 weeks,Intermediate/Advanced,,,Basic Training Phase,,,Week 4,,4,"Basic Training Phase - Week 4 - Monday, Thursday","Monday, Thursday",,Barbell back squat,2,,15-20,15,20,,,,,,"2, 1, 0",,,
Strong & Sculpted,Brad Schoenfeld,A strength and hypertrophy program by Brad Schoenfeld.,4 weeks,Intermediate/Advanced,,,Basic Training Phase,,,Week 4,,4,"Basic Training Phase - Week 4 - Monday, Thursday","Monday, Thursday",,Dumbbell lunge,2,,15-20,15,20,,,,,,"2, 1, 0",,,
Strong & Sculpted,Brad Schoenfeld,A strength and hypertrophy program by Brad Schoenfeld.,4 weeks,Intermediate/Advanced,,,Basic Training Phase,,,Week 4,,4,"Basic Training Phase - Week 4 - Monday, Thursday","Monday, Thursday",,Dumbbell stiff-leg deadlift,2,,15-20,15,20,,,,,,"2, 1, 0",,,
Strong & Sculpted,Brad Schoenfeld,A strength and hypertrophy program by Brad Schoenfeld.,4 weeks,Intermediate/Advanced,,,Basic Training Phase,,,Week 1,,1,Basic Training Phase - Week 1 - Monday (heavy),Monday (heavy),,Dumbbell chest press,4 or 5,,3-5,3,5,,,,,,"2, 1, 0",,,
Strong & Sculpted,Brad Schoenfeld,A strength and hypertrophy program by Brad Schoenfeld.,4 weeks,Intermediate/Advanced,,,Basic Training Phase,,,Week 1,,1,Basic Training Phase - Week 1 - Monday (heavy),Monday (heavy),,Dumbbell single-arm row,4 or 5,,3-5,3,5,,,,,,"2, 1, 0",,,
Strong & Sculpted,Brad Schoenfeld,A strength and hypertrophy program by Brad Schoenfeld.,4 weeks,Intermediate/Advanced,,,Basic Training Phase,,,Week 1,,1,Basic Training Phase - Week 1 - Monday (heavy),Monday (heavy),,Military press,4 or 5,,3-5,3,5,,,,,,"2, 1, 0",,,
Strong & Sculpted,Brad Schoenfeld,A strength and hypertrophy program by Brad Schoenfeld.,4 weeks,Intermediate/Advanced,,,Basic Training Phase,,,Week 1,,1,Basic Training Phase - Week 1 - Monday (heavy),Monday (heavy),,Barbell back squat,4 or 5,,3-5,3,5,,,,,,"2, 1, 0",,,
Strong & Sculpted,Brad Schoenfeld,A strength and hypertrophy program by Brad Schoenfeld.,4 weeks,Intermediate/Advanced,,,Basic Training Phase,,,Week 1,,1,Basic Training Phase - Week 1 - Monday (heavy),Monday (heavy),,Barbell hip thrust,4 or 5,,3-5,3,5,,,,,,"2, 1, 0",,,
Strong & Sculpted,Brad Schoenfeld,A strength and hypertrophy program by Brad Schoenfeld.,4 weeks,Intermediate/Advanced,,,Basic Training Phase,,,Week 1,,1,Basic Training Phase - Week 1 - Monday (heavy),Monday (heavy),,Barbell stiff-leg deadlift,4 or 5,,3-5,3,5,,,,,,"2, 1, 0",,,
Strong & Sculpted,Brad Schoenfeld,A strength and hypertrophy program by Brad Schoenfeld.,4 weeks,Intermediate/Advanced,,,Basic Training Phase,,,Week 1,,1,Basic Training Phase - Week 1 - Wednesday (moderate),Wednesday (moderate),,Barbell incline press,3 or 4,,8-12,8,12,,,,,,"2, 1, 0",,,
Strong & Sculpted,Brad Schoenfeld,A strength and hypertrophy program by Brad Schoenfeld.,4 weeks,Intermediate/Advanced,,,Basic Training Phase,,,Week 1,,1,Basic Training Phase - Week 1 - Wednesday (moderate),Wednesday (moderate),,Neutral-grip lat pull-down,3 or 4,,8-12,8,12,,,,,,"2, 1, 0",,,
Strong & Sculpted,Brad Schoenfeld,A strength and hypertrophy program by Brad Schoenfeld.,4 weeks,Intermediate/Advanced,,,Basic Training Phase,,,Week 1,,1,Basic Training Phase - Week 1 - Wednesday (moderate),Wednesday (moderate),,Cable upright row,3 or 4,,8-12,8,12,,,,,,"2, 1, 0",,,
Strong & Sculpted,Brad Schoenfeld,A strength and hypertrophy program by Brad Schoenfeld.,4 weeks,Intermediate/Advanced,,,Basic Training Phase,,,Week 1,,1,Basic Training Phase - Week 1 - Wednesday (moderate),Wednesday (moderate),,Dumbbell incline biceps curl,2 or 3,,8-12,8,12,,,,,,"2, 1, 0",,,
Strong & Sculpted,Brad Schoenfeld,A strength and hypertrophy program by Brad Schoenfeld.,4 weeks,Intermediate/Advanced,,,Basic Training Phase,,,Week 1,,1,Basic Training Phase - Week 1 - Wednesday (moderate),Wednesday (moderate),,Cable rope overhead triceps extension,2 or 3,,8-12,8,12,,,,,,"2, 1, 0",,,
Strong & Sculpted,Brad Schoenfeld,A strength and hypertrophy program by Brad Schoenfeld.,4 weeks,Intermediate/Advanced,,,Basic Training Phase,,,Week 1,,1,Basic Training Phase - Week 1 - Wednesday (moderate),Wednesday (moderate),,Leg press,3 or 4,,8-12,8,12,,,,,,"2, 1, 0",,,
Strong & Sculpted,Brad Schoenfeld,A strength and hypertrophy program by Brad Schoenfeld.,4 weeks,Intermediate/Advanced,,,Basic Training Phase,,,Week 1,,1,Basic Training Phase - Week 1 - Wednesday (moderate),Wednesday (moderate),,Machine seated leg curl,3 or 4,,8-12,8,12,,,,,,"2, 1, 0",,,
Strong & Sculpted,Brad Schoenfeld,A strength and hypertrophy program by Brad Schoenfeld.,4 weeks,Intermediate/Advanced,,,Basic Training Phase,,,Week 1,,1,Basic Training Phase - Week 1 - Wednesday (moderate),Wednesday (moderate),,Dumbbell standing calf raise,2 or 3,,8-12,8,12,,,,,,"2, 1, 0",,,
Strong & Sculpted,Brad Schoenfeld,A strength and hypertrophy program by Brad Schoenfeld.,4 weeks,Intermediate/Advanced,,,Basic Training Phase,,,Week 1,,1,Basic Training Phase - Week 1 - Wednesday (moderate),Wednesday (moderate),,Cable kneeling rope crunch,2 or 3,,8-12,8,12,,,,,,"2, 1, 0",,,
Strong & Sculpted,Brad Schoenfeld,A strength and hypertrophy program by Brad Schoenfeld.,4 weeks,Intermediate/Advanced,,,Basic Training Phase,,,Week 1,,1,Basic Training Phase - Week 1 - Friday (light),Friday (light),,Low cable fly,2 or 3,,15-25,15,25,,,,,,"2, 1, 0",,,
Strong & Sculpted,Brad Schoenfeld,A strength and hypertrophy program by Brad Schoenfeld.,4 weeks,Intermediate/Advanced,,,Basic Training Phase,,,Week 1,,1,Basic Training Phase - Week 1 - Friday (light),Friday (light),,Cable seated row,2 or 3,,15-25,15,25,,,,,,"2, 1, 0",,,
Strong & Sculpted,Brad Schoenfeld,A strength and hypertrophy program by Brad Schoenfeld.,4 weeks,Intermediate/Advanced,,,Basic Training Phase,,,Week 1,,1,Basic Training Phase - Week 1 - Friday (light),Friday (light),,Machine lateral raise,2 or 3,,15-25,15,25,,,,,,"2, 1, 0",,,
Strong & Sculpted,Brad Schoenfeld,A strength and hypertrophy program by Brad Schoenfeld.,4 weeks,Intermediate/Advanced,,,Basic Training Phase,,,Week 1,,1,Basic Training Phase - Week 1 - Friday (light),Friday (light),,Dumbbell hammer curl,2 or 3,,15-25,15,25,,,,,,"2, 1, 0",,,
Strong & Sculpted,Brad Schoenfeld,A strength and hypertrophy program by Brad Schoenfeld.,4 weeks,Intermediate/Advanced,,,Basic Training Phase,,,Week 1,,1,Basic Training Phase - Week 1 - Friday (light),Friday (light),,Cable triceps kickback,2 or 3,,15-25,15,25,,,,,,"2, 1, 0",,,
Strong & Sculpted,Brad Schoenfeld,A strength and hypertrophy program by Brad Schoenfeld.,4 weeks,Intermediate/Advanced,,,Basic Training Phase,,,Week 1,,1,Basic Training Phase - Week 1 - Friday (light),Friday (light),,Leg extension,2 or 3,,15-25,15,25,,,,,,"2, 1, 0",,,
Strong & Sculpted,Brad Schoenfeld,A strength and hypertrophy program by Brad Schoenfeld.,4 weeks,Intermediate/Advanced,,,Basic Training Phase,,,Week 1,,1,Basic Training Phase - Week 1 - Friday (light),Friday (light),,Cable glute back kick,2 or 3,,15-25,15,25,,,,,,"2, 1, 0",,,
Strong & Sculpted,Brad Schoenfeld,A strength and hypertrophy program by Brad Schoenfeld.,4 weeks,Intermediate/Advanced,,,Basic Training Phase,,,Week 1,,1,Basic Training Phase - Week 1 - Friday (light),Friday (light),,Machine seated calf raise,2 or 3,,15-25,15,25,,,,,,"2, 1, 0",,,
Strong & Sculpted,Brad Schoenfeld,A strength and hypertrophy program by Brad Schoenfeld.,4 weeks,Intermediate/Advanced,,,Basic Training Phase,,,Week 1,,1,Basic Training Phase - Week 1 - Friday (light),Friday (light),,Reverse crunch,2 or 3,,15-25,15,25,,,,,,"2, 1, 0",,,
Strong & Sculpted,Brad Schoenfeld,A strength and hypertrophy program by Brad Schoenfeld.,4 weeks,Intermediate/Advanced,,,Basic Training Phase,,,Week 2,,2,Basic Training Phase - Week 2 - Monday (heavy),Monday (heavy),,Dumbbell chest press,4 or 5,,3-5,3,5,,,,,,"2, 1, 0",,,
Strong & Sculpted,Brad Schoenfeld,A strength and hypertrophy program by Brad Schoenfeld.,4 weeks,Intermediate/Advanced,,,Basic Training Phase,,,Week 2,,2,Basic Training Phase - Week 2 - Monday (heavy),Monday (heavy),,Dumbbell single-arm row,4 or 5,,3-5,3,5,,,,,,"2, 1, 0",,,
Strong & Sculpted,Brad Schoenfeld,A strength and hypertrophy program by Brad Schoenfeld.,4 weeks,Intermediate/Advanced,,,Basic Training Phase,,,Week 2,,2,Basic Training Phase - Week 2 - Monday (heavy),Monday (heavy),,Military press,4 or 5,,3-5,3,5,,,,,,"2, 1, 0",,,
Strong & Sculpted,Brad Schoenfeld,A strength and hypertrophy program by Brad Schoenfeld.,4 weeks,Intermediate/Advanced,,,Basic Training Phase,,,Week 2,,2,Basic Training Phase - Week 2 - Monday (heavy),Monday (heavy),,Barbell back squat,4 or 5,,3-5,3,5,,,,,,"2, 1, 0",,,
Strong & Sculpted,Brad Schoenfeld,A strength and hypertrophy program by Brad Schoenfeld.,4 weeks,Intermediate/Advanced,,,Basic Training Phase,,,Week 2,,2,Basic Training Phase - Week 2 - Monday (heavy),Monday (heavy),,Barbell hip thrust,4 or 5,,3-5,3,5,,,,,,"2, 1, 0",,,
Strong & Sculpted,Brad Schoenfeld,A strength and hypertrophy program by Brad Schoenfeld.,4 weeks,Intermediate/Advanced,,,Basic Training Phase,,,Week 2,,2,Basic Training Phase - Week 2 - Monday (heavy),Monday (heavy),,Barbell stiff-leg deadlift,4 or 5,,3-5,3,5,,,,,,"2, 1, 0",,,
Strong & Sculpted,Brad Schoenfeld,A strength and hypertrophy program by Brad Schoenfeld.,4 weeks,Intermediate/Advanced,,,Basic Training Phase,,,Week 2,,2,Basic Training Phase - Week 2 - Wednesday (moderate),Wednesday (moderate),,Barbell incline press,3 or 4,,8-12,8,12,,,,,,"2, 1, 0",,,
Strong & Sculpted,Brad Schoenfeld,A strength and hypertrophy program by Brad Schoenfeld.,4 weeks,Intermediate/Advanced,,,Basic Training Phase,,,Week 2,,2,Basic Training Phase - Week 2 - Wednesday (moderate),Wednesday (moderate),,Neutral-grip lat pull-down,3 or 4,,8-12,8,12,,,,,,"2, 1, 0",,,
Strong & Sculpted,Brad Schoenfeld,A strength and hypertrophy program by Brad Schoenfeld.,4 weeks,Intermediate/Advanced,,,Basic Training Phase,,,Week 2,,2,Basic Training Phase - Week 2 - Wednesday (moderate),Wednesday (moderate),,Cable upright row,3 or 4,,8-12,8,12,,,,,,"2, 1, 0",,,
Strong & Sculpted,Brad Schoenfeld,A strength and hypertrophy program by Brad Schoenfeld.,4 weeks,Intermediate/Advanced,,,Basic Training Phase,,,Week 2,,2,Basic Training Phase - Week 2 - Wednesday (moderate),Wednesday (moderate),,Dumbbell incline biceps curl,2 or 3,,8-12,8,12,,,,,,"2, 1, 0",,,
Strong & Sculpted,Brad Schoenfeld,A strength and hypertrophy program by Brad Schoenfeld.,4 weeks,Intermediate/Advanced,,,Basic Training Phase,,,Week 2,,2,Basic Training Phase - Week 2 - Wednesday (moderate),Wednesday (moderate),,Cable rope overhead triceps extension,2 or 3,,8-12,8,12,,,,,,"2, 1, 0",,,
Strong & Sculpted,Brad Schoenfeld,A strength and hypertrophy program by Brad Schoenfeld.,4 weeks,Intermediate/Advanced,,,Basic Training Phase,,,Week 2,,2,Basic Training Phase - Week 2 - Wednesday (moderate),Wednesday (moderate),,Leg press,3 or 4,,8-12,8,12,,,,,,"2, 1, 0",,,
Strong & Sculpted,Brad Schoenfeld,A strength and hypertrophy program by Brad Schoenfeld.,4 weeks,Intermediate/Advanced,,,Basic Training Phase,,,Week 2,,2,Basic Training Phase - Week 2 - Wednesday (moderate),Wednesday (moderate),,Machine seated leg curl,3 or 4,,8-12,8,12,,,,,,"2, 1, 0",,,
Strong & Sculpted,Brad Schoenfeld,A strength and hypertrophy program by Brad Schoenfeld.,4 weeks,Intermediate/Advanced,,,Basic Training Phase,,,Week 2,,2,Basic Training Phase - Week 2 - Wednesday (moderate),Wednesday (moderate),,Dumbbell standing calf raise,2 or 3,,8-12,8,12,,,,,,"2, 1, 0",,,
Strong & Sculpted,Brad Schoenfeld,A strength and hypertrophy program by Brad Schoenfeld.,4 weeks,Intermediate/Advanced,,,Basic Training Phase,,,Week 2,,2,Basic Training Phase - Week 2 - Wednesday (moderate),Wednesday (moderate),,Cable kneeling rope crunch,2 or 3,,8-12,8,12,,,,,,"2, 1, 0",,,
Strong & Sculpted,Brad Schoenfeld,A strength and hypertrophy program by Brad Schoenfeld.,4 weeks,Intermediate/Advanced,,,Basic Training Phase,,,Week 2,,2,Basic Training Phase - Week 2 - Friday (light),Friday (light),,Low cable fly,2 or 3,,15-25,15,25,,,,,,"2, 1, 0",,,
Strong & Sculpted,Brad Schoenfeld,A strength and hypertrophy program by Brad Schoenfeld.,4 weeks,Intermediate/Advanced,,,Basic Training Phase,,,Week 2,,2,Basic Training Phase - Week 2 - Friday (light),Friday (light),,Cable seated row,2 or 3,,15-25,15,25,,,,,,"2, 1, 0",,,
Strong & Sculpted,Brad Schoenfeld,A strength and hypertrophy program by Brad Schoenfeld.,4 weeks,Intermediate/Advanced,,,Basic Training Phase,,,Week 2,,2,Basic Training Phase - Week 2 - Friday (light),Friday (light),,Machine lateral raise,2 or 3,,15-25,15,25,,,,,,"2, 1, 0",,,
Strong & Sculpted,Brad Schoenfeld,A strength and hypertrophy program by Brad Schoenfeld.,4 weeks,Intermediate/Advanced,,,Basic Training Phase,,,Week 2,,2,Basic Training Phase - Week 2 - Friday (light),Friday (light),,Dumbbell hammer curl,2 or 3,,15-25,15,25,,,,,,"2, 1, 0",,,
Strong & Sculpted,Brad Schoenfeld,A strength and hypertrophy program by Brad Schoenfeld.,4 weeks,Intermediate/Advanced,,,Basic Training Phase,,,Week 2,,2,Basic Training Phase - Week 2 - Friday (light),Friday (light),,Cable triceps kickback,2 or 3,,15-25,15,25,,,,,,"2, 1, 0",,,
Strong & Sculpted,Brad Schoenfeld,A strength and hypertrophy program by Brad Schoenfeld.,4 weeks,Intermediate/Advanced,,,Basic Training Phase,,,Week 2,,2,Basic Training Phase - Week 2 - Friday (light),Friday (light),,Leg extension,2 or 3,,15-25,15,25,,,,,,"2, 1, 0",,,
Strong & Sculpted,Brad Schoenfeld,A strength and hypertrophy program by Brad Schoenfeld.,4 weeks,Intermediate/Advanced,,,Basic Training Phase,,,Week 2,,2,Basic Training Phase - Week 2 - Friday (light),Friday (light),,Cable glute back kick,2 or 3,,15-25,15,25,,,,,,"2, 1, 0",,,
Strong & Sculpted,Brad Schoenfeld,A strength and hypertrophy program by Brad Schoenfeld.,4 weeks,Intermediate/Advanced,,,Basic Training Phase,,,Week 2,,2,Basic Training Phase - Week 2 - Friday (light),Friday (light),,Machine seated calf raise,2 or 3,,15-25,15,25,,,,,,"2, 1, 0",,,
Strong & Sculpted,Brad Schoenfeld,A strength and hypertrophy program by Brad Schoenfeld.,4 weeks,Intermediate/Advanced,,,Basic Training Phase,,,Week 2,,2,Basic Training Phase - Week 2 - Friday (light),Friday (light),,Reverse crunch,2 or 3,,15-25,15,25,,,,,,"2, 1, 0",,,
Strong & Sculpted,Brad Schoenfeld,A strength and hypertrophy program by Brad Schoenfeld.,4 weeks,Intermediate/Advanced,,,Basic Training Phase,,,Week 3,,3,Basic Training Phase - Week 3 - Monday (heavy),Monday (heavy),,Dumbbell chest press,4 or 5,,3-5,3,5,,,,,,"2, 1, 0",,,
Strong & Sculpted,Brad Schoenfeld,A strength and hypertrophy program by Brad Schoenfeld.,4 weeks,Intermediate/Advanced,,,Basic Training Phase,,,Week 3,,3,Basic Training Phase - Week 3 - Monday (heavy),Monday (heavy),,Dumbbell single-arm row,4 or 5,,3-5,3,5,,,,,,"2, 1, 0",,,
Strong & Sculpted,Brad Schoenfeld,A strength and hypertrophy program by Brad Schoenfeld.,4 weeks,Intermediate/Advanced,,,Basic Training Phase,,,Week 3,,3,Basic Training Phase - Week 3 - Monday (heavy),Monday (heavy),,Military press,4 or 5,,3-5,3,5,,,,,,"2, 1, 0",,,
Strong & Sculpted,Brad Schoenfeld,A strength and hypertrophy program by Brad Schoenfeld.,4 weeks,Intermediate/Advanced,,,Basic Training Phase,,,Week 3,,3,Basic Training Phase - Week 3 - Monday (heavy),Monday (heavy),,Barbell back squat,4 or 5,,3-5,3,5,,,,,,"2, 1, 0",,,
Strong & Sculpted,Brad Schoenfeld,A strength and hypertrophy program by Brad Schoenfeld.,4 weeks,Intermediate/Advanced,,,Basic Training Phase,,,Week 3,,3,Basic Training Phase - Week 3 - Monday (heavy),Monday (heavy),,Barbell hip thrust,4 or 5,,3-5,3,5,,,,,,"2, 1, 0",,,
Strong & Sculpted,Brad Schoenfeld,A strength and hypertrophy program by Brad Schoenfeld.,4 weeks,Intermediate/Advanced,,,Basic Training Phase,,,Week 3,,3,Basic Training Phase - Week 3 - Monday (heavy),Monday (heavy),,Barbell stiff-leg deadlift,4 or 5,,3-5,3,5,,,,,,"2, 1, 0",,,
Strong & Sculpted,Brad Schoenfeld,A strength and hypertrophy program by Brad Schoenfeld.,4 weeks,Intermediate/Advanced,,,Basic Training Phase,,,Week 3,,3,Basic Training Phase - Week 3 - Wednesday (moderate),Wednesday (moderate),,Barbell incline press,3 or 4,,8-12,8,12,,,,,,"2, 1, 0",,,
Strong & Sculpted,Brad Schoenfeld,A strength and hypertrophy program by Brad Schoenfeld.,4 weeks,Intermediate/Advanced,,,Basic Training Phase,,,Week 3,,3,Basic Training Phase - Week 3 - Wednesday (moderate),Wednesday (moderate),,Neutral-grip lat pull-down,3 or 4,,8-12,8,12,,,,,,"2, 1, 0",,,
Strong & Sculpted,Brad Schoenfeld,A strength and hypertrophy program by Brad Schoenfeld.,4 weeks,Intermediate/Advanced,,,Basic Training Phase,,,Week 3,,3,Basic Training Phase - Week 3 - Wednesday (moderate),Wednesday (moderate),,Cable upright row,3 or 4,,8-12,8,12,,,,,,"2, 1, 0",,,
Strong & Sculpted,Brad Schoenfeld,A strength and hypertrophy program by Brad Schoenfeld.,4 weeks,Intermediate/Advanced,,,Basic Training Phase,,,Week 3,,3,Basic Training Phase - Week 3 - Wednesday (moderate),Wednesday (moderate),,Dumbbell incline biceps curl,2 or 3,,8-12,8,12,,,,,,"2, 1, 0",,,
Strong & Sculpted,Brad Schoenfeld,A strength and hypertrophy program by Brad Schoenfeld.,4 weeks,Intermediate/Advanced,,,Basic Training Phase,,,Week 3,,3,Basic Training Phase - Week 3 - Wednesday (moderate),Wednesday (moderate),,Cable rope overhead triceps extension,2 or 3,,8-12,8,12,,,,,,"2, 1, 0",,,
Strong & Sculpted,Brad Schoenfeld,A strength and hypertrophy program by Brad Schoenfeld.,4 weeks,Intermediate/Advanced,,,Basic Training Phase,,,Week 3,,3,Basic Training Phase - Week 3 - Wednesday (moderate),Wednesday (moderate),,Leg press,3 or 4,,8-12,8,12,,,,,,"2, 1, 0",,,
Strong & Sculpted,Brad Schoenfeld,A strength and hypertrophy program by Brad Schoenfeld.,4 weeks,Intermediate/Advanced,,,Basic Training Phase,,,Week 3,,3,Basic Training Phase - Week 3 - Wednesday (moderate),Wednesday (moderate),,Machine seated leg curl,3 or 4,,8-12,8,12,,,,,,"2, 1, 0",,,
Strong & Sculpted,Brad Schoenfeld,A strength and hypertrophy program by Brad Schoenfeld.,4 weeks,Intermediate/Advanced,,,Basic Training Phase,,,Week 3,,3,Basic Training Phase - Week 3 - Wednesday (moderate),Wednesday (moderate),,Dumbbell standing calf raise,2 or 3,,8-12,8,12,,,,,,"2, 1, 0",,,
Strong & Sculpted,Brad Schoenfeld,A strength and hypertrophy program by Brad Schoenfeld.,4 weeks,Intermediate/Advanced,,,Basic Training Phase,,,Week 3,,3,Basic Training Phase - Week 3 - Wednesday (moderate),Wednesday (moderate),,Cable kneeling rope crunch,2 or 3,,8-12,8,12,,,,,,"2, 1, 0",,,
Strong & Sculpted,Brad Schoenfeld,A strength and hypertrophy program by Brad Schoenfeld.,4 weeks,Intermediate/Advanced,,,Basic Training Phase,,,Week 3,,3,Basic Training Phase - Week 3 - Friday (light),Friday (light),,Low cable fly,2 or 3,,15-25,15,25,,,,,,"2, 1, 0",,,
Strong & Sculpted,Brad Schoenfeld,A strength and hypertrophy program by Brad Schoenfeld.,4 weeks,Intermediate/Advanced,,,Basic Training Phase,,,Week 3,,3,Basic Training Phase - Week 3 - Friday (light),Friday (light),,Cable seated row,2 or 3,,15-25,15,25,,,,,,"2, 1, 0",,,
Strong & Sculpted,Brad Schoenfeld,A strength and hypertrophy program by Brad Schoenfeld.,4 weeks,Intermediate/Advanced,,,Basic Training Phase,,,Week 3,,3,Basic Training Phase - Week 3 - Friday (light),Friday (light),,Machine lateral raise,2 or 3,,15-25,15,25,,,,,,"2, 1, 0",,,
Strong & Sculpted,Brad Schoenfeld,A strength and hypertrophy program by Brad Schoenfeld.,4 weeks,Intermediate/Advanced,,,Basic Training Phase,,,Week 3,,3,Basic Training Phase - Week 3 - Friday (light),Friday (light),,Dumbbell hammer curl,2 or 3,,15-25,15,25,,,,,,"2, 1, 0",,,
Strong & Sculpted,Brad Schoenfeld,A strength and hypertrophy program by Brad Schoenfeld.,4 weeks,Intermediate/Advanced,,,Basic Training Phase,,,Week 3,,3,Basic Training Phase - Week 3 - Friday (light),Friday (light),,Cable triceps kickback,2 or 3,,15-25,15,25,,,,,,"2, 1, 0",,,
Strong & Sculpted,Brad Schoenfeld,A strength and hypertrophy program by Brad Schoenfeld.,4 weeks,Intermediate/Advanced,,,Basic Training Phase,,,Week 3,,3,Basic Training Phase - Week 3 - Friday (light),Friday (light),,Leg extension,2 or 3,,15-25,15,25,,,,,,"2, 1, 0",,,
Strong & Sculpted,Brad Schoenfeld,A strength and hypertrophy program by Brad Schoenfeld.,4 weeks,Intermediate/Advanced,,,Basic Training Phase,,,Week 3,,3,Basic Training Phase - Week 3 - Friday (light),Friday (light),,Cable glute back kick,2 or 3,,15-25,15,25,,,,,,"2, 1, 0",,,
Strong & Sculpted,Brad Schoenfeld,A strength and hypertrophy program by Brad Schoenfeld.,4 weeks,Intermediate/Advanced,,,Basic Training Phase,,,Week 3,,3,Basic Training Phase - Week 3 - Friday (light),Friday (light),,Machine seated calf raise,2 or 3,,15-25,15,25,,,,,,"2, 1, 0",,,
Strong & Sculpted,Brad Schoenfeld,A strength and hypertrophy program by Brad Schoenfeld.,4 weeks,Intermediate/Advanced,,,Basic Training Phase,,,Week 3,,3,Basic Training Phase - Week 3 - Friday (light),Friday (light),,Reverse crunch,2 or 3,,15-25,15,25,,,,,,"2, 1, 0",,,
Strong & Sculpted,Brad Schoenfeld,A strength and hypertrophy program by Brad Schoenfeld.,4 weeks,Intermediate/Advanced,,,Basic Training Phase,,,Week 4,,4,"Basic Training Phase - Week 4 - Monday, Thursday","Monday, Thursday",,Dumbbell chest press,2,,15-20,15,20,,,,,,"3, 2",,,
Strong & Sculpted,Brad Schoenfeld,A strength and hypertrophy program by Brad Schoenfeld.,4 weeks,Intermediate/Advanced,,,Basic Training Phase,,,Week 4,,4,"Basic Training Phase - Week 4 - Monday, Thursday","Monday, Thursday",,Dumbbell single-arm row,2,,15-20,15,20,,,,,,3,,,
Strong & Sculpted,Brad Schoenfeld,A strength and hypertrophy program by Brad Schoenfeld.,4 weeks,Intermediate/Advanced,,,Basic Training Phase,,,Week 4,,4,"Basic Training Phase - Week 4 - Monday, Thursday","Monday, Thursday",,Military press,2,,15-20,15,20,,,,,,3,,,
Strong & Sculpted,Brad Schoenfeld,A strength and hypertrophy program by Brad Schoenfeld.,4 weeks,Intermediate/Advanced,,,Basic Training Phase,,,Week 4,,4,"Basic Training Phase - Week 4 - Monday, Thursday","Monday, Thursday",,Barbell back squat,2,,15-20,15,20,,,,,,3,,,
Strong & Sculpted,Brad Schoenfeld,A strength and hypertrophy program by Brad Schoenfeld.,4 weeks,Intermediate/Advanced,,,Basic Training Phase,,,Week 4,,4,"Basic Training Phase - Week 4 - Monday, Thursday","Monday, Thursday",,Dumbbell lunge,2,,15-20,15,20,,,,,,3,,,
Strong & Sculpted,Brad Schoenfeld,A strength and hypertrophy program by Brad Schoenfeld.,4 weeks,Intermediate/Advanced,,,Basic Training Phase,,,Week 4,,4,"Basic Training Phase - Week 4 - Monday, Thursday","Monday, Thursday",,Dumbbell stiff-leg deadlift,2,,15-20,15,20,,,,,,3,,,
Strong & Sculpted,Brad Schoenfeld,A strength and hypertrophy program by Brad Schoenfeld.,4 weeks,Intermediate/Advanced,,,Advanced Body-Sculpting Phase,,,Week WEEK 1,,,Advanced Body-Sculpting Phase - Week WEEK 1 - Monday (heavy lower),Monday (heavy lower),,Goblet squat,5 or 6,,3-5,3,5,,,,,,"1, 1, 0",,,
Strong & Sculpted,Brad Schoenfeld,A strength and hypertrophy program by Brad Schoenfeld.,4 weeks,Intermediate/Advanced,,,Advanced Body-Sculpting Phase,,,Week WEEK 1,,,Advanced Body-Sculpting Phase - Week WEEK 1 - Monday (heavy lower),Monday (heavy lower),,Deadlift,5 or 6,,3-5,3,5,,,,,,"1, 1, 0",,,
Strong & Sculpted,Brad Schoenfeld,A strength and hypertrophy program by Brad Schoenfeld.,4 weeks,Intermediate/Advanced,,,Advanced Body-Sculpting Phase,,,Week WEEK 1,,,Advanced Body-Sculpting Phase - Week WEEK 1 - Monday (heavy lower),Monday (heavy lower),,Leg press,5 or 6,,3-5,3,5,,,,,,"1, 1, 0",,,
Strong & Sculpted,Brad Schoenfeld,A strength and hypertrophy program by Brad Schoenfeld.,4 weeks,Intermediate/Advanced,,,Advanced Body-Sculpting Phase,,,Week WEEK 1,,,Advanced Body-Sculpting Phase - Week WEEK 1 - Monday (heavy lower),Monday (heavy lower),,Barbell glute bridge,4 or 5,,3-5,3,5,,,,,,"1, 1, 0",,,
Strong & Sculpted,Brad Schoenfeld,A strength and hypertrophy program by Brad Schoenfeld.,4 weeks,Intermediate/Advanced,,,Advanced Body-Sculpting Phase,,,Week WEEK 1,,,Advanced Body-Sculpting Phase - Week WEEK 1 - Monday (heavy lower),Monday (heavy lower),,Dumbbell stiff-leg deadlift,4 or 5,,3-5,3,5,,,,,,"1, 1, 0",,,
Strong & Sculpted,Brad Schoenfeld,A strength and hypertrophy program by Brad Schoenfeld.,4 weeks,Intermediate/Advanced,,,Advanced Body-Sculpting Phase,,,Week WEEK 1,,,Advanced Body-Sculpting Phase - Week WEEK 1 - Tuesday (heavy upper),Tuesday (heavy upper),,Barbell chest press,5 or 6,,3-5,3,5,,,,,,"1, 1, 0",,,
Strong & Sculpted,Brad Schoenfeld,A strength and hypertrophy program by Brad Schoenfeld.,4 weeks,Intermediate/Advanced,,,Advanced Body-Sculpting Phase,,,Week WEEK 1,,,Advanced Body-Sculpting Phase - Week WEEK 1 - Tuesday (heavy upper),Tuesday (heavy upper),,Pull-up,5 or 6,,3-5,3,5,,,,,,"1, 1, 0",,,
Strong & Sculpted,Brad Schoenfeld,A strength and hypertrophy program by Brad Schoenfeld.,4 weeks,Intermediate/Advanced,,,Advanced Body-Sculpting Phase,,,Week WEEK 1,,,Advanced Body-Sculpting Phase - Week WEEK 1 - Tuesday (heavy upper),Tuesday (heavy upper),,Machine shoulder press,5 or 6,,3-5,3,5,,,,,,"1, 1, 0",,,
Strong & Sculpted,Brad Schoenfeld,A strength and hypertrophy program by Brad Schoenfeld.,4 weeks,Intermediate/Advanced,,,Advanced Body-Sculpting Phase,,,Week WEEK 1,,,Advanced Body-Sculpting Phase - Week WEEK 1 - Tuesday (heavy upper),Tuesday (heavy upper),,Barbell reverse bent row,5 or 6,,3-5,3,5,,,,,,"1, 1, 0",,,
Strong & Sculpted,Brad Schoenfeld,A strength and hypertrophy program by Brad Schoenfeld.,4 weeks,Intermediate/Advanced,,,Advanced Body-Sculpting Phase,,,Week WEEK 1,,,Advanced Body-Sculpting Phase - Week WEEK 1 - Thursday (moderate lower and abs),Thursday (moderate lower and abs),,Barbell front squat,3 or 4,,8-12,8,12,,,,,,"1, 1, 0",,,
Strong & Sculpted,Brad Schoenfeld,A strength and hypertrophy program by Brad Schoenfeld.,4 weeks,Intermediate/Advanced,,,Advanced Body-Sculpting Phase,,,Week WEEK 1,,,Advanced Body-Sculpting Phase - Week WEEK 1 - Thursday (moderate lower and abs),Thursday (moderate lower and abs),,Bulgarian split squat,3 or 4,,8-12,8,12,,,,,,"1, 1, 0",,,
Strong & Sculpted,Brad Schoenfeld,A strength and hypertrophy program by Brad Schoenfeld.,4 weeks,Intermediate/Advanced,,,Advanced Body-Sculpting Phase,,,Week WEEK 1,,,Advanced Body-Sculpting Phase - Week WEEK 1 - Thursday (moderate lower and abs),Thursday (moderate lower and abs),,Barbell hip thrust,3 or 4,,8-12,8,12,,,,,,"1, 1, 0",,,
Strong & Sculpted,Brad Schoenfeld,A strength and hypertrophy program by Brad Schoenfeld.,4 weeks,Intermediate/Advanced,,,Advanced Body-Sculpting Phase,,,Week WEEK 1,,,Advanced Body-Sculpting Phase - Week WEEK 1 - Thursday (moderate lower and abs),Thursday (moderate lower and abs),,Hyperextension,3 or 4,,8-12,8,12,,,,,,"1, 1, 0",,,
Strong & Sculpted,Brad Schoenfeld,A strength and hypertrophy program by Brad Schoenfeld.,4 weeks,Intermediate/Advanced,,,Advanced Body-Sculpting Phase,,,Week WEEK 1,,,Advanced Body-Sculpting Phase - Week WEEK 1 - Thursday (moderate lower and abs),Thursday (moderate lower and abs),,Lying leg curl,2 or 3,,8-12,8,12,,,,,,"1, 1, 0",,,
Strong & Sculpted,Brad Schoenfeld,A strength and hypertrophy program by Brad Schoenfeld.,4 weeks,Intermediate/Advanced,,,Advanced Body-Sculpting Phase,,,Week WEEK 1,,,Advanced Body-Sculpting Phase - Week WEEK 1 - Thursday (moderate lower and abs),Thursday (moderate lower and abs),,Machine standing calf raise,2 or 3,,8-12,8,12,,,,,,"1, 1, 0",,,
Strong & Sculpted,Brad Schoenfeld,A strength and hypertrophy program by Brad Schoenfeld.,4 weeks,Intermediate/Advanced,,,Advanced Body-Sculpting Phase,,,Week WEEK 1,,,Advanced Body-Sculpting Phase - Week WEEK 1 - Thursday (moderate lower and abs),Thursday (moderate lower and abs),,Barbell kneeling rollout,2 or 3,,8-12,8,12,,,,,,"1, 1, 0",,,
Strong & Sculpted,Brad Schoenfeld,A strength and hypertrophy program by Brad Schoenfeld.,4 weeks,Intermediate/Advanced,,,Advanced Body-Sculpting Phase,,,Week WEEK 1,,,Advanced Body-Sculpting Phase - Week WEEK 1 - Thursday (moderate lower and abs),Thursday (moderate lower and abs),,Cable side bend,2 or 3,,8-12,8,12,,,,,,"1, 1, 0",,,
Strong & Sculpted,Brad Schoenfeld,A strength and hypertrophy program by Brad Schoenfeld.,4 weeks,Intermediate/Advanced,,,Advanced Body-Sculpting Phase,,,Week WEEK 1,,,Advanced Body-Sculpting Phase - Week WEEK 1 - Friday (moderate upper),Friday (moderate upper),,Machine incline press,3 or 4,,8-12,8,12,,,,,,"1, 1, 0",,,
Strong & Sculpted,Brad Schoenfeld,A strength and hypertrophy program by Brad Schoenfeld.,4 weeks,Intermediate/Advanced,,,Advanced Body-Sculpting Phase,,,Week WEEK 1,,,Advanced Body-Sculpting Phase - Week WEEK 1 - Friday (moderate upper),Friday (moderate upper),,Flat dumbbell fly,3 or 4,,8-12,8,12,,,,,,"1, 1, 0",,,
Strong & Sculpted,Brad Schoenfeld,A strength and hypertrophy program by Brad Schoenfeld.,4 weeks,Intermediate/Advanced,,,Advanced Body-Sculpting Phase,,,Week WEEK 1,,,Advanced Body-Sculpting Phase - Week WEEK 1 - Friday (moderate upper),Friday (moderate upper),,Lat pull-down,3 or 4,,8-12,8,12,,,,,,"1, 1, 0",,,
Strong & Sculpted,Brad Schoenfeld,A strength and hypertrophy program by Brad Schoenfeld.,4 weeks,Intermediate/Advanced,,,Advanced Body-Sculpting Phase,,,Week WEEK 1,,,Advanced Body-Sculpting Phase - Week WEEK 1 - Friday (moderate upper),Friday (moderate upper),,Cable wide-grip seated row,3 or 4,,8-12,8,12,,,,,,"1, 1, 0",,,
Strong & Sculpted,Brad Schoenfeld,A strength and hypertrophy program by Brad Schoenfeld.,4 weeks,Intermediate/Advanced,,,Advanced Body-Sculpting Phase,,,Week WEEK 1,,,Advanced Body-Sculpting Phase - Week WEEK 1 - Friday (moderate upper),Friday (moderate upper),,Dumbbell shoulder press,3 or 4,,8-12,8,12,,,,,,"1, 1, 0",,,
Strong & Sculpted,Brad Schoenfeld,A strength and hypertrophy program by Brad Schoenfeld.,4 weeks,Intermediate/Advanced,,,Advanced Body-Sculpting Phase,,,Week WEEK 1,,,Advanced Body-Sculpting Phase - Week WEEK 1 - Friday (moderate upper),Friday (moderate upper),,Cable lateral raise,3 or 4,,8-12,8,12,,,,,,"1, 1, 0",,,
Strong & Sculpted,Brad Schoenfeld,A strength and hypertrophy program by Brad Schoenfeld.,4 weeks,Intermediate/Advanced,,,Advanced Body-Sculpting Phase,,,Week WEEK 1,,,Advanced Body-Sculpting Phase - Week WEEK 1 - Friday (moderate upper),Friday (moderate upper),,Barbell drag curl,2 or 3,,8-12,8,12,,,,,,"1, 1, 0",,,
Strong & Sculpted,Brad Schoenfeld,A strength and hypertrophy program by Brad Schoenfeld.,4 weeks,Intermediate/Advanced,,,Advanced Body-Sculpting Phase,,,Week WEEK 1,,,Advanced Body-Sculpting Phase - Week WEEK 1 - Friday (moderate upper),Friday (moderate upper),,Dumbbell prone incline curl,2 or 3,,8-12,8,12,,,,,,"1, 1, 0",,,
Strong & Sculpted,Brad Schoenfeld,A strength and hypertrophy program by Brad Schoenfeld.,4 weeks,Intermediate/Advanced,,,Advanced Body-Sculpting Phase,,,Week WEEK 1,,,Advanced Body-Sculpting Phase - Week WEEK 1 - Friday (moderate upper),Friday (moderate upper),,Machine overhead triceps extension,2 or 3,,8-12,8,12,,,,,,"1, 1, 0",,,
Strong & Sculpted,Brad Schoenfeld,A strength and hypertrophy program by Brad Schoenfeld.,4 weeks,Intermediate/Advanced,,,Advanced Body-Sculpting Phase,,,Week WEEK 1,,,Advanced Body-Sculpting Phase - Week WEEK 1 - Friday (moderate upper),Friday (moderate upper),,Triceps dip,2 or 3,,8-12,8,12,,,,,,"1, 1, 0",,,
Strong & Sculpted,Brad Schoenfeld,A strength and hypertrophy program by Brad Schoenfeld.,4 weeks,Intermediate/Advanced,,,Advanced Body-Sculpting Phase,,,Week WEEK 1,,,Advanced Body-Sculpting Phase - Week WEEK 1 - Monday (light lower and abs),Monday (light lower and abs),,Dumbbell reverse lunge,2 or 3,,15-25,15,25,,,,,,"1, 1, 0",,,
Strong & Sculpted,Brad Schoenfeld,A strength and hypertrophy program by Brad Schoenfeld.,4 weeks,Intermediate/Advanced,,,Advanced Body-Sculpting Phase,,,Week WEEK 1,,,Advanced Body-Sculpting Phase - Week WEEK 1 - Monday (light lower and abs),Monday (light lower and abs),,Single-leg extension,2 or 3,,15-25,15,25,,,,,,"1, 1, 0",,,
Strong & Sculpted,Brad Schoenfeld,A strength and hypertrophy program by Brad Schoenfeld.,4 weeks,Intermediate/Advanced,,,Advanced Body-Sculpting Phase,,,Week WEEK 1,,,Advanced Body-Sculpting Phase - Week WEEK 1 - Monday (light lower and abs),Monday (light lower and abs),,Cable standing abduction,2 or 3,,15-25,15,25,,,,,,"1, 1, 0",,,
Strong & Sculpted,Brad Schoenfeld,A strength and hypertrophy program by Brad Schoenfeld.,4 weeks,Intermediate/Advanced,,,Advanced Body-Sculpting Phase,,,Week WEEK 1,,,Advanced Body-Sculpting Phase - Week WEEK 1 - Monday (light lower and abs),Monday (light lower and abs),,Machine seated leg curl,2 or 3,,15-25,15,25,,,,,,"1, 1, 0",,,
Strong & Sculpted,Brad Schoenfeld,A strength and hypertrophy program by Brad Schoenfeld.,4 weeks,Intermediate/Advanced,,,Advanced Body-Sculpting Phase,,,Week WEEK 1,,,Advanced Body-Sculpting Phase - Week WEEK 1 - Monday (light lower and abs),Monday (light lower and abs),,Reverse hyperextension,2 or 3,,15-25,15,25,,,,,,"1, 1, 0",,,
Strong & Sculpted,Brad Schoenfeld,A strength and hypertrophy program by Brad Schoenfeld.,4 weeks,Intermediate/Advanced,,,Advanced Body-Sculpting Phase,,,Week WEEK 1,,,Advanced Body-Sculpting Phase - Week WEEK 1 - Monday (light lower and abs),Monday (light lower and abs),,Machine seated calf raise,2 or 3,,15-25,15,25,,,,,,"1, 1, 0",,,
Strong & Sculpted,Brad Schoenfeld,A strength and hypertrophy program by Brad Schoenfeld.,4 weeks,Intermediate/Advanced,,,Advanced Body-Sculpting Phase,,,Week WEEK 1,,,Advanced Body-Sculpting Phase - Week WEEK 1 - Monday (light lower and abs),Monday (light lower and abs),,Toe press,2 or 3,,15-25,15,25,,,,,,"1, 1, 0",,,
Strong & Sculpted,Brad Schoenfeld,A strength and hypertrophy program by Brad Schoenfeld.,4 weeks,Intermediate/Advanced,,,Advanced Body-Sculpting Phase,,,Week WEEK 1,,,Advanced Body-Sculpting Phase - Week WEEK 1 - Monday (light lower and abs),Monday (light lower and abs),,Reverse crunch,2 or 3,,15-25,15,25,,,,,,"1, 1, 0",,,
Strong & Sculpted,Brad Schoenfeld,A strength and hypertrophy program by Brad Schoenfeld.,4 weeks,Intermediate/Advanced,,,Advanced Body-Sculpting Phase,,,Week WEEK 1,,,Advanced Body-Sculpting Phase - Week WEEK 1 - Monday (light lower and abs),Monday (light lower and abs),,Side bridge,2 or 3,,15-25,15,25,,,,,,"1, 1, 0",,,
Strong & Sculpted,Brad Schoenfeld,A strength and hypertrophy program by Brad Schoenfeld.,4 weeks,Intermediate/Advanced,,,Advanced Body-Sculpting Phase,,,Week WEEK 1,,,Advanced Body-Sculpting Phase - Week WEEK 1 - Monday (light lower and abs),Monday (light lower and abs),,Dumbbell decline press,2 or 3,,15-25,15,25,,,,,,"1, 1, 0",,,
Strong & Sculpted,Brad Schoenfeld,A strength and hypertrophy program by Brad Schoenfeld.,4 weeks,Intermediate/Advanced,,,Advanced Body-Sculpting Phase,,,Week WEEK 1,,,Advanced Body-Sculpting Phase - Week WEEK 1 - Monday (light lower and abs),Monday (light lower and abs),,Pec deck fly,2 or 3,,15-25,15,25,,,,,,"1, 1, 0",,,
Strong & Sculpted,Brad Schoenfeld,A strength and hypertrophy program by Brad Schoenfeld.,4 weeks,Intermediate/Advanced,,,Advanced Body-Sculpting Phase,,,Week WEEK 1,,,Advanced Body-Sculpting Phase - Week WEEK 1 - Monday (light lower and abs),Monday (light lower and abs),,Cross cable pull-down,2 or 3,,15-25,15,25,,,,,,"1, 1, 0",,,
Strong & Sculpted,Brad Schoenfeld,A strength and hypertrophy program by Brad Schoenfeld.,4 weeks,Intermediate/Advanced,,,Advanced Body-Sculpting Phase,,,Week WEEK 1,,,Advanced Body-Sculpting Phase - Week WEEK 1 - Monday (light lower and abs),Monday (light lower and abs),,Cable single-arm standing low row,2 or 3,,15-25,15,25,,,,,,"1, 1, 0",,,
Strong & Sculpted,Brad Schoenfeld,A strength and hypertrophy program by Brad Schoenfeld.,4 weeks,Intermediate/Advanced,,,Advanced Body-Sculpting Phase,,,Week WEEK 1,,,Advanced Body-Sculpting Phase - Week WEEK 1 - Monday (light lower and abs),Monday (light lower and abs),,Dumbbell upright row,2 or 3,,15-25,15,25,,,,,,"1, 1, 0",,,
Strong & Sculpted,Brad Schoenfeld,A strength and hypertrophy program by Brad Schoenfeld.,4 weeks,Intermediate/Advanced,,,Advanced Body-Sculpting Phase,,,Week WEEK 1,,,Advanced Body-Sculpting Phase - Week WEEK 1 - Monday (light lower and abs),Monday (light lower and abs),,Cable reverse fly,2 or 3,,15-25,15,25,,,,,,"1, 1, 0",,,
Strong & Sculpted,Brad Schoenfeld,A strength and hypertrophy program by Brad Schoenfeld.,4 weeks,Intermediate/Advanced,,,Advanced Body-Sculpting Phase,,,Week WEEK 1,,,Advanced Body-Sculpting Phase - Week WEEK 1 - Monday (light lower and abs),Monday (light lower and abs),,Cable curl,2 or 3,,15-25,15,25,,,,,,"1, 1, 0",,,
Strong & Sculpted,Brad Schoenfeld,A strength and hypertrophy program by Brad Schoenfeld.,4 weeks,Intermediate/Advanced,,,Advanced Body-Sculpting Phase,,,Week WEEK 1,,,Advanced Body-Sculpting Phase - Week WEEK 1 - Monday (light lower and abs),Monday (light lower and abs),,Barbell reverse curl,2 or 3,,15-25,15,25,,,,,,"1, 1, 0",,,
Strong & Sculpted,Brad Schoenfeld,A strength and hypertrophy program by Brad Schoenfeld.,4 weeks,Intermediate/Advanced,,,Advanced Body-Sculpting Phase,,,Week WEEK 1,,,Advanced Body-Sculpting Phase - Week WEEK 1 - Monday (light lower and abs),Monday (light lower and abs),,Dumbbell overhead triceps extension,2 or 3,,15-25,15,25,,,,,,"1, 1, 0",,,
Strong & Sculpted,Brad Schoenfeld,A strength and hypertrophy program by Brad Schoenfeld.,4 weeks,Intermediate/Advanced,,,Advanced Body-Sculpting Phase,,,Week WEEK 1,,,Advanced Body-Sculpting Phase - Week WEEK 1 - Monday (light lower and abs),Monday (light lower and abs),,Skull crusher,2 or 3,,15-25,15,25,,,,,,"1, 1, 0",,,
Strong & Sculpted,Brad Schoenfeld,A strength and hypertrophy program by Brad Schoenfeld.,4 weeks,Intermediate/Advanced,,,Advanced Body-Sculpting Phase,,,Week WEEK 2,,,Advanced Body-Sculpting Phase - Week WEEK 2 - Monday (heavy lower),Monday (heavy lower),,Goblet squat,5 or 6,,3-5,3,5,,,,,,"1, 1, 0",,,
Strong & Sculpted,Brad Schoenfeld,A strength and hypertrophy program by Brad Schoenfeld.,4 weeks,Intermediate/Advanced,,,Advanced Body-Sculpting Phase,,,Week WEEK 2,,,Advanced Body-Sculpting Phase - Week WEEK 2 - Monday (heavy lower),Monday (heavy lower),,Deadlift,5 or 6,,3-5,3,5,,,,,,"1, 1, 0",,,
Strong & Sculpted,Brad Schoenfeld,A strength and hypertrophy program by Brad Schoenfeld.,4 weeks,Intermediate/Advanced,,,Advanced Body-Sculpting Phase,,,Week WEEK 2,,,Advanced Body-Sculpting Phase - Week WEEK 2 - Monday (heavy lower),Monday (heavy lower),,Leg press,5 or 6,,3-5,3,5,,,,,,"1, 1, 0",,,
Strong & Sculpted,Brad Schoenfeld,A strength and hypertrophy program by Brad Schoenfeld.,4 weeks,Intermediate/Advanced,,,Advanced Body-Sculpting Phase,,,Week WEEK 2,,,Advanced Body-Sculpting Phase - Week WEEK 2 - Monday (heavy lower),Monday (heavy lower),,Barbell glute bridge,4 or 5,,3-5,3,5,,,,,,"1, 1, 0",,,
Strong & Sculpted,Brad Schoenfeld,A strength and hypertrophy program by Brad Schoenfeld.,4 weeks,Intermediate/Advanced,,,Advanced Body-Sculpting Phase,,,Week WEEK 2,,,Advanced Body-Sculpting Phase - Week WEEK 2 - Monday (heavy lower),Monday (heavy lower),,Dumbbell stiff-leg deadlift,4 or 5,,3-5,3,5,,,,,,"1, 1, 0",,,
Strong & Sculpted,Brad Schoenfeld,A strength and hypertrophy program by Brad Schoenfeld.,4 weeks,Intermediate/Advanced,,,Advanced Body-Sculpting Phase,,,Week WEEK 2,,,Advanced Body-Sculpting Phase - Week WEEK 2 - Tuesday (heavy upper),Tuesday (heavy upper),,Barbell chest press,5 or 6,,3-5,3,5,,,,,,"1, 1, 0",,,
Strong & Sculpted,Brad Schoenfeld,A strength and hypertrophy program by Brad Schoenfeld.,4 weeks,Intermediate/Advanced,,,Advanced Body-Sculpting Phase,,,Week WEEK 2,,,Advanced Body-Sculpting Phase - Week WEEK 2 - Tuesday (heavy upper),Tuesday (heavy upper),,Pull-up,5 or 6,,3-5,3,5,,,,,,"1, 1, 0",,,
Strong & Sculpted,Brad Schoenfeld,A strength and hypertrophy program by Brad Schoenfeld.,4 weeks,Intermediate/Advanced,,,Advanced Body-Sculpting Phase,,,Week WEEK 2,,,Advanced Body-Sculpting Phase - Week WEEK 2 - Tuesday (heavy upper),Tuesday (heavy upper),,Machine shoulder press,5 or 6,,3-5,3,5,,,,,,"1, 1, 0",,,
Strong & Sculpted,Brad Schoenfeld,A strength and hypertrophy program by Brad Schoenfeld.,4 weeks,Intermediate/Advanced,,,Advanced Body-Sculpting Phase,,,Week WEEK 2,,,Advanced Body-Sculpting Phase - Week WEEK 2 - Tuesday (heavy upper),Tuesday (heavy upper),,Barbell reverse bent row,5 or 6,,3-5,3,5,,,,,,"1, 1, 0",,,
Strong & Sculpted,Brad Schoenfeld,A strength and hypertrophy program by Brad Schoenfeld.,4 weeks,Intermediate/Advanced,,,Advanced Body-Sculpting Phase,,,Week WEEK 2,,,Advanced Body-Sculpting Phase - Week WEEK 2 - Thursday (moderate lower and abs),Thursday (moderate lower and abs),,Barbell front squat,3 or 4,,8-12,8,12,,,,,,"1, 1, 0",,,
Strong & Sculpted,Brad Schoenfeld,A strength and hypertrophy program by Brad Schoenfeld.,4 weeks,Intermediate/Advanced,,,Advanced Body-Sculpting Phase,,,Week WEEK 2,,,Advanced Body-Sculpting Phase - Week WEEK 2 - Thursday (moderate lower and abs),Thursday (moderate lower and abs),,Bulgarian split squat,3 or 4,,8-12,8,12,,,,,,"1, 1, 0",,,
Strong & Sculpted,Brad Schoenfeld,A strength and hypertrophy program by Brad Schoenfeld.,4 weeks,Intermediate/Advanced,,,Advanced Body-Sculpting Phase,,,Week WEEK 2,,,Advanced Body-Sculpting Phase - Week WEEK 2 - Thursday (moderate lower and abs),Thursday (moderate lower and abs),,Barbell hip thrust,3 or 4,,8-12,8,12,,,,,,"1, 1, 0",,,
Strong & Sculpted,Brad Schoenfeld,A strength and hypertrophy program by Brad Schoenfeld.,4 weeks,Intermediate/Advanced,,,Advanced Body-Sculpting Phase,,,Week WEEK 2,,,Advanced Body-Sculpting Phase - Week WEEK 2 - Thursday (moderate lower and abs),Thursday (moderate lower and abs),,Hyperextension,3 or 4,,8-12,8,12,,,,,,"1, 1, 0",,,
Strong & Sculpted,Brad Schoenfeld,A strength and hypertrophy program by Brad Schoenfeld.,4 weeks,Intermediate/Advanced,,,Advanced Body-Sculpting Phase,,,Week WEEK 2,,,Advanced Body-Sculpting Phase - Week WEEK 2 - Thursday (moderate lower and abs),Thursday (moderate lower and abs),,Lying leg curl,2 or 3,,8-12,8,12,,,,,,"1, 1, 0",,,
Strong & Sculpted,Brad Schoenfeld,A strength and hypertrophy program by Brad Schoenfeld.,4 weeks,Intermediate/Advanced,,,Advanced Body-Sculpting Phase,,,Week WEEK 2,,,Advanced Body-Sculpting Phase - Week WEEK 2 - Thursday (moderate lower and abs),Thursday (moderate lower and abs),,Machine standing calf raise,2 or 3,,8-12,8,12,,,,,,"1, 1, 0",,,
Strong & Sculpted,Brad Schoenfeld,A strength and hypertrophy program by Brad Schoenfeld.,4 weeks,Intermediate/Advanced,,,Advanced Body-Sculpting Phase,,,Week WEEK 2,,,Advanced Body-Sculpting Phase - Week WEEK 2 - Thursday (moderate lower and abs),Thursday (moderate lower and abs),,Barbell kneeling rollout,2 or 3,,8-12,8,12,,,,,,"1, 1, 0",,,
Strong & Sculpted,Brad Schoenfeld,A strength and hypertrophy program by Brad Schoenfeld.,4 weeks,Intermediate/Advanced,,,Advanced Body-Sculpting Phase,,,Week WEEK 2,,,Advanced Body-Sculpting Phase - Week WEEK 2 - Thursday (moderate lower and abs),Thursday (moderate lower and abs),,Cable side bend,2 or 3,,8-12,8,12,,,,,,"1, 1, 0",,,
Strong & Sculpted,Brad Schoenfeld,A strength and hypertrophy program by Brad Schoenfeld.,4 weeks,Intermediate/Advanced,,,Advanced Body-Sculpting Phase,,,Week WEEK 2,,,Advanced Body-Sculpting Phase - Week WEEK 2 - Friday (moderate upper),Friday (moderate upper),,Machine incline press,3 or 4,,8-12,8,12,,,,,,"1, 1, 0",,,
Strong & Sculpted,Brad Schoenfeld,A strength and hypertrophy program by Brad Schoenfeld.,4 weeks,Intermediate/Advanced,,,Advanced Body-Sculpting Phase,,,Week WEEK 2,,,Advanced Body-Sculpting Phase - Week WEEK 2 - Friday (moderate upper),Friday (moderate upper),,Flat dumbbell fly,3 or 4,,8-12,8,12,,,,,,"1, 1, 0",,,
Strong & Sculpted,Brad Schoenfeld,A strength and hypertrophy program by Brad Schoenfeld.,4 weeks,Intermediate/Advanced,,,Advanced Body-Sculpting Phase,,,Week WEEK 2,,,Advanced Body-Sculpting Phase - Week WEEK 2 - Friday (moderate upper),Friday (moderate upper),,Lat pull-down,3 or 4,,8-12,8,12,,,,,,"1, 1, 0",,,
Strong & Sculpted,Brad Schoenfeld,A strength and hypertrophy program by Brad Schoenfeld.,4 weeks,Intermediate/Advanced,,,Advanced Body-Sculpting Phase,,,Week WEEK 2,,,Advanced Body-Sculpting Phase - Week WEEK 2 - Friday (moderate upper),Friday (moderate upper),,Cable wide-grip seated row,3 or 4,,8-12,8,12,,,,,,"1, 1, 0",,,
Strong & Sculpted,Brad Schoenfeld,A strength and hypertrophy program by Brad Schoenfeld.,4 weeks,Intermediate/Advanced,,,Advanced Body-Sculpting Phase,,,Week WEEK 2,,,Advanced Body-Sculpting Phase - Week WEEK 2 - Friday (moderate upper),Friday (moderate upper),,Dumbbell shoulder press,3 or 4,,8-12,8,12,,,,,,"1, 1, 0",,,
Strong & Sculpted,Brad Schoenfeld,A strength and hypertrophy program by Brad Schoenfeld.,4 weeks,Intermediate/Advanced,,,Advanced Body-Sculpting Phase,,,Week WEEK 2,,,Advanced Body-Sculpting Phase - Week WEEK 2 - Friday (moderate upper),Friday (moderate upper),,Cable lateral raise,3 or 4,,8-12,8,12,,,,,,"1, 1, 0",,,
Strong & Sculpted,Brad Schoenfeld,A strength and hypertrophy program by Brad Schoenfeld.,4 weeks,Intermediate/Advanced,,,Advanced Body-Sculpting Phase,,,Week WEEK 2,,,Advanced Body-Sculpting Phase - Week WEEK 2 - Friday (moderate upper),Friday (moderate upper),,Barbell drag curl,2 or 3,,8-12,8,12,,,,,,"1, 1, 0",,,
Strong & Sculpted,Brad Schoenfeld,A strength and hypertrophy program by Brad Schoenfeld.,4 weeks,Intermediate/Advanced,,,Advanced Body-Sculpting Phase,,,Week WEEK 2,,,Advanced Body-Sculpting Phase - Week WEEK 2 - Friday (moderate upper),Friday (moderate upper),,Dumbbell prone incline curl,2 or 3,,8-12,8,12,,,,,,"1, 1, 0",,,
Strong & Sculpted,Brad Schoenfeld,A strength and hypertrophy program by Brad Schoenfeld.,4 weeks,Intermediate/Advanced,,,Advanced Body-Sculpting Phase,,,Week WEEK 2,,,Advanced Body-Sculpting Phase - Week WEEK 2 - Friday (moderate upper),Friday (moderate upper),,Machine overhead triceps extension,2 or 3,,8-12,8,12,,,,,,"1, 1, 0",,,
Strong & Sculpted,Brad Schoenfeld,A strength and hypertrophy program by Brad Schoenfeld.,4 weeks,Intermediate/Advanced,,,Advanced Body-Sculpting Phase,,,Week WEEK 2,,,Advanced Body-Sculpting Phase - Week WEEK 2 - Friday (moderate upper),Friday (moderate upper),,Triceps dip,2 or 3,,8-12,8,12,,,,,,"1, 1, 0",,,
Strong & Sculpted,Brad Schoenfeld,A strength and hypertrophy program by Brad Schoenfeld.,4 weeks,Intermediate/Advanced,,,Advanced Body-Sculpting Phase,,,Week WEEK 2,,,Advanced Body-Sculpting Phase - Week WEEK 2 - Monday (light lower and abs),Monday (light lower and abs),,Dumbbell reverse lunge,2 or 3,,15-25,15,25,,,,,,"1, 1, 0",,,
Strong & Sculpted,Brad Schoenfeld,A strength and hypertrophy program by Brad Schoenfeld.,4 weeks,Intermediate/Advanced,,,Advanced Body-Sculpting Phase,,,Week WEEK 2,,,Advanced Body-Sculpting Phase - Week WEEK 2 - Monday (light lower and abs),Monday (light lower and abs),,Single-leg extension,2 or 3,,15-25,15,25,,,,,,"1, 1, 0",,,
Strong & Sculpted,Brad Schoenfeld,A strength and hypertrophy program by Brad Schoenfeld.,4 weeks,Intermediate/Advanced,,,Advanced Body-Sculpting Phase,,,Week WEEK 2,,,Advanced Body-Sculpting Phase - Week WEEK 2 - Monday (light lower and abs),Monday (light lower and abs),,Cable standing abduction,2 or 3,,15-25,15,25,,,,,,"1, 1, 0",,,
Strong & Sculpted,Brad Schoenfeld,A strength and hypertrophy program by Brad Schoenfeld.,4 weeks,Intermediate/Advanced,,,Advanced Body-Sculpting Phase,,,Week WEEK 2,,,Advanced Body-Sculpting Phase - Week WEEK 2 - Monday (light lower and abs),Monday (light lower and abs),,Machine seated leg curl,2 or 3,,15-25,15,25,,,,,,"1, 1, 0",,,
Strong & Sculpted,Brad Schoenfeld,A strength and hypertrophy program by Brad Schoenfeld.,4 weeks,Intermediate/Advanced,,,Advanced Body-Sculpting Phase,,,Week WEEK 2,,,Advanced Body-Sculpting Phase - Week WEEK 2 - Monday (light lower and abs),Monday (light lower and abs),,Reverse hyperextension,2 or 3,,15-25,15,25,,,,,,"1, 1, 0",,,
Strong & Sculpted,Brad Schoenfeld,A strength and hypertrophy program by Brad Schoenfeld.,4 weeks,Intermediate/Advanced,,,Advanced Body-Sculpting Phase,,,Week WEEK 2,,,Advanced Body-Sculpting Phase - Week WEEK 2 - Monday (light lower and abs),Monday (light lower and abs),,Machine seated calf raise,2 or 3,,15-25,15,25,,,,,,"1, 1, 0",,,
Strong & Sculpted,Brad Schoenfeld,A strength and hypertrophy program by Brad Schoenfeld.,4 weeks,Intermediate/Advanced,,,Advanced Body-Sculpting Phase,,,Week WEEK 2,,,Advanced Body-Sculpting Phase - Week WEEK 2 - Monday (light lower and abs),Monday (light lower and abs),,Toe press,2 or 3,,15-25,15,25,,,,,,"1, 1, 0",,,
Strong & Sculpted,Brad Schoenfeld,A strength and hypertrophy program by Brad Schoenfeld.,4 weeks,Intermediate/Advanced,,,Advanced Body-Sculpting Phase,,,Week WEEK 2,,,Advanced Body-Sculpting Phase - Week WEEK 2 - Monday (light lower and abs),Monday (light lower and abs),,Reverse crunch,2 or 3,,15-25,15,25,,,,,,"1, 1, 0",,,
Strong & Sculpted,Brad Schoenfeld,A strength and hypertrophy program by Brad Schoenfeld.,4 weeks,Intermediate/Advanced,,,Advanced Body-Sculpting Phase,,,Week WEEK 2,,,Advanced Body-Sculpting Phase - Week WEEK 2 - Monday (light lower and abs),Monday (light lower and abs),,Side bridge,2 or 3,,15-25,15,25,,,,,,"1, 1, 0",,,
Strong & Sculpted,Brad Schoenfeld,A strength and hypertrophy program by Brad Schoenfeld.,4 weeks,Intermediate/Advanced,,,Advanced Body-Sculpting Phase,,,Week WEEK 2,,,Advanced Body-Sculpting Phase - Week WEEK 2 - Monday (light lower and abs),Monday (light lower and abs),,Dumbbell decline press,2 or 3,,15-25,15,25,,,,,,"1, 1, 0",,,
Strong & Sculpted,Brad Schoenfeld,A strength and hypertrophy program by Brad Schoenfeld.,4 weeks,Intermediate/Advanced,,,Advanced Body-Sculpting Phase,,,Week WEEK 2,,,Advanced Body-Sculpting Phase - Week WEEK 2 - Monday (light lower and abs),Monday (light lower and abs),,Pec deck fly,2 or 3,,15-25,15,25,,,,,,"1, 1, 0",,,
Strong & Sculpted,Brad Schoenfeld,A strength and hypertrophy program by Brad Schoenfeld.,4 weeks,Intermediate/Advanced,,,Advanced Body-Sculpting Phase,,,Week WEEK 2,,,Advanced Body-Sculpting Phase - Week WEEK 2 - Monday (light lower and abs),Monday (light lower and abs),,Cross cable pull-down,2 or 3,,15-25,15,25,,,,,,"1, 1, 0",,,
Strong & Sculpted,Brad Schoenfeld,A strength and hypertrophy program by Brad Schoenfeld.,4 weeks,Intermediate/Advanced,,,Advanced Body-Sculpting Phase,,,Week WEEK 2,,,Advanced Body-Sculpting Phase - Week WEEK 2 - Monday (light lower and abs),Monday (light lower and abs),,Cable single-arm standing low row,2 or 3,,15-25,15,25,,,,,,"1, 1, 0",,,
Strong & Sculpted,Brad Schoenfeld,A strength and hypertrophy program by Brad Schoenfeld.,4 weeks,Intermediate/Advanced,,,Advanced Body-Sculpting Phase,,,Week WEEK 2,,,Advanced Body-Sculpting Phase - Week WEEK 2 - Monday (light lower and abs),Monday (light lower and abs),,Dumbbell upright row,2 or 3,,15-25,15,25,,,,,,"1, 1, 0",,,
Strong & Sculpted,Brad Schoenfeld,A strength and hypertrophy program by Brad Schoenfeld.,4 weeks,Intermediate/Advanced,,,Advanced Body-Sculpting Phase,,,Week WEEK 2,,,Advanced Body-Sculpting Phase - Week WEEK 2 - Monday (light lower and abs),Monday (light lower and abs),,Cable reverse fly,2 or 3,,15-25,15,25,,,,,,"1, 1, 0",,,
Strong & Sculpted,Brad Schoenfeld,A strength and hypertrophy program by Brad Schoenfeld.,4 weeks,Intermediate/Advanced,,,Advanced Body-Sculpting Phase,,,Week WEEK 2,,,Advanced Body-Sculpting Phase - Week WEEK 2 - Monday (light lower and abs),Monday (light lower and abs),,Cable curl,2 or 3,,15-25,15,25,,,,,,"1, 1, 0",,,
Strong & Sculpted,Brad Schoenfeld,A strength and hypertrophy program by Brad Schoenfeld.,4 weeks,Intermediate/Advanced,,,Advanced Body-Sculpting Phase,,,Week WEEK 2,,,Advanced Body-Sculpting Phase - Week WEEK 2 - Monday (light lower and abs),Monday (light lower and abs),,Barbell reverse curl,2 or 3,,15-25,15,25,,,,,,"1, 1, 0",,,
Strong & Sculpted,Brad Schoenfeld,A strength and hypertrophy program by Brad Schoenfeld.,4 weeks,Intermediate/Advanced,,,Advanced Body-Sculpting Phase,,,Week WEEK 2,,,Advanced Body-Sculpting Phase - Week WEEK 2 - Monday (light lower and abs),Monday (light lower and abs),,Dumbbell overhead triceps extension,2 or 3,,15-25,15,25,,,,,,"1, 1, 0",,,
Strong & Sculpted,Brad Schoenfeld,A strength and hypertrophy program by Brad Schoenfeld.,4 weeks,Intermediate/Advanced,,,Advanced Body-Sculpting Phase,,,Week WEEK 2,,,Advanced Body-Sculpting Phase - Week WEEK 2 - Monday (light lower and abs),Monday (light lower and abs),,Skull crusher,2 or 3,,15-25,15,25,,,,,,"1, 1, 0",,,
Strong & Sculpted,Brad Schoenfeld,A strength and hypertrophy program by Brad Schoenfeld.,4 weeks,Intermediate/Advanced,,,Advanced Body-Sculpting Phase,,,Week WEEK 3,,,Advanced Body-Sculpting Phase - Week WEEK 3 - Monday (heavy lower),Monday (heavy lower),,Goblet squat,5 or 6,,3-5,3,5,,,,,,"1, 1, 0",,,
Strong & Sculpted,Brad Schoenfeld,A strength and hypertrophy program by Brad Schoenfeld.,4 weeks,Intermediate/Advanced,,,Advanced Body-Sculpting Phase,,,Week WEEK 3,,,Advanced Body-Sculpting Phase - Week WEEK 3 - Monday (heavy lower),Monday (heavy lower),,Deadlift,5 or 6,,3-5,3,5,,,,,,"1, 1, 0",,,
Strong & Sculpted,Brad Schoenfeld,A strength and hypertrophy program by Brad Schoenfeld.,4 weeks,Intermediate/Advanced,,,Advanced Body-Sculpting Phase,,,Week WEEK 3,,,Advanced Body-Sculpting Phase - Week WEEK 3 - Monday (heavy lower),Monday (heavy lower),,Leg press,5 or 6,,3-5,3,5,,,,,,"1, 1, 0",,,
Strong & Sculpted,Brad Schoenfeld,A strength and hypertrophy program by Brad Schoenfeld.,4 weeks,Intermediate/Advanced,,,Advanced Body-Sculpting Phase,,,Week WEEK 3,,,Advanced Body-Sculpting Phase - Week WEEK 3 - Monday (heavy lower),Monday (heavy lower),,Barbell glute bridge,4 or 5,,3-5,3,5,,,,,,"1, 1, 0",,,
Strong & Sculpted,Brad Schoenfeld,A strength and hypertrophy program by Brad Schoenfeld.,4 weeks,Intermediate/Advanced,,,Advanced Body-Sculpting Phase,,,Week WEEK 3,,,Advanced Body-Sculpting Phase - Week WEEK 3 - Monday (heavy lower),Monday (heavy lower),,Dumbbell stiff-leg deadlift,4 or 5,,3-5,3,5,,,,,,"1, 1, 0",,,
Strong & Sculpted,Brad Schoenfeld,A strength and hypertrophy program by Brad Schoenfeld.,4 weeks,Intermediate/Advanced,,,Advanced Body-Sculpting Phase,,,Week WEEK 3,,,Advanced Body-Sculpting Phase - Week WEEK 3 - Tuesday (heavy upper),Tuesday (heavy upper),,Barbell chest press,5 or 6,,3-5,3,5,,,,,,"1, 1, 0",,,
Strong & Sculpted,Brad Schoenfeld,A strength and hypertrophy program by Brad Schoenfeld.,4 weeks,Intermediate/Advanced,,,Advanced Body-Sculpting Phase,,,Week WEEK 3,,,Advanced Body-Sculpting Phase - Week WEEK 3 - Tuesday (heavy upper),Tuesday (heavy upper),,Pull-up,5 or 6,,3-5,3,5,,,,,,"1, 1, 0",,,
Strong & Sculpted,Brad Schoenfeld,A strength and hypertrophy program by Brad Schoenfeld.,4 weeks,Intermediate/Advanced,,,Advanced Body-Sculpting Phase,,,Week WEEK 3,,,Advanced Body-Sculpting Phase - Week WEEK 3 - Tuesday (heavy upper),Tuesday (heavy upper),,Machine shoulder press,5 or 6,,3-5,3,5,,,,,,"1, 1, 0",,,
Strong & Sculpted,Brad Schoenfeld,A strength and hypertrophy program by Brad Schoenfeld.,4 weeks,Intermediate/Advanced,,,Advanced Body-Sculpting Phase,,,Week WEEK 3,,,Advanced Body-Sculpting Phase - Week WEEK 3 - Tuesday (heavy upper),Tuesday (heavy upper),,Barbell reverse bent row,5 or 6,,3-5,3,5,,,,,,"1, 1, 0",,,
Strong & Sculpted,Brad Schoenfeld,A strength and hypertrophy program by Brad Schoenfeld.,4 weeks,Intermediate/Advanced,,,Advanced Body-Sculpting Phase,,,Week WEEK 3,,,Advanced Body-Sculpting Phase - Week WEEK 3 - Thursday (moderate lower and abs),Thursday (moderate lower and abs),,Barbell front squat,3 or 4,,8-12,8,12,,,,,,"1, 1, 0",,,
Strong & Sculpted,Brad Schoenfeld,A strength and hypertrophy program by Brad Schoenfeld.,4 weeks,Intermediate/Advanced,,,Advanced Body-Sculpting Phase,,,Week WEEK 3,,,Advanced Body-Sculpting Phase - Week WEEK 3 - Thursday (moderate lower and abs),Thursday (moderate lower and abs),,Bulgarian split squat,3 or 4,,8-12,8,12,,,,,,"1, 1, 0",,,
Strong & Sculpted,Brad Schoenfeld,A strength and hypertrophy program by Brad Schoenfeld.,4 weeks,Intermediate/Advanced,,,Advanced Body-Sculpting Phase,,,Week WEEK 3,,,Advanced Body-Sculpting Phase - Week WEEK 3 - Thursday (moderate lower and abs),Thursday (moderate lower and abs),,Barbell hip thrust,3 or 4,,8-12,8,12,,,,,,"1, 1, 0",,,
Strong & Sculpted,Brad Schoenfeld,A strength and hypertrophy program by Brad Schoenfeld.,4 weeks,Intermediate/Advanced,,,Advanced Body-Sculpting Phase,,,Week WEEK 3,,,Advanced Body-Sculpting Phase - Week WEEK 3 - Thursday (moderate lower and abs),Thursday (moderate lower and abs),,Hyperextension,3 or 4,,8-12,8,12,,,,,,"1, 1, 0",,,
Strong & Sculpted,Brad Schoenfeld,A strength and hypertrophy program by Brad Schoenfeld.,4 weeks,Intermediate/Advanced,,,Advanced Body-Sculpting Phase,,,Week WEEK 3,,,Advanced Body-Sculpting Phase - Week WEEK 3 - Thursday (moderate lower and abs),Thursday (moderate lower and abs),,Lying leg curl,2 or 3,,8-12,8,12,,,,,,"1, 1, 0",,,
Strong & Sculpted,Brad Schoenfeld,A strength and hypertrophy program by Brad Schoenfeld.,4 weeks,Intermediate/Advanced,,,Advanced Body-Sculpting Phase,,,Week WEEK 3,,,Advanced Body-Sculpting Phase - Week WEEK 3 - Thursday (moderate lower and abs),Thursday (moderate lower and abs),,Machine standing calf raise,2 or 3,,8-12,8,12,,,,,,"1, 1, 0",,,
Strong & Sculpted,Brad Schoenfeld,A strength and hypertrophy program by Brad Schoenfeld.,4 weeks,Intermediate/Advanced,,,Advanced Body-Sculpting Phase,,,Week WEEK 3,,,Advanced Body-Sculpting Phase - Week WEEK 3 - Thursday (moderate lower and abs),Thursday (moderate lower and abs),,Barbell kneeling rollout,2 or 3,,8-12,8,12,,,,,,"1, 1, 0",,,
Strong & Sculpted,Brad Schoenfeld,A strength and hypertrophy program by Brad Schoenfeld.,4 weeks,Intermediate/Advanced,,,Advanced Body-Sculpting Phase,,,Week WEEK 3,,,Advanced Body-Sculpting Phase - Week WEEK 3 - Thursday (moderate lower and abs),Thursday (moderate lower and abs),,Cable side bend,2 or 3,,8-12,8,12,,,,,,"1, 1, 0",,,
Strong & Sculpted,Brad Schoenfeld,A strength and hypertrophy program by Brad Schoenfeld.,4 weeks,Intermediate/Advanced,,,Advanced Body-Sculpting Phase,,,Week WEEK 3,,,Advanced Body-Sculpting Phase - Week WEEK 3 - Friday (moderate upper),Friday (moderate upper),,Machine incline press,3 or 4,,8-12,8,12,,,,,,"1, 1, 0",,,
Strong & Sculpted,Brad Schoenfeld,A strength and hypertrophy program by Brad Schoenfeld.,4 weeks,Intermediate/Advanced,,,Advanced Body-Sculpting Phase,,,Week WEEK 3,,,Advanced Body-Sculpting Phase - Week WEEK 3 - Friday (moderate upper),Friday (moderate upper),,Flat dumbbell fly,3 or 4,,8-12,8,12,,,,,,"1, 1, 0",,,
Strong & Sculpted,Brad Schoenfeld,A strength and hypertrophy program by Brad Schoenfeld.,4 weeks,Intermediate/Advanced,,,Advanced Body-Sculpting Phase,,,Week WEEK 3,,,Advanced Body-Sculpting Phase - Week WEEK 3 - Friday (moderate upper),Friday (moderate upper),,Lat pull-down,3 or 4,,8-12,8,12,,,,,,"1, 1, 0",,,
Strong & Sculpted,Brad Schoenfeld,A strength and hypertrophy program by Brad Schoenfeld.,4 weeks,Intermediate/Advanced,,,Advanced Body-Sculpting Phase,,,Week WEEK 3,,,Advanced Body-Sculpting Phase - Week WEEK 3 - Friday (moderate upper),Friday (moderate upper),,Cable wide-grip seated row,3 or 4,,8-12,8,12,,,,,,"1, 1, 0",,,
Strong & Sculpted,Brad Schoenfeld,A strength and hypertrophy program by Brad Schoenfeld.,4 weeks,Intermediate/Advanced,,,Advanced Body-Sculpting Phase,,,Week WEEK 3,,,Advanced Body-Sculpting Phase - Week WEEK 3 - Friday (moderate upper),Friday (moderate upper),,Dumbbell shoulder press,3 or 4,,8-12,8,12,,,,,,"1, 1, 0",,,
Strong & Sculpted,Brad Schoenfeld,A strength and hypertrophy program by Brad Schoenfeld.,4 weeks,Intermediate/Advanced,,,Advanced Body-Sculpting Phase,,,Week WEEK 3,,,Advanced Body-Sculpting Phase - Week WEEK 3 - Friday (moderate upper),Friday (moderate upper),,Cable lateral raise,3 or 4,,8-12,8,12,,,,,,"1, 1, 0",,,
Strong & Sculpted,Brad Schoenfeld,A strength and hypertrophy program by Brad Schoenfeld.,4 weeks,Intermediate/Advanced,,,Advanced Body-Sculpting Phase,,,Week WEEK 3,,,Advanced Body-Sculpting Phase - Week WEEK 3 - Friday (moderate upper),Friday (moderate upper),,Barbell drag curl,2 or 3,,8-12,8,12,,,,,,"1, 1, 0",,,
Strong & Sculpted,Brad Schoenfeld,A strength and hypertrophy program by Brad Schoenfeld.,4 weeks,Intermediate/Advanced,,,Advanced Body-Sculpting Phase,,,Week WEEK 3,,,Advanced Body-Sculpting Phase - Week WEEK 3 - Friday (moderate upper),Friday (moderate upper),,Dumbbell prone incline curl,2 or 3,,8-12,8,12,,,,,,"1, 1, 0",,,
Strong & Sculpted,Brad Schoenfeld,A strength and hypertrophy program by Brad Schoenfeld.,4 weeks,Intermediate/Advanced,,,Advanced Body-Sculpting Phase,,,Week WEEK 3,,,Advanced Body-Sculpting Phase - Week WEEK 3 - Friday (moderate upper),Friday (moderate upper),,Machine overhead triceps extension,2 or 3,,8-12,8,12,,,,,,"1, 1, 0",,,
Strong & Sculpted,Brad Schoenfeld,A strength and hypertrophy program by Brad Schoenfeld.,4 weeks,Intermediate/Advanced,,,Advanced Body-Sculpting Phase,,,Week WEEK 3,,,Advanced Body-Sculpting Phase - Week WEEK 3 - Friday (moderate upper),Friday (moderate upper),,Triceps dip,2 or 3,,8-12,8,12,,,,,,"1, 1, 0",,,
Strong & Sculpted,Brad Schoenfeld,A strength and hypertrophy program by Brad Schoenfeld.,4 weeks,Intermediate/Advanced,,,Advanced Body-Sculpting Phase,,,Week WEEK 3,,,Advanced Body-Sculpting Phase - Week WEEK 3 - Monday (light lower and abs),Monday (light lower and abs),,Dumbbell reverse lunge,2 or 3,,15-25,15,25,,,,,,"1, 1, 0",,,
Strong & Sculpted,Brad Schoenfeld,A strength and hypertrophy program by Brad Schoenfeld.,4 weeks,Intermediate/Advanced,,,Advanced Body-Sculpting Phase,,,Week WEEK 3,,,Advanced Body-Sculpting Phase - Week WEEK 3 - Monday (light lower and abs),Monday (light lower and abs),,Single-leg extension,2 or 3,,15-25,15,25,,,,,,"1, 1, 0",,,
Strong & Sculpted,Brad Schoenfeld,A strength and hypertrophy program by Brad Schoenfeld.,4 weeks,Intermediate/Advanced,,,Advanced Body-Sculpting Phase,,,Week WEEK 3,,,Advanced Body-Sculpting Phase - Week WEEK 3 - Monday (light lower and abs),Monday (light lower and abs),,Cable standing abduction,2 or 3,,15-25,15,25,,,,,,"1, 1, 0",,,
Strong & Sculpted,Brad Schoenfeld,A strength and hypertrophy program by Brad Schoenfeld.,4 weeks,Intermediate/Advanced,,,Advanced Body-Sculpting Phase,,,Week WEEK 3,,,Advanced Body-Sculpting Phase - Week WEEK 3 - Monday (light lower and abs),Monday (light lower and abs),,Machine seated leg curl,2 or 3,,15-25,15,25,,,,,,"1, 1, 0",,,
Strong & Sculpted,Brad Schoenfeld,A strength and hypertrophy program by Brad Schoenfeld.,4 weeks,Intermediate/Advanced,,,Advanced Body-Sculpting Phase,,,Week WEEK 3,,,Advanced Body-Sculpting Phase - Week WEEK 3 - Monday (light lower and abs),Monday (light lower and abs),,Reverse hyperextension,2 or 3,,15-25,15,25,,,,,,"1, 1, 0",,,
Strong & Sculpted,Brad Schoenfeld,A strength and hypertrophy program by Brad Schoenfeld.,4 weeks,Intermediate/Advanced,,,Advanced Body-Sculpting Phase,,,Week WEEK 3,,,Advanced Body-Sculpting Phase - Week WEEK 3 - Monday (light lower and abs),Monday (light lower and abs),,Machine seated calf raise,2 or 3,,15-25,15,25,,,,,,"1, 1, 0",,,
Strong & Sculpted,Brad Schoenfeld,A strength and hypertrophy program by Brad Schoenfeld.,4 weeks,Intermediate/Advanced,,,Advanced Body-Sculpting Phase,,,Week WEEK 3,,,Advanced Body-Sculpting Phase - Week WEEK 3 - Monday (light lower and abs),Monday (light lower and abs),,Toe press,2 or 3,,15-25,15,25,,,,,,"1, 1, 0",,,
Strong & Sculpted,Brad Schoenfeld,A strength and hypertrophy program by Brad Schoenfeld.,4 weeks,Intermediate/Advanced,,,Advanced Body-Sculpting Phase,,,Week WEEK 3,,,Advanced Body-Sculpting Phase - Week WEEK 3 - Monday (light lower and abs),Monday (light lower and abs),,Reverse crunch,2 or 3,,15-25,15,25,,,,,,"1, 1, 0",,,
Strong & Sculpted,Brad Schoenfeld,A strength and hypertrophy program by Brad Schoenfeld.,4 weeks,Intermediate/Advanced,,,Advanced Body-Sculpting Phase,,,Week WEEK 3,,,Advanced Body-Sculpting Phase - Week WEEK 3 - Monday (light lower and abs),Monday (light lower and abs),,Side bridge,2 or 3,,15-25,15,25,,,,,,"1, 1, 0",,,
Strong & Sculpted,Brad Schoenfeld,A strength and hypertrophy program by Brad Schoenfeld.,4 weeks,Intermediate/Advanced,,,Advanced Body-Sculpting Phase,,,Week WEEK 3,,,Advanced Body-Sculpting Phase - Week WEEK 3 - Monday (light lower and abs),Monday (light lower and abs),,Dumbbell decline press,2 or 3,,15-25,15,25,,,,,,"1, 1, 0",,,
Strong & Sculpted,Brad Schoenfeld,A strength and hypertrophy program by Brad Schoenfeld.,4 weeks,Intermediate/Advanced,,,Advanced Body-Sculpting Phase,,,Week WEEK 3,,,Advanced Body-Sculpting Phase - Week WEEK 3 - Monday (light lower and abs),Monday (light lower and abs),,Pec deck fly,2 or 3,,15-25,15,25,,,,,,"1, 1, 0",,,
Strong & Sculpted,Brad Schoenfeld,A strength and hypertrophy program by Brad Schoenfeld.,4 weeks,Intermediate/Advanced,,,Advanced Body-Sculpting Phase,,,Week WEEK 3,,,Advanced Body-Sculpting Phase - Week WEEK 3 - Monday (light lower and abs),Monday (light lower and abs),,Cross cable pull-down,2 or 3,,15-25,15,25,,,,,,"1, 1, 0",,,
Strong & Sculpted,Brad Schoenfeld,A strength and hypertrophy program by Brad Schoenfeld.,4 weeks,Intermediate/Advanced,,,Advanced Body-Sculpting Phase,,,Week WEEK 3,,,Advanced Body-Sculpting Phase - Week WEEK 3 - Monday (light lower and abs),Monday (light lower and abs),,Cable single-arm standing low row,2 or 3,,15-25,15,25,,,,,,"1, 1, 0",,,
Strong & Sculpted,Brad Schoenfeld,A strength and hypertrophy program by Brad Schoenfeld.,4 weeks,Intermediate/Advanced,,,Advanced Body-Sculpting Phase,,,Week WEEK 3,,,Advanced Body-Sculpting Phase - Week WEEK 3 - Monday (light lower and abs),Monday (light lower and abs),,Dumbbell upright row,2 or 3,,15-25,15,25,,,,,,"1, 1, 0",,,
Strong & Sculpted,Brad Schoenfeld,A strength and hypertrophy program by Brad Schoenfeld.,4 weeks,Intermediate/Advanced,,,Advanced Body-Sculpting Phase,,,Week WEEK 3,,,Advanced Body-Sculpting Phase - Week WEEK 3 - Monday (light lower and abs),Monday (light lower and abs),,Cable reverse fly,2 or 3,,15-25,15,25,,,,,,"1, 1, 0",,,
Strong & Sculpted,Brad Schoenfeld,A strength and hypertrophy program by Brad Schoenfeld.,4 weeks,Intermediate/Advanced,,,Advanced Body-Sculpting Phase,,,Week WEEK 3,,,Advanced Body-Sculpting Phase - Week WEEK 3 - Monday (light lower and abs),Monday (light lower and abs),,Cable curl,2 or 3,,15-25,15,25,,,,,,"1, 1, 0",,,
Strong & Sculpted,Brad Schoenfeld,A strength and hypertrophy program by Brad Schoenfeld.,4 weeks,Intermediate/Advanced,,,Advanced Body-Sculpting Phase,,,Week WEEK 3,,,Advanced Body-Sculpting Phase - Week WEEK 3 - Monday (light lower and abs),Monday (light lower and abs),,Barbell reverse curl,2 or 3,,15-25,15,25,,,,,,"1, 1, 0",,,
Strong & Sculpted,Brad Schoenfeld,A strength and hypertrophy program by Brad Schoenfeld.,4 weeks,Intermediate/Advanced,,,Advanced Body-Sculpting Phase,,,Week WEEK 3,,,Advanced Body-Sculpting Phase - Week WEEK 3 - Monday (light lower and abs),Monday (light lower and abs),,Dumbbell overhead triceps extension,2 or 3,,15-25,15,25,,,,,,"1, 1, 0",,,
Strong & Sculpted,Brad Schoenfeld,A strength and hypertrophy program by Brad Schoenfeld.,4 weeks,Intermediate/Advanced,,,Advanced Body-Sculpting Phase,,,Week WEEK 3,,,Advanced Body-Sculpting Phase - Week WEEK 3 - Monday (light lower and abs),Monday (light lower and abs),,Skull crusher,2 or 3,,15-25,15,25,,,,,,"1, 1, 0",,,
Strong & Sculpted,Brad Schoenfeld,A strength and hypertrophy program by Brad Schoenfeld.,4 weeks,Intermediate/Advanced,,,Advanced Body-Sculpting Phase,,,Week WEEK 4,,,Advanced Body-Sculpting Phase - Week WEEK 4 - Deload (Monday/Thursday),Deload (Monday/Thursday),,Dumbbell chest press,2,,15-20,15,20,,,,,,3,,,
Strong & Sculpted,Brad Schoenfeld,A strength and hypertrophy program by Brad Schoenfeld.,4 weeks,Intermediate/Advanced,,,Advanced Body-Sculpting Phase,,,Week WEEK 4,,,Advanced Body-Sculpting Phase - Week WEEK 4 - Deload (Monday/Thursday),Deload (Monday/Thursday),,Dumbbell single-arm row,2,,15-20,15,20,,,,,,3,,,
Strong & Sculpted,Brad Schoenfeld,A strength and hypertrophy program by Brad Schoenfeld.,4 weeks,Intermediate/Advanced,,,Advanced Body-Sculpting Phase,,,Week WEEK 4,,,Advanced Body-Sculpting Phase - Week WEEK 4 - Deload (Monday/Thursday),Deload (Monday/Thursday),,Military press,2,,15-20,15,20,,,,,,3,,,
Strong & Sculpted,Brad Schoenfeld,A strength and hypertrophy program by Brad Schoenfeld.,4 weeks,Intermediate/Advanced,,,Advanced Body-Sculpting Phase,,,Week WEEK 4,,,Advanced Body-Sculpting Phase - Week WEEK 4 - Deload (Monday/Thursday),Deload (Monday/Thursday),,Barbell back squat,2,,15-20,15,20,,,,,,3,,,
Strong & Sculpted,Brad Schoenfeld,A strength and hypertrophy program by Brad Schoenfeld.,4 weeks,Intermediate/Advanced,,,Advanced Body-Sculpting Phase,,,Week WEEK 4,,,Advanced Body-Sculpting Phase - Week WEEK 4 - Deload (Monday/Thursday),Deload (Monday/Thursday),,Dumbbell lunge,2,,15-20,15,20,,,,,,3,,,
Strong & Sculpted,Brad Schoenfeld,A strength and hypertrophy program by Brad Schoenfeld.,4 weeks,Intermediate/Advanced,,,Advanced Body-Sculpting Phase,,,Week WEEK 4,,,Advanced Body-Sculpting Phase - Week WEEK 4 - Deload (Monday/Thursday),Deload (Monday/Thursday),,Dumbbell stiff-leg deadlift,2,,15-20,15,20,,,,,,3,,,
Strong & Sculpted,Brad Schoenfeld,A strength and hypertrophy program by Brad Schoenfeld.,4 weeks,Intermediate/Advanced,,,Advanced Body-Sculpting Phase,,,Week WEEK 1,,,Advanced Body-Sculpting Phase - Week WEEK 1 - Monday (heavy lower),Monday (heavy lower),,Goblet squat,5 or 6,,3-5,3,5,,,,,,"1, 1, 0",,,
Strong & Sculpted,Brad Schoenfeld,A strength and hypertrophy program by Brad Schoenfeld.,4 weeks,Intermediate/Advanced,,,Advanced Body-Sculpting Phase,,,Week WEEK 1,,,Advanced Body-Sculpting Phase - Week WEEK 1 - Monday (heavy lower),Monday (heavy lower),,Deadlift,5 or 6,,3-5,3,5,,,,,,"1, 1, 0",,,
Strong & Sculpted,Brad Schoenfeld,A strength and hypertrophy program by Brad Schoenfeld.,4 weeks,Intermediate/Advanced,,,Advanced Body-Sculpting Phase,,,Week WEEK 1,,,Advanced Body-Sculpting Phase - Week WEEK 1 - Monday (heavy lower),Monday (heavy lower),,Leg press,5 or 6,,3-5,3,5,,,,,,"1, 1, 0",,,
Strong & Sculpted,Brad Schoenfeld,A strength and hypertrophy program by Brad Schoenfeld.,4 weeks,Intermediate/Advanced,,,Advanced Body-Sculpting Phase,,,Week WEEK 1,,,Advanced Body-Sculpting Phase - Week WEEK 1 - Monday (heavy lower),Monday (heavy lower),,Barbell glute bridge,4 or 5,,3-5,3,5,,,,,,"1, 1, 0",,,
Strong & Sculpted,Brad Schoenfeld,A strength and hypertrophy program by Brad Schoenfeld.,4 weeks,Intermediate/Advanced,,,Advanced Body-Sculpting Phase,,,Week WEEK 1,,,Advanced Body-Sculpting Phase - Week WEEK 1 - Monday (heavy lower),Monday (heavy lower),,Dumbbell stiff-leg deadlift,4 or 5,,3-5,3,5,,,,,,"1, 1, 0",,,
Strong & Sculpted,Brad Schoenfeld,A strength and hypertrophy program by Brad Schoenfeld.,4 weeks,Intermediate/Advanced,,,Advanced Body-Sculpting Phase,,,Week WEEK 1,,,Advanced Body-Sculpting Phase - Week WEEK 1 - Tuesday (heavy upper),Tuesday (heavy upper),,Barbell chest press,5 or 6,,3-5,3,5,,,,,,"1, 1, 0",,,
Strong & Sculpted,Brad Schoenfeld,A strength and hypertrophy program by Brad Schoenfeld.,4 weeks,Intermediate/Advanced,,,Advanced Body-Sculpting Phase,,,Week WEEK 1,,,Advanced Body-Sculpting Phase - Week WEEK 1 - Tuesday (heavy upper),Tuesday (heavy upper),,Pull-up,5 or 6,,3-5,3,5,,,,,,"1, 1, 0",,,
Strong & Sculpted,Brad Schoenfeld,A strength and hypertrophy program by Brad Schoenfeld.,4 weeks,Intermediate/Advanced,,,Advanced Body-Sculpting Phase,,,Week WEEK 1,,,Advanced Body-Sculpting Phase - Week WEEK 1 - Tuesday (heavy upper),Tuesday (heavy upper),,Machine shoulder press,5 or 6,,3-5,3,5,,,,,,"1, 1, 0",,,
Strong & Sculpted,Brad Schoenfeld,A strength and hypertrophy program by Brad Schoenfeld.,4 weeks,Intermediate/Advanced,,,Advanced Body-Sculpting Phase,,,Week WEEK 1,,,Advanced Body-Sculpting Phase - Week WEEK 1 - Tuesday (heavy upper),Tuesday (heavy upper),,Barbell reverse bent row,5 or 6,,3-5,3,5,,,,,,"1, 1, 0",,,
Strong & Sculpted,Brad Schoenfeld,A strength and hypertrophy program by Brad Schoenfeld.,4 weeks,Intermediate/Advanced,,,Advanced Body-Sculpting Phase,,,Week WEEK 1,,,Advanced Body-Sculpting Phase - Week WEEK 1 - Thursday (moderate lower and abs),Thursday (moderate lower and abs),,Barbell front squat,3 or 4,,8-12,8,12,,,,,,"1, 1, 0",,,
Strong & Sculpted,Brad Schoenfeld,A strength and hypertrophy program by Brad Schoenfeld.,4 weeks,Intermediate/Advanced,,,Advanced Body-Sculpting Phase,,,Week WEEK 1,,,Advanced Body-Sculpting Phase - Week WEEK 1 - Thursday (moderate lower and abs),Thursday (moderate lower and abs),,Bulgarian split squat,3 or 4,,8-12,8,12,,,,,,"1, 1, 0",,,
Strong & Sculpted,Brad Schoenfeld,A strength and hypertrophy program by Brad Schoenfeld.,4 weeks,Intermediate/Advanced,,,Advanced Body-Sculpting Phase,,,Week WEEK 1,,,Advanced Body-Sculpting Phase - Week WEEK 1 - Thursday (moderate lower and abs),Thursday (moderate lower and abs),,Barbell hip thrust,3 or 4,,8-12,8,12,,,,,,"1, 1, 0",,,
Strong & Sculpted,Brad Schoenfeld,A strength and hypertrophy program by Brad Schoenfeld.,4 weeks,Intermediate/Advanced,,,Advanced Body-Sculpting Phase,,,Week WEEK 1,,,Advanced Body-Sculpting Phase - Week WEEK 1 - Thursday (moderate lower and abs),Thursday (moderate lower and abs),,Hyperextension,3 or 4,,8-12,8,12,,,,,,"1, 1, 0",,,
Strong & Sculpted,Brad Schoenfeld,A strength and hypertrophy program by Brad Schoenfeld.,4 weeks,Intermediate/Advanced,,,Advanced Body-Sculpting Phase,,,Week WEEK 1,,,Advanced Body-Sculpting Phase - Week WEEK 1 - Thursday (moderate lower and abs),Thursday (moderate lower and abs),,Lying leg curl,2 or 3,,8-12,8,12,,,,,,"1, 1, 0",,,
Strong & Sculpted,Brad Schoenfeld,A strength and hypertrophy program by Brad Schoenfeld.,4 weeks,Intermediate/Advanced,,,Advanced Body-Sculpting Phase,,,Week WEEK 1,,,Advanced Body-Sculpting Phase - Week WEEK 1 - Thursday (moderate lower and abs),Thursday (moderate lower and abs),,Machine standing calf raise,2 or 3,,8-12,8,12,,,,,,"1, 1, 0",,,
Strong & Sculpted,Brad Schoenfeld,A strength and hypertrophy program by Brad Schoenfeld.,4 weeks,Intermediate/Advanced,,,Advanced Body-Sculpting Phase,,,Week WEEK 1,,,Advanced Body-Sculpting Phase - Week WEEK 1 - Thursday (moderate lower and abs),Thursday (moderate lower and abs),,Barbell kneeling rollout,2 or 3,,8-12,8,12,,,,,,"1, 1, 0",,,
Strong & Sculpted,Brad Schoenfeld,A strength and hypertrophy program by Brad Schoenfeld.,4 weeks,Intermediate/Advanced,,,Advanced Body-Sculpting Phase,,,Week WEEK 1,,,Advanced Body-Sculpting Phase - Week WEEK 1 - Thursday (moderate lower and abs),Thursday (moderate lower and abs),,Cable side bend,2 or 3,,8-12,8,12,,,,,,"1, 1, 0",,,
Strong & Sculpted,Brad Schoenfeld,A strength and hypertrophy program by Brad Schoenfeld.,4 weeks,Intermediate/Advanced,,,Advanced Body-Sculpting Phase,,,Week WEEK 1,,,Advanced Body-Sculpting Phase - Week WEEK 1 - Friday (moderate upper),Friday (moderate upper),,Machine incline press,3 or 4,,8-12,8,12,,,,,,"1, 1, 0",,,
Strong & Sculpted,Brad Schoenfeld,A strength and hypertrophy program by Brad Schoenfeld.,4 weeks,Intermediate/Advanced,,,Advanced Body-Sculpting Phase,,,Week WEEK 1,,,Advanced Body-Sculpting Phase - Week WEEK 1 - Friday (moderate upper),Friday (moderate upper),,Flat dumbbell fly,3 or 4,,8-12,8,12,,,,,,"1, 1, 0",,,
Strong & Sculpted,Brad Schoenfeld,A strength and hypertrophy program by Brad Schoenfeld.,4 weeks,Intermediate/Advanced,,,Advanced Body-Sculpting Phase,,,Week WEEK 1,,,Advanced Body-Sculpting Phase - Week WEEK 1 - Friday (moderate upper),Friday (moderate upper),,Lat pull-down,3 or 4,,8-12,8,12,,,,,,"1, 1, 0",,,
Strong & Sculpted,Brad Schoenfeld,A strength and hypertrophy program by Brad Schoenfeld.,4 weeks,Intermediate/Advanced,,,Advanced Body-Sculpting Phase,,,Week WEEK 1,,,Advanced Body-Sculpting Phase - Week WEEK 1 - Friday (moderate upper),Friday (moderate upper),,Cable wide-grip seated row,3 or 4,,8-12,8,12,,,,,,"1, 1, 0",,,
Strong & Sculpted,Brad Schoenfeld,A strength and hypertrophy program by Brad Schoenfeld.,4 weeks,Intermediate/Advanced,,,Advanced Body-Sculpting Phase,,,Week WEEK 1,,,Advanced Body-Sculpting Phase - Week WEEK 1 - Friday (moderate upper),Friday (moderate upper),,Dumbbell shoulder press,3 or 4,,8-12,8,12,,,,,,"1, 1, 0",,,
Strong & Sculpted,Brad Schoenfeld,A strength and hypertrophy program by Brad Schoenfeld.,4 weeks,Intermediate/Advanced,,,Advanced Body-Sculpting Phase,,,Week WEEK 1,,,Advanced Body-Sculpting Phase - Week WEEK 1 - Friday (moderate upper),Friday (moderate upper),,Cable lateral raise,3 or 4,,8-12,8,12,,,,,,"1, 1, 0",,,
Strong & Sculpted,Brad Schoenfeld,A strength and hypertrophy program by Brad Schoenfeld.,4 weeks,Intermediate/Advanced,,,Advanced Body-Sculpting Phase,,,Week WEEK 1,,,Advanced Body-Sculpting Phase - Week WEEK 1 - Friday (moderate upper),Friday (moderate upper),,Barbell drag curl,2 or 3,,8-12,8,12,,,,,,"1, 1, 0",,,
Strong & Sculpted,Brad Schoenfeld,A strength and hypertrophy program by Brad Schoenfeld.,4 weeks,Intermediate/Advanced,,,Advanced Body-Sculpting Phase,,,Week WEEK 1,,,Advanced Body-Sculpting Phase - Week WEEK 1 - Friday (moderate upper),Friday (moderate upper),,Dumbbell prone incline curl,2 or 3,,8-12,8,12,,,,,,"1, 1, 0",,,
Strong & Sculpted,Brad Schoenfeld,A strength and hypertrophy program by Brad Schoenfeld.,4 weeks,Intermediate/Advanced,,,Advanced Body-Sculpting Phase,,,Week WEEK 1,,,Advanced Body-Sculpting Phase - Week WEEK 1 - Friday (moderate upper),Friday (moderate upper),,Machine overhead triceps extension,2 or 3,,8-12,8,12,,,,,,"1, 1, 0",,,
Strong & Sculpted,Brad Schoenfeld,A strength and hypertrophy program by Brad Schoenfeld.,4 weeks,Intermediate/Advanced,,,Advanced Body-Sculpting Phase,,,Week WEEK 1,,,Advanced Body-Sculpting Phase - Week WEEK 1 - Friday (moderate upper),Friday (moderate upper),,Triceps dip,2 or 3,,8-12,8,12,,,,,,"1, 1, 0",,,
Strong & Sculpted,Brad Schoenfeld,A strength and hypertrophy program by Brad Schoenfeld.,4 weeks,Intermediate/Advanced,,,Advanced Body-Sculpting Phase,,,Week WEEK 1,,,Advanced Body-Sculpting Phase - Week WEEK 1 - Monday (light lower and abs),Monday (light lower and abs),,Dumbbell reverse lunge,2 or 3,,15-25,15,25,,,,,,"1, 1, 0",,,
Strong & Sculpted,Brad Schoenfeld,A strength and hypertrophy program by Brad Schoenfeld.,4 weeks,Intermediate/Advanced,,,Advanced Body-Sculpting Phase,,,Week WEEK 1,,,Advanced Body-Sculpting Phase - Week WEEK 1 - Monday (light lower and abs),Monday (light lower and abs),,Single-leg extension,2 or 3,,15-25,15,25,,,,,,"1, 1, 0",,,
Strong & Sculpted,Brad Schoenfeld,A strength and hypertrophy program by Brad Schoenfeld.,4 weeks,Intermediate/Advanced,,,Advanced Body-Sculpting Phase,,,Week WEEK 1,,,Advanced Body-Sculpting Phase - Week WEEK 1 - Monday (light lower and abs),Monday (light lower and abs),,Cable standing abduction,2 or 3,,15-25,15,25,,,,,,"1, 1, 0",,,
Strong & Sculpted,Brad Schoenfeld,A strength and hypertrophy program by Brad Schoenfeld.,4 weeks,Intermediate/Advanced,,,Advanced Body-Sculpting Phase,,,Week WEEK 1,,,Advanced Body-Sculpting Phase - Week WEEK 1 - Monday (light lower and abs),Monday (light lower and abs),,Machine seated leg curl,2 or 3,,15-25,15,25,,,,,,"1, 1, 0",,,
Strong & Sculpted,Brad Schoenfeld,A strength and hypertrophy program by Brad Schoenfeld.,4 weeks,Intermediate/Advanced,,,Advanced Body-Sculpting Phase,,,Week WEEK 1,,,Advanced Body-Sculpting Phase - Week WEEK 1 - Monday (light lower and abs),Monday (light lower and abs),,Reverse hyperextension,2 or 3,,15-25,15,25,,,,,,"1, 1, 0",,,
Strong & Sculpted,Brad Schoenfeld,A strength and hypertrophy program by Brad Schoenfeld.,4 weeks,Intermediate/Advanced,,,Advanced Body-Sculpting Phase,,,Week WEEK 1,,,Advanced Body-Sculpting Phase - Week WEEK 1 - Monday (light lower and abs),Monday (light lower and abs),,Machine seated calf raise,2 or 3,,15-25,15,25,,,,,,"1, 1, 0",,,
Strong & Sculpted,Brad Schoenfeld,A strength and hypertrophy program by Brad Schoenfeld.,4 weeks,Intermediate/Advanced,,,Advanced Body-Sculpting Phase,,,Week WEEK 1,,,Advanced Body-Sculpting Phase - Week WEEK 1 - Monday (light lower and abs),Monday (light lower and abs),,Toe press,2 or 3,,15-25,15,25,,,,,,"1, 1, 0",,,
Strong & Sculpted,Brad Schoenfeld,A strength and hypertrophy program by Brad Schoenfeld.,4 weeks,Intermediate/Advanced,,,Advanced Body-Sculpting Phase,,,Week WEEK 1,,,Advanced Body-Sculpting Phase - Week WEEK 1 - Monday (light lower and abs),Monday (light lower and abs),,Reverse crunch,2 or 3,,15-25,15,25,,,,,,"1, 1, 0",,,
Strong & Sculpted,Brad Schoenfeld,A strength and hypertrophy program by Brad Schoenfeld.,4 weeks,Intermediate/Advanced,,,Advanced Body-Sculpting Phase,,,Week WEEK 1,,,Advanced Body-Sculpting Phase - Week WEEK 1 - Monday (light lower and abs),Monday (light lower and abs),,Side bridge,2 or 3,,15-25,15,25,,,,,,"1, 1, 0",,,
Strong & Sculpted,Brad Schoenfeld,A strength and hypertrophy program by Brad Schoenfeld.,4 weeks,Intermediate/Advanced,,,Advanced Body-Sculpting Phase,,,Week WEEK 1,,,Advanced Body-Sculpting Phase - Week WEEK 1 - Monday (light lower and abs),Monday (light lower and abs),,Dumbbell decline press,2 or 3,,15-25,15,25,,,,,,"1, 1, 0",,,
Strong & Sculpted,Brad Schoenfeld,A strength and hypertrophy program by Brad Schoenfeld.,4 weeks,Intermediate/Advanced,,,Advanced Body-Sculpting Phase,,,Week WEEK 1,,,Advanced Body-Sculpting Phase - Week WEEK 1 - Monday (light lower and abs),Monday (light lower and abs),,Pec deck fly,2 or 3,,15-25,15,25,,,,,,"1, 1, 0",,,
Strong & Sculpted,Brad Schoenfeld,A strength and hypertrophy program by Brad Schoenfeld.,4 weeks,Intermediate/Advanced,,,Advanced Body-Sculpting Phase,,,Week WEEK 1,,,Advanced Body-Sculpting Phase - Week WEEK 1 - Monday (light lower and abs),Monday (light lower and abs),,Cross cable pull-down,2 or 3,,15-25,15,25,,,,,,"1, 1, 0",,,
Strong & Sculpted,Brad Schoenfeld,A strength and hypertrophy program by Brad Schoenfeld.,4 weeks,Intermediate/Advanced,,,Advanced Body-Sculpting Phase,,,Week WEEK 1,,,Advanced Body-Sculpting Phase - Week WEEK 1 - Monday (light lower and abs),Monday (light lower and abs),,Cable single-arm standing low row,2 or 3,,15-25,15,25,,,,,,"1, 1, 0",,,
Strong & Sculpted,Brad Schoenfeld,A strength and hypertrophy program by Brad Schoenfeld.,4 weeks,Intermediate/Advanced,,,Advanced Body-Sculpting Phase,,,Week WEEK 1,,,Advanced Body-Sculpting Phase - Week WEEK 1 - Monday (light lower and abs),Monday (light lower and abs),,Dumbbell upright row,2 or 3,,15-25,15,25,,,,,,"1, 1, 0",,,
Strong & Sculpted,Brad Schoenfeld,A strength and hypertrophy program by Brad Schoenfeld.,4 weeks,Intermediate/Advanced,,,Advanced Body-Sculpting Phase,,,Week WEEK 1,,,Advanced Body-Sculpting Phase - Week WEEK 1 - Monday (light lower and abs),Monday (light lower and abs),,Cable reverse fly,2 or 3,,15-25,15,25,,,,,,"1, 1, 0",,,
Strong & Sculpted,Brad Schoenfeld,A strength and hypertrophy program by Brad Schoenfeld.,4 weeks,Intermediate/Advanced,,,Advanced Body-Sculpting Phase,,,Week WEEK 1,,,Advanced Body-Sculpting Phase - Week WEEK 1 - Monday (light lower and abs),Monday (light lower and abs),,Cable curl,2 or 3,,15-25,15,25,,,,,,"1, 1, 0",,,
Strong & Sculpted,Brad Schoenfeld,A strength and hypertrophy program by Brad Schoenfeld.,4 weeks,Intermediate/Advanced,,,Advanced Body-Sculpting Phase,,,Week WEEK 1,,,Advanced Body-Sculpting Phase - Week WEEK 1 - Monday (light lower and abs),Monday (light lower and abs),,Barbell reverse curl,2 or 3,,15-25,15,25,,,,,,"1, 1, 0",,,
Strong & Sculpted,Brad Schoenfeld,A strength and hypertrophy program by Brad Schoenfeld.,4 weeks,Intermediate/Advanced,,,Advanced Body-Sculpting Phase,,,Week WEEK 1,,,Advanced Body-Sculpting Phase - Week WEEK 1 - Monday (light lower and abs),Monday (light lower and abs),,Dumbbell overhead triceps extension,2 or 3,,15-25,15,25,,,,,,"1, 1, 0",,,
Strong & Sculpted,Brad Schoenfeld,A strength and hypertrophy program by Brad Schoenfeld.,4 weeks,Intermediate/Advanced,,,Advanced Body-Sculpting Phase,,,Week WEEK 1,,,Advanced Body-Sculpting Phase - Week WEEK 1 - Monday (light lower and abs),Monday (light lower and abs),,Skull crusher,2 or 3,,15-25,15,25,,,,,,"1, 1, 0",,,
Strong & Sculpted,Brad Schoenfeld,A strength and hypertrophy program by Brad Schoenfeld.,4 weeks,Intermediate/Advanced,,,Advanced Body-Sculpting Phase,,,Week WEEK 2,,,Advanced Body-Sculpting Phase - Week WEEK 2 - Monday (heavy lower),Monday (heavy lower),,Goblet squat,5 or 6,,3-5,3,5,,,,,,"1, 1, 0",,,
Strong & Sculpted,Brad Schoenfeld,A strength and hypertrophy program by Brad Schoenfeld.,4 weeks,Intermediate/Advanced,,,Advanced Body-Sculpting Phase,,,Week WEEK 2,,,Advanced Body-Sculpting Phase - Week WEEK 2 - Monday (heavy lower),Monday (heavy lower),,Deadlift,5 or 6,,3-5,3,5,,,,,,"1, 1, 0",,,
Strong & Sculpted,Brad Schoenfeld,A strength and hypertrophy program by Brad Schoenfeld.,4 weeks,Intermediate/Advanced,,,Advanced Body-Sculpting Phase,,,Week WEEK 2,,,Advanced Body-Sculpting Phase - Week WEEK 2 - Monday (heavy lower),Monday (heavy lower),,Leg press,5 or 6,,3-5,3,5,,,,,,"1, 1, 0",,,
Strong & Sculpted,Brad Schoenfeld,A strength and hypertrophy program by Brad Schoenfeld.,4 weeks,Intermediate/Advanced,,,Advanced Body-Sculpting Phase,,,Week WEEK 2,,,Advanced Body-Sculpting Phase - Week WEEK 2 - Monday (heavy lower),Monday (heavy lower),,Barbell glute bridge,4 or 5,,3-5,3,5,,,,,,"1, 1, 0",,,
Strong & Sculpted,Brad Schoenfeld,A strength and hypertrophy program by Brad Schoenfeld.,4 weeks,Intermediate/Advanced,,,Advanced Body-Sculpting Phase,,,Week WEEK 2,,,Advanced Body-Sculpting Phase - Week WEEK 2 - Monday (heavy lower),Monday (heavy lower),,Dumbbell stiff-leg deadlift,4 or 5,,3-5,3,5,,,,,,"1, 1, 0",,,
Strong & Sculpted,Brad Schoenfeld,A strength and hypertrophy program by Brad Schoenfeld.,4 weeks,Intermediate/Advanced,,,Advanced Body-Sculpting Phase,,,Week WEEK 2,,,Advanced Body-Sculpting Phase - Week WEEK 2 - Tuesday (heavy upper),Tuesday (heavy upper),,Barbell chest press,5 or 6,,3-5,3,5,,,,,,"1, 1, 0",,,
Strong & Sculpted,Brad Schoenfeld,A strength and hypertrophy program by Brad Schoenfeld.,4 weeks,Intermediate/Advanced,,,Advanced Body-Sculpting Phase,,,Week WEEK 2,,,Advanced Body-Sculpting Phase - Week WEEK 2 - Tuesday (heavy upper),Tuesday (heavy upper),,Pull-up,5 or 6,,3-5,3,5,,,,,,"1, 1, 0",,,
Strong & Sculpted,Brad Schoenfeld,A strength and hypertrophy program by Brad Schoenfeld.,4 weeks,Intermediate/Advanced,,,Advanced Body-Sculpting Phase,,,Week WEEK 2,,,Advanced Body-Sculpting Phase - Week WEEK 2 - Tuesday (heavy upper),Tuesday (heavy upper),,Machine shoulder press,5 or 6,,3-5,3,5,,,,,,"1, 1, 0",,,
Strong & Sculpted,Brad Schoenfeld,A strength and hypertrophy program by Brad Schoenfeld.,4 weeks,Intermediate/Advanced,,,Advanced Body-Sculpting Phase,,,Week WEEK 2,,,Advanced Body-Sculpting Phase - Week WEEK 2 - Tuesday (heavy upper),Tuesday (heavy upper),,Barbell reverse bent row,5 or 6,,3-5,3,5,,,,,,"1, 1, 0",,,
Strong & Sculpted,Brad Schoenfeld,A strength and hypertrophy program by Brad Schoenfeld.,4 weeks,Intermediate/Advanced,,,Advanced Body-Sculpting Phase,,,Week WEEK 2,,,Advanced Body-Sculpting Phase - Week WEEK 2 - Thursday (moderate lower and abs),Thursday (moderate lower and abs),,Barbell front squat,3 or 4,,8-12,8,12,,,,,,"1, 1, 0",,,
Strong & Sculpted,Brad Schoenfeld,A strength and hypertrophy program by Brad Schoenfeld.,4 weeks,Intermediate/Advanced,,,Advanced Body-Sculpting Phase,,,Week WEEK 2,,,Advanced Body-Sculpting Phase - Week WEEK 2 - Thursday (moderate lower and abs),Thursday (moderate lower and abs),,Bulgarian split squat,3 or 4,,8-12,8,12,,,,,,"1, 1, 0",,,
Strong & Sculpted,Brad Schoenfeld,A strength and hypertrophy program by Brad Schoenfeld.,4 weeks,Intermediate/Advanced,,,Advanced Body-Sculpting Phase,,,Week WEEK 2,,,Advanced Body-Sculpting Phase - Week WEEK 2 - Thursday (moderate lower and abs),Thursday (moderate lower and abs),,Barbell hip thrust,3 or 4,,8-12,8,12,,,,,,"1, 1, 0",,,
Strong & Sculpted,Brad Schoenfeld,A strength and hypertrophy program by Brad Schoenfeld.,4 weeks,Intermediate/Advanced,,,Advanced Body-Sculpting Phase,,,Week WEEK 2,,,Advanced Body-Sculpting Phase - Week WEEK 2 - Thursday (moderate lower and abs),Thursday (moderate lower and abs),,Hyperextension,3 or 4,,8-12,8,12,,,,,,"1, 1, 0",,,
Strong & Sculpted,Brad Schoenfeld,A strength and hypertrophy program by Brad Schoenfeld.,4 weeks,Intermediate/Advanced,,,Advanced Body-Sculpting Phase,,,Week WEEK 2,,,Advanced Body-Sculpting Phase - Week WEEK 2 - Thursday (moderate lower and abs),Thursday (moderate lower and abs),,Lying leg curl,2 or 3,,8-12,8,12,,,,,,"1, 1, 0",,,
Strong & Sculpted,Brad Schoenfeld,A strength and hypertrophy program by Brad Schoenfeld.,4 weeks,Intermediate/Advanced,,,Advanced Body-Sculpting Phase,,,Week WEEK 2,,,Advanced Body-Sculpting Phase - Week WEEK 2 - Thursday (moderate lower and abs),Thursday (moderate lower and abs),,Machine standing calf raise,2 or 3,,8-12,8,12,,,,,,"1, 1, 0",,,
Strong & Sculpted,Brad Schoenfeld,A strength and hypertrophy program by Brad Schoenfeld.,4 weeks,Intermediate/Advanced,,,Advanced Body-Sculpting Phase,,,Week WEEK 2,,,Advanced Body-Sculpting Phase - Week WEEK 2 - Thursday (moderate lower and abs),Thursday (moderate lower and abs),,Barbell kneeling rollout,2 or 3,,8-12,8,12,,,,,,"1, 1, 0",,,
Strong & Sculpted,Brad Schoenfeld,A strength and hypertrophy program by Brad Schoenfeld.,4 weeks,Intermediate/Advanced,,,Advanced Body-Sculpting Phase,,,Week WEEK 2,,,Advanced Body-Sculpting Phase - Week WEEK 2 - Thursday (moderate lower and abs),Thursday (moderate lower and abs),,Cable side bend,2 or 3,,8-12,8,12,,,,,,"1, 1, 0",,,
Strong & Sculpted,Brad Schoenfeld,A strength and hypertrophy program by Brad Schoenfeld.,4 weeks,Intermediate/Advanced,,,Advanced Body-Sculpting Phase,,,Week WEEK 2,,,Advanced Body-Sculpting Phase - Week WEEK 2 - Friday (moderate upper),Friday (moderate upper),,Machine incline press,3 or 4,,8-12,8,12,,,,,,"1, 1, 0",,,
Strong & Sculpted,Brad Schoenfeld,A strength and hypertrophy program by Brad Schoenfeld.,4 weeks,Intermediate/Advanced,,,Advanced Body-Sculpting Phase,,,Week WEEK 2,,,Advanced Body-Sculpting Phase - Week WEEK 2 - Friday (moderate upper),Friday (moderate upper),,Flat dumbbell fly,3 or 4,,8-12,8,12,,,,,,"1, 1, 0",,,
Strong & Sculpted,Brad Schoenfeld,A strength and hypertrophy program by Brad Schoenfeld.,4 weeks,Intermediate/Advanced,,,Advanced Body-Sculpting Phase,,,Week WEEK 2,,,Advanced Body-Sculpting Phase - Week WEEK 2 - Friday (moderate upper),Friday (moderate upper),,Lat pull-down,3 or 4,,8-12,8,12,,,,,,"1, 1, 0",,,
Strong & Sculpted,Brad Schoenfeld,A strength and hypertrophy program by Brad Schoenfeld.,4 weeks,Intermediate/Advanced,,,Advanced Body-Sculpting Phase,,,Week WEEK 2,,,Advanced Body-Sculpting Phase - Week WEEK 2 - Friday (moderate upper),Friday (moderate upper),,Cable wide-grip seated row,3 or 4,,8-12,8,12,,,,,,"1, 1, 0",,,
Strong & Sculpted,Brad Schoenfeld,A strength and hypertrophy program by Brad Schoenfeld.,4 weeks,Intermediate/Advanced,,,Advanced Body-Sculpting Phase,,,Week WEEK 2,,,Advanced Body-Sculpting Phase - Week WEEK 2 - Friday (moderate upper),Friday (moderate upper),,Dumbbell shoulder press,3 or 4,,8-12,8,12,,,,,,"1, 1, 0",,,
Strong & Sculpted,Brad Schoenfeld,A strength and hypertrophy program by Brad Schoenfeld.,4 weeks,Intermediate/Advanced,,,Advanced Body-Sculpting Phase,,,Week WEEK 2,,,Advanced Body-Sculpting Phase - Week WEEK 2 - Friday (moderate upper),Friday (moderate upper),,Cable lateral raise,3 or 4,,8-12,8,12,,,,,,"1, 1, 0",,,
Strong & Sculpted,Brad Schoenfeld,A strength and hypertrophy program by Brad Schoenfeld.,4 weeks,Intermediate/Advanced,,,Advanced Body-Sculpting Phase,,,Week WEEK 2,,,Advanced Body-Sculpting Phase - Week WEEK 2 - Friday (moderate upper),Friday (moderate upper),,Barbell drag curl,2 or 3,,8-12,8,12,,,,,,"1, 1, 0",,,
Strong & Sculpted,Brad Schoenfeld,A strength and hypertrophy program by Brad Schoenfeld.,4 weeks,Intermediate/Advanced,,,Advanced Body-Sculpting Phase,,,Week WEEK 2,,,Advanced Body-Sculpting Phase - Week WEEK 2 - Friday (moderate upper),Friday (moderate upper),,Dumbbell prone incline curl,2 or 3,,8-12,8,12,,,,,,"1, 1, 0",,,
Strong & Sculpted,Brad Schoenfeld,A strength and hypertrophy program by Brad Schoenfeld.,4 weeks,Intermediate/Advanced,,,Advanced Body-Sculpting Phase,,,Week WEEK 2,,,Advanced Body-Sculpting Phase - Week WEEK 2 - Friday (moderate upper),Friday (moderate upper),,Machine overhead triceps extension,2 or 3,,8-12,8,12,,,,,,"1, 1, 0",,,
Strong & Sculpted,Brad Schoenfeld,A strength and hypertrophy program by Brad Schoenfeld.,4 weeks,Intermediate/Advanced,,,Advanced Body-Sculpting Phase,,,Week WEEK 2,,,Advanced Body-Sculpting Phase - Week WEEK 2 - Friday (moderate upper),Friday (moderate upper),,Triceps dip,2 or 3,,8-12,8,12,,,,,,"1, 1, 0",,,
Strong & Sculpted,Brad Schoenfeld,A strength and hypertrophy program by Brad Schoenfeld.,4 weeks,Intermediate/Advanced,,,Advanced Body-Sculpting Phase,,,Week WEEK 2,,,Advanced Body-Sculpting Phase - Week WEEK 2 - Monday (light lower and abs),Monday (light lower and abs),,Dumbbell reverse lunge,2 or 3,,15-25,15,25,,,,,,"1, 1, 0",,,
Strong & Sculpted,Brad Schoenfeld,A strength and hypertrophy program by Brad Schoenfeld.,4 weeks,Intermediate/Advanced,,,Advanced Body-Sculpting Phase,,,Week WEEK 2,,,Advanced Body-Sculpting Phase - Week WEEK 2 - Monday (light lower and abs),Monday (light lower and abs),,Single-leg extension,2 or 3,,15-25,15,25,,,,,,"1, 1, 0",,,
Strong & Sculpted,Brad Schoenfeld,A strength and hypertrophy program by Brad Schoenfeld.,4 weeks,Intermediate/Advanced,,,Advanced Body-Sculpting Phase,,,Week WEEK 2,,,Advanced Body-Sculpting Phase - Week WEEK 2 - Monday (light lower and abs),Monday (light lower and abs),,Cable standing abduction,2 or 3,,15-25,15,25,,,,,,"1, 1, 0",,,
Strong & Sculpted,Brad Schoenfeld,A strength and hypertrophy program by Brad Schoenfeld.,4 weeks,Intermediate/Advanced,,,Advanced Body-Sculpting Phase,,,Week WEEK 2,,,Advanced Body-Sculpting Phase - Week WEEK 2 - Monday (light lower and abs),Monday (light lower and abs),,Machine seated leg curl,2 or 3,,15-25,15,25,,,,,,"1, 1, 0",,,
Strong & Sculpted,Brad Schoenfeld,A strength and hypertrophy program by Brad Schoenfeld.,4 weeks,Intermediate/Advanced,,,Advanced Body-Sculpting Phase,,,Week WEEK 2,,,Advanced Body-Sculpting Phase - Week WEEK 2 - Monday (light lower and abs),Monday (light lower and abs),,Reverse hyperextension,2 or 3,,15-25,15,25,,,,,,"1, 1, 0",,,
Strong & Sculpted,Brad Schoenfeld,A strength and hypertrophy program by Brad Schoenfeld.,4 weeks,Intermediate/Advanced,,,Advanced Body-Sculpting Phase,,,Week WEEK 2,,,Advanced Body-Sculpting Phase - Week WEEK 2 - Monday (light lower and abs),Monday (light lower and abs),,Machine seated calf raise,2 or 3,,15-25,15,25,,,,,,"1, 1, 0",,,
Strong & Sculpted,Brad Schoenfeld,A strength and hypertrophy program by Brad Schoenfeld.,4 weeks,Intermediate/Advanced,,,Advanced Body-Sculpting Phase,,,Week WEEK 2,,,Advanced Body-Sculpting Phase - Week WEEK 2 - Monday (light lower and abs),Monday (light lower and abs),,Toe press,2 or 3,,15-25,15,25,,,,,,"1, 1, 0",,,
Strong & Sculpted,Brad Schoenfeld,A strength and hypertrophy program by Brad Schoenfeld.,4 weeks,Intermediate/Advanced,,,Advanced Body-Sculpting Phase,,,Week WEEK 2,,,Advanced Body-Sculpting Phase - Week WEEK 2 - Monday (light lower and abs),Monday (light lower and abs),,Reverse crunch,2 or 3,,15-25,15,25,,,,,,"1, 1, 0",,,
Strong & Sculpted,Brad Schoenfeld,A strength and hypertrophy program by Brad Schoenfeld.,4 weeks,Intermediate/Advanced,,,Advanced Body-Sculpting Phase,,,Week WEEK 2,,,Advanced Body-Sculpting Phase - Week WEEK 2 - Monday (light lower and abs),Monday (light lower and abs),,Side bridge,2 or 3,,15-25,15,25,,,,,,"1, 1, 0",,,
Strong & Sculpted,Brad Schoenfeld,A strength and hypertrophy program by Brad Schoenfeld.,4 weeks,Intermediate/Advanced,,,Advanced Body-Sculpting Phase,,,Week WEEK 2,,,Advanced Body-Sculpting Phase - Week WEEK 2 - Monday (light lower and abs),Monday (light lower and abs),,Dumbbell decline press,2 or 3,,15-25,15,25,,,,,,"1, 1, 0",,,
Strong & Sculpted,Brad Schoenfeld,A strength and hypertrophy program by Brad Schoenfeld.,4 weeks,Intermediate/Advanced,,,Advanced Body-Sculpting Phase,,,Week WEEK 2,,,Advanced Body-Sculpting Phase - Week WEEK 2 - Monday (light lower and abs),Monday (light lower and abs),,Pec deck fly,2 or 3,,15-25,15,25,,,,,,"1, 1, 0",,,
Strong & Sculpted,Brad Schoenfeld,A strength and hypertrophy program by Brad Schoenfeld.,4 weeks,Intermediate/Advanced,,,Advanced Body-Sculpting Phase,,,Week WEEK 2,,,Advanced Body-Sculpting Phase - Week WEEK 2 - Monday (light lower and abs),Monday (light lower and abs),,Cross cable pull-down,2 or 3,,15-25,15,25,,,,,,"1, 1, 0",,,
Strong & Sculpted,Brad Schoenfeld,A strength and hypertrophy program by Brad Schoenfeld.,4 weeks,Intermediate/Advanced,,,Advanced Body-Sculpting Phase,,,Week WEEK 2,,,Advanced Body-Sculpting Phase - Week WEEK 2 - Monday (light lower and abs),Monday (light lower and abs),,Cable single-arm standing low row,2 or 3,,15-25,15,25,,,,,,"1, 1, 0",,,
Strong & Sculpted,Brad Schoenfeld,A strength and hypertrophy program by Brad Schoenfeld.,4 weeks,Intermediate/Advanced,,,Advanced Body-Sculpting Phase,,,Week WEEK 2,,,Advanced Body-Sculpting Phase - Week WEEK 2 - Monday (light lower and abs),Monday (light lower and abs),,Dumbbell upright row,2 or 3,,15-25,15,25,,,,,,"1, 1, 0",,,
Strong & Sculpted,Brad Schoenfeld,A strength and hypertrophy program by Brad Schoenfeld.,4 weeks,Intermediate/Advanced,,,Advanced Body-Sculpting Phase,,,Week WEEK 2,,,Advanced Body-Sculpting Phase - Week WEEK 2 - Monday (light lower and abs),Monday (light lower and abs),,Cable reverse fly,2 or 3,,15-25,15,25,,,,,,"1, 1, 0",,,
Strong & Sculpted,Brad Schoenfeld,A strength and hypertrophy program by Brad Schoenfeld.,4 weeks,Intermediate/Advanced,,,Advanced Body-Sculpting Phase,,,Week WEEK 2,,,Advanced Body-Sculpting Phase - Week WEEK 2 - Monday (light lower and abs),Monday (light lower and abs),,Cable curl,2 or 3,,15-25,15,25,,,,,,"1, 1, 0",,,
Strong & Sculpted,Brad Schoenfeld,A strength and hypertrophy program by Brad Schoenfeld.,4 weeks,Intermediate/Advanced,,,Advanced Body-Sculpting Phase,,,Week WEEK 2,,,Advanced Body-Sculpting Phase - Week WEEK 2 - Monday (light lower and abs),Monday (light lower and abs),,Barbell reverse curl,2 or 3,,15-25,15,25,,,,,,"1, 1, 0",,,
Strong & Sculpted,Brad Schoenfeld,A strength and hypertrophy program by Brad Schoenfeld.,4 weeks,Intermediate/Advanced,,,Advanced Body-Sculpting Phase,,,Week WEEK 2,,,Advanced Body-Sculpting Phase - Week WEEK 2 - Monday (light lower and abs),Monday (light lower and abs),,Dumbbell overhead triceps extension,2 or 3,,15-25,15,25,,,,,,"1, 1, 0",,,
Strong & Sculpted,Brad Schoenfeld,A strength and hypertrophy program by Brad Schoenfeld.,4 weeks,Intermediate/Advanced,,,Advanced Body-Sculpting Phase,,,Week WEEK 2,,,Advanced Body-Sculpting Phase - Week WEEK 2 - Monday (light lower and abs),Monday (light lower and abs),,Skull crusher,2 or 3,,15-25,15,25,,,,,,"1, 1, 0",,,
Strong & Sculpted,Brad Schoenfeld,A strength and hypertrophy program by Brad Schoenfeld.,4 weeks,Intermediate/Advanced,,,Advanced Body-Sculpting Phase,,,Week WEEK 3,,,Advanced Body-Sculpting Phase - Week WEEK 3 - Monday (heavy lower),Monday (heavy lower),,Goblet squat,5 or 6,,3-5,3,5,,,,,,"1, 1, 0",,,
Strong & Sculpted,Brad Schoenfeld,A strength and hypertrophy program by Brad Schoenfeld.,4 weeks,Intermediate/Advanced,,,Advanced Body-Sculpting Phase,,,Week WEEK 3,,,Advanced Body-Sculpting Phase - Week WEEK 3 - Monday (heavy lower),Monday (heavy lower),,Deadlift,5 or 6,,3-5,3,5,,,,,,"1, 1, 0",,,
Strong & Sculpted,Brad Schoenfeld,A strength and hypertrophy program by Brad Schoenfeld.,4 weeks,Intermediate/Advanced,,,Advanced Body-Sculpting Phase,,,Week WEEK 3,,,Advanced Body-Sculpting Phase - Week WEEK 3 - Monday (heavy lower),Monday (heavy lower),,Leg press,5 or 6,,3-5,3,5,,,,,,"1, 1, 0",,,
Strong & Sculpted,Brad Schoenfeld,A strength and hypertrophy program by Brad Schoenfeld.,4 weeks,Intermediate/Advanced,,,Advanced Body-Sculpting Phase,,,Week WEEK 3,,,Advanced Body-Sculpting Phase - Week WEEK 3 - Monday (heavy lower),Monday (heavy lower),,Barbell glute bridge,4 or 5,,3-5,3,5,,,,,,"1, 1, 0",,,
Strong & Sculpted,Brad Schoenfeld,A strength and hypertrophy program by Brad Schoenfeld.,4 weeks,Intermediate/Advanced,,,Advanced Body-Sculpting Phase,,,Week WEEK 3,,,Advanced Body-Sculpting Phase - Week WEEK 3 - Monday (heavy lower),Monday (heavy lower),,Dumbbell stiff-leg deadlift,4 or 5,,3-5,3,5,,,,,,"1, 1, 0",,,
Strong & Sculpted,Brad Schoenfeld,A strength and hypertrophy program by Brad Schoenfeld.,4 weeks,Intermediate/Advanced,,,Advanced Body-Sculpting Phase,,,Week WEEK 3,,,Advanced Body-Sculpting Phase - Week WEEK 3 - Tuesday (heavy upper),Tuesday (heavy upper),,Barbell chest press,5 or 6,,3-5,3,5,,,,,,"1, 1, 0",,,
Strong & Sculpted,Brad Schoenfeld,A strength and hypertrophy program by Brad Schoenfeld.,4 weeks,Intermediate/Advanced,,,Advanced Body-Sculpting Phase,,,Week WEEK 3,,,Advanced Body-Sculpting Phase - Week WEEK 3 - Tuesday (heavy upper),Tuesday (heavy upper),,Pull-up,5 or 6,,3-5,3,5,,,,,,"1, 1, 0",,,
Strong & Sculpted,Brad Schoenfeld,A strength and hypertrophy program by Brad Schoenfeld.,4 weeks,Intermediate/Advanced,,,Advanced Body-Sculpting Phase,,,Week WEEK 3,,,Advanced Body-Sculpting Phase - Week WEEK 3 - Tuesday (heavy upper),Tuesday (heavy upper),,Machine shoulder press,5 or 6,,3-5,3,5,,,,,,"1, 1, 0",,,
Strong & Sculpted,Brad Schoenfeld,A strength and hypertrophy program by Brad Schoenfeld.,4 weeks,Intermediate/Advanced,,,Advanced Body-Sculpting Phase,,,Week WEEK 3,,,Advanced Body-Sculpting Phase - Week WEEK 3 - Tuesday (heavy upper),Tuesday (heavy upper),,Barbell reverse bent row,5 or 6,,3-5,3,5,,,,,,"1, 1, 0",,,
Strong & Sculpted,Brad Schoenfeld,A strength and hypertrophy program by Brad Schoenfeld.,4 weeks,Intermediate/Advanced,,,Advanced Body-Sculpting Phase,,,Week WEEK 3,,,Advanced Body-Sculpting Phase - Week WEEK 3 - Thursday (moderate lower and abs),Thursday (moderate lower and abs),,Barbell front squat,3 or 4,,8-12,8,12,,,,,,"1, 1, 0",,,
Strong & Sculpted,Brad Schoenfeld,A strength and hypertrophy program by Brad Schoenfeld.,4 weeks,Intermediate/Advanced,,,Advanced Body-Sculpting Phase,,,Week WEEK 3,,,Advanced Body-Sculpting Phase - Week WEEK 3 - Thursday (moderate lower and abs),Thursday (moderate lower and abs),,Bulgarian split squat,3 or 4,,8-12,8,12,,,,,,"1, 1, 0",,,
Strong & Sculpted,Brad Schoenfeld,A strength and hypertrophy program by Brad Schoenfeld.,4 weeks,Intermediate/Advanced,,,Advanced Body-Sculpting Phase,,,Week WEEK 3,,,Advanced Body-Sculpting Phase - Week WEEK 3 - Thursday (moderate lower and abs),Thursday (moderate lower and abs),,Barbell hip thrust,3 or 4,,8-12,8,12,,,,,,"1, 1, 0",,,
Strong & Sculpted,Brad Schoenfeld,A strength and hypertrophy program by Brad Schoenfeld.,4 weeks,Intermediate/Advanced,,,Advanced Body-Sculpting Phase,,,Week WEEK 3,,,Advanced Body-Sculpting Phase - Week WEEK 3 - Thursday (moderate lower and abs),Thursday (moderate lower and abs),,Hyperextension,3 or 4,,8-12,8,12,,,,,,"1, 1, 0",,,
Strong & Sculpted,Brad Schoenfeld,A strength and hypertrophy program by Brad Schoenfeld.,4 weeks,Intermediate/Advanced,,,Advanced Body-Sculpting Phase,,,Week WEEK 3,,,Advanced Body-Sculpting Phase - Week WEEK 3 - Thursday (moderate lower and abs),Thursday (moderate lower and abs),,Lying leg curl,2 or 3,,8-12,8,12,,,,,,"1, 1, 0",,,
Strong & Sculpted,Brad Schoenfeld,A strength and hypertrophy program by Brad Schoenfeld.,4 weeks,Intermediate/Advanced,,,Advanced Body-Sculpting Phase,,,Week WEEK 3,,,Advanced Body-Sculpting Phase - Week WEEK 3 - Thursday (moderate lower and abs),Thursday (moderate lower and abs),,Machine standing calf raise,2 or 3,,8-12,8,12,,,,,,"1, 1, 0",,,
Strong & Sculpted,Brad Schoenfeld,A strength and hypertrophy program by Brad Schoenfeld.,4 weeks,Intermediate/Advanced,,,Advanced Body-Sculpting Phase,,,Week WEEK 3,,,Advanced Body-Sculpting Phase - Week WEEK 3 - Thursday (moderate lower and abs),Thursday (moderate lower and abs),,Barbell kneeling rollout,2 or 3,,8-12,8,12,,,,,,"1, 1, 0",,,
Strong & Sculpted,Brad Schoenfeld,A strength and hypertrophy program by Brad Schoenfeld.,4 weeks,Intermediate/Advanced,,,Advanced Body-Sculpting Phase,,,Week WEEK 3,,,Advanced Body-Sculpting Phase - Week WEEK 3 - Thursday (moderate lower and abs),Thursday (moderate lower and abs),,Cable side bend,2 or 3,,8-12,8,12,,,,,,"1, 1, 0",,,
Strong & Sculpted,Brad Schoenfeld,A strength and hypertrophy program by Brad Schoenfeld.,4 weeks,Intermediate/Advanced,,,Advanced Body-Sculpting Phase,,,Week WEEK 3,,,Advanced Body-Sculpting Phase - Week WEEK 3 - Friday (moderate upper),Friday (moderate upper),,Machine incline press,3 or 4,,8-12,8,12,,,,,,"1, 1, 0",,,
Strong & Sculpted,Brad Schoenfeld,A strength and hypertrophy program by Brad Schoenfeld.,4 weeks,Intermediate/Advanced,,,Advanced Body-Sculpting Phase,,,Week WEEK 3,,,Advanced Body-Sculpting Phase - Week WEEK 3 - Friday (moderate upper),Friday (moderate upper),,Flat dumbbell fly,3 or 4,,8-12,8,12,,,,,,"1, 1, 0",,,
Strong & Sculpted,Brad Schoenfeld,A strength and hypertrophy program by Brad Schoenfeld.,4 weeks,Intermediate/Advanced,,,Advanced Body-Sculpting Phase,,,Week WEEK 3,,,Advanced Body-Sculpting Phase - Week WEEK 3 - Friday (moderate upper),Friday (moderate upper),,Lat pull-down,3 or 4,,8-12,8,12,,,,,,"1, 1, 0",,,
Strong & Sculpted,Brad Schoenfeld,A strength and hypertrophy program by Brad Schoenfeld.,4 weeks,Intermediate/Advanced,,,Advanced Body-Sculpting Phase,,,Week WEEK 3,,,Advanced Body-Sculpting Phase - Week WEEK 3 - Friday (moderate upper),Friday (moderate upper),,Cable wide-grip seated row,3 or 4,,8-12,8,12,,,,,,"1, 1, 0",,,
Strong & Sculpted,Brad Schoenfeld,A strength and hypertrophy program by Brad Schoenfeld.,4 weeks,Intermediate/Advanced,,,Advanced Body-Sculpting Phase,,,Week WEEK 3,,,Advanced Body-Sculpting Phase - Week WEEK 3 - Friday (moderate upper),Friday (moderate upper),,Dumbbell shoulder press,3 or 4,,8-12,8,12,,,,,,"1, 1, 0",,,
Strong & Sculpted,Brad Schoenfeld,A strength and hypertrophy program by Brad Schoenfeld.,4 weeks,Intermediate/Advanced,,,Advanced Body-Sculpting Phase,,,Week WEEK 3,,,Advanced Body-Sculpting Phase - Week WEEK 3 - Friday (moderate upper),Friday (moderate upper),,Cable lateral raise,3 or 4,,8-12,8,12,,,,,,"1, 1, 0",,,
Strong & Sculpted,Brad Schoenfeld,A strength and hypertrophy program by Brad Schoenfeld.,4 weeks,Intermediate/Advanced,,,Advanced Body-Sculpting Phase,,,Week WEEK 3,,,Advanced Body-Sculpting Phase - Week WEEK 3 - Friday (moderate upper),Friday (moderate upper),,Barbell drag curl,2 or 3,,8-12,8,12,,,,,,"1, 1, 0",,,
Strong & Sculpted,Brad Schoenfeld,A strength and hypertrophy program by Brad Schoenfeld.,4 weeks,Intermediate/Advanced,,,Advanced Body-Sculpting Phase,,,Week WEEK 3,,,Advanced Body-Sculpting Phase - Week WEEK 3 - Friday (moderate upper),Friday (moderate upper),,Dumbbell prone incline curl,2 or 3,,8-12,8,12,,,,,,"1, 1, 0",,,
Strong & Sculpted,Brad Schoenfeld,A strength and hypertrophy program by Brad Schoenfeld.,4 weeks,Intermediate/Advanced,,,Advanced Body-Sculpting Phase,,,Week WEEK 3,,,Advanced Body-Sculpting Phase - Week WEEK 3 - Friday (moderate upper),Friday (moderate upper),,Machine overhead triceps extension,2 or 3,,8-12,8,12,,,,,,"1, 1, 0",,,
Strong & Sculpted,Brad Schoenfeld,A strength and hypertrophy program by Brad Schoenfeld.,4 weeks,Intermediate/Advanced,,,Advanced Body-Sculpting Phase,,,Week WEEK 3,,,Advanced Body-Sculpting Phase - Week WEEK 3 - Friday (moderate upper),Friday (moderate upper),,Triceps dip,2 or 3,,8-12,8,12,,,,,,"1, 1, 0",,,
Strong & Sculpted,Brad Schoenfeld,A strength and hypertrophy program by Brad Schoenfeld.,4 weeks,Intermediate/Advanced,,,Advanced Body-Sculpting Phase,,,Week WEEK 3,,,Advanced Body-Sculpting Phase - Week WEEK 3 - Monday (light lower and abs),Monday (light lower and abs),,Dumbbell reverse lunge,2 or 3,,15-25,15,25,,,,,,"1, 1, 0",,,
Strong & Sculpted,Brad Schoenfeld,A strength and hypertrophy program by Brad Schoenfeld.,4 weeks,Intermediate/Advanced,,,Advanced Body-Sculpting Phase,,,Week WEEK 3,,,Advanced Body-Sculpting Phase - Week WEEK 3 - Monday (light lower and abs),Monday (light lower and abs),,Single-leg extension,2 or 3,,15-25,15,25,,,,,,"1, 1, 0",,,
Strong & Sculpted,Brad Schoenfeld,A strength and hypertrophy program by Brad Schoenfeld.,4 weeks,Intermediate/Advanced,,,Advanced Body-Sculpting Phase,,,Week WEEK 3,,,Advanced Body-Sculpting Phase - Week WEEK 3 - Monday (light lower and abs),Monday (light lower and abs),,Cable standing abduction,2 or 3,,15-25,15,25,,,,,,"1, 1, 0",,,
Strong & Sculpted,Brad Schoenfeld,A strength and hypertrophy program by Brad Schoenfeld.,4 weeks,Intermediate/Advanced,,,Advanced Body-Sculpting Phase,,,Week WEEK 3,,,Advanced Body-Sculpting Phase - Week WEEK 3 - Monday (light lower and abs),Monday (light lower and abs),,Machine seated leg curl,2 or 3,,15-25,15,25,,,,,,"1, 1, 0",,,
Strong & Sculpted,Brad Schoenfeld,A strength and hypertrophy program by Brad Schoenfeld.,4 weeks,Intermediate/Advanced,,,Advanced Body-Sculpting Phase,,,Week WEEK 3,,,Advanced Body-Sculpting Phase - Week WEEK 3 - Monday (light lower and abs),Monday (light lower and abs),,Reverse hyperextension,2 or 3,,15-25,15,25,,,,,,"1, 1, 0",,,
Strong & Sculpted,Brad Schoenfeld,A strength and hypertrophy program by Brad Schoenfeld.,4 weeks,Intermediate/Advanced,,,Advanced Body-Sculpting Phase,,,Week WEEK 3,,,Advanced Body-Sculpting Phase - Week WEEK 3 - Monday (light lower and abs),Monday (light lower and abs),,Machine seated calf raise,2 or 3,,15-25,15,25,,,,,,"1, 1, 0",,,
Strong & Sculpted,Brad Schoenfeld,A strength and hypertrophy program by Brad Schoenfeld.,4 weeks,Intermediate/Advanced,,,Advanced Body-Sculpting Phase,,,Week WEEK 3,,,Advanced Body-Sculpting Phase - Week WEEK 3 - Monday (light lower and abs),Monday (light lower and abs),,Toe press,2 or 3,,15-25,15,25,,,,,,"1, 1, 0",,,
Strong & Sculpted,Brad Schoenfeld,A strength and hypertrophy program by Brad Schoenfeld.,4 weeks,Intermediate/Advanced,,,Advanced Body-Sculpting Phase,,,Week WEEK 3,,,Advanced Body-Sculpting Phase - Week WEEK 3 - Monday (light lower and abs),Monday (light lower and abs),,Reverse crunch,2 or 3,,15-25,15,25,,,,,,"1, 1, 0",,,
Strong & Sculpted,Brad Schoenfeld,A strength and hypertrophy program by Brad Schoenfeld.,4 weeks,Intermediate/Advanced,,,Advanced Body-Sculpting Phase,,,Week WEEK 3,,,Advanced Body-Sculpting Phase - Week WEEK 3 - Monday (light lower and abs),Monday (light lower and abs),,Side bridge,2 or 3,,15-25,15,25,,,,,,"1, 1, 0",,,
Strong & Sculpted,Brad Schoenfeld,A strength and hypertrophy program by Brad Schoenfeld.,4 weeks,Intermediate/Advanced,,,Advanced Body-Sculpting Phase,,,Week WEEK 3,,,Advanced Body-Sculpting Phase - Week WEEK 3 - Monday (light lower and abs),Monday (light lower and abs),,Dumbbell decline press,2 or 3,,15-25,15,25,,,,,,"1, 1, 0",,,
Strong & Sculpted,Brad Schoenfeld,A strength and hypertrophy program by Brad Schoenfeld.,4 weeks,Intermediate/Advanced,,,Advanced Body-Sculpting Phase,,,Week WEEK 3,,,Advanced Body-Sculpting Phase - Week WEEK 3 - Monday (light lower and abs),Monday (light lower and abs),,Pec deck fly,2 or 3,,15-25,15,25,,,,,,"1, 1, 0",,,
Strong & Sculpted,Brad Schoenfeld,A strength and hypertrophy program by Brad Schoenfeld.,4 weeks,Intermediate/Advanced,,,Advanced Body-Sculpting Phase,,,Week WEEK 3,,,Advanced Body-Sculpting Phase - Week WEEK 3 - Monday (light lower and abs),Monday (light lower and abs),,Cross cable pull-down,2 or 3,,15-25,15,25,,,,,,"1, 1, 0",,,
Strong & Sculpted,Brad Schoenfeld,A strength and hypertrophy program by Brad Schoenfeld.,4 weeks,Intermediate/Advanced,,,Advanced Body-Sculpting Phase,,,Week WEEK 3,,,Advanced Body-Sculpting Phase - Week WEEK 3 - Monday (light lower and abs),Monday (light lower and abs),,Cable single-arm standing low row,2 or 3,,15-25,15,25,,,,,,"1, 1, 0",,,
Strong & Sculpted,Brad Schoenfeld,A strength and hypertrophy program by Brad Schoenfeld.,4 weeks,Intermediate/Advanced,,,Advanced Body-Sculpting Phase,,,Week WEEK 3,,,Advanced Body-Sculpting Phase - Week WEEK 3 - Monday (light lower and abs),Monday (light lower and abs),,Dumbbell upright row,2 or 3,,15-25,15,25,,,,,,"1, 1, 0",,,
Strong & Sculpted,Brad Schoenfeld,A strength and hypertrophy program by Brad Schoenfeld.,4 weeks,Intermediate/Advanced,,,Advanced Body-Sculpting Phase,,,Week WEEK 3,,,Advanced Body-Sculpting Phase - Week WEEK 3 - Monday (light lower and abs),Monday (light lower and abs),,Cable reverse fly,2 or 3,,15-25,15,25,,,,,,"1, 1, 0",,,
Strong & Sculpted,Brad Schoenfeld,A strength and hypertrophy program by Brad Schoenfeld.,4 weeks,Intermediate/Advanced,,,Advanced Body-Sculpting Phase,,,Week WEEK 3,,,Advanced Body-Sculpting Phase - Week WEEK 3 - Monday (light lower and abs),Monday (light lower and abs),,Cable curl,2 or 3,,15-25,15,25,,,,,,"1, 1, 0",,,
Strong & Sculpted,Brad Schoenfeld,A strength and hypertrophy program by Brad Schoenfeld.,4 weeks,Intermediate/Advanced,,,Advanced Body-Sculpting Phase,,,Week WEEK 3,,,Advanced Body-Sculpting Phase - Week WEEK 3 - Monday (light lower and abs),Monday (light lower and abs),,Barbell reverse curl,2 or 3,,15-25,15,25,,,,,,"1, 1, 0",,,
Strong & Sculpted,Brad Schoenfeld,A strength and hypertrophy program by Brad Schoenfeld.,4 weeks,Intermediate/Advanced,,,Advanced Body-Sculpting Phase,,,Week WEEK 3,,,Advanced Body-Sculpting Phase - Week WEEK 3 - Monday (light lower and abs),Monday (light lower and abs),,Dumbbell overhead triceps extension,2 or 3,,15-25,15,25,,,,,,"1, 1, 0",,,
Strong & Sculpted,Brad Schoenfeld,A strength and hypertrophy program by Brad Schoenfeld.,4 weeks,Intermediate/Advanced,,,Advanced Body-Sculpting Phase,,,Week WEEK 3,,,Advanced Body-Sculpting Phase - Week WEEK 3 - Monday (light lower and abs),Monday (light lower and abs),,Skull crusher,2 or 3,,15-25,15,25,,,,,,"1, 1, 0",,,
Strong & Sculpted,Brad Schoenfeld,A strength and hypertrophy program by Brad Schoenfeld.,4 weeks,Intermediate/Advanced,,,Advanced Body-Sculpting Phase,,,Week WEEK 4,,,Advanced Body-Sculpting Phase - Week WEEK 4 - Deload (Monday/Thursday),Deload (Monday/Thursday),,Dumbbell chest press,2,,15-20,15,20,,,,,,3,,,
Strong & Sculpted,Brad Schoenfeld,A strength and hypertrophy program by Brad Schoenfeld.,4 weeks,Intermediate/Advanced,,,Advanced Body-Sculpting Phase,,,Week WEEK 4,,,Advanced Body-Sculpting Phase - Week WEEK 4 - Deload (Monday/Thursday),Deload (Monday/Thursday),,Dumbbell single-arm row,2,,15-20,15,20,,,,,,3,,,
Strong & Sculpted,Brad Schoenfeld,A strength and hypertrophy program by Brad Schoenfeld.,4 weeks,Intermediate/Advanced,,,Advanced Body-Sculpting Phase,,,Week WEEK 4,,,Advanced Body-Sculpting Phase - Week WEEK 4 - Deload (Monday/Thursday),Deload (Monday/Thursday),,Military press,2,,15-20,15,20,,,,,,3,,,
Strong & Sculpted,Brad Schoenfeld,A strength and hypertrophy program by Brad Schoenfeld.,4 weeks,Intermediate/Advanced,,,Advanced Body-Sculpting Phase,,,Week WEEK 4,,,Advanced Body-Sculpting Phase - Week WEEK 4 - Deload (Monday/Thursday),Deload (Monday/Thursday),,Barbell back squat,2,,15-20,15,20,,,,,,3,,,
Strong & Sculpted,Brad Schoenfeld,A strength and hypertrophy program by Brad Schoenfeld.,4 weeks,Intermediate/Advanced,,,Advanced Body-Sculpting Phase,,,Week WEEK 4,,,Advanced Body-Sculpting Phase - Week WEEK 4 - Deload (Monday/Thursday),Deload (Monday/Thursday),,Dumbbell lunge,2,,15-20,15,20,,,,,,3,,,
Strong & Sculpted,Brad Schoenfeld,A strength and hypertrophy program by Brad Schoenfeld.,4 weeks,Intermediate/Advanced,,,Advanced Body-Sculpting Phase,,,Week WEEK 4,,,Advanced Body-Sculpting Phase - Week WEEK 4 - Deload (Monday/Thursday),Deload (Monday/Thursday),,Dumbbell stiff-leg deadlift,2,,15-20,15,20,,,,,,3,,,
Strong & Sculpted,Brad Schoenfeld,A strength and hypertrophy program by Brad Schoenfeld.,4 weeks,Intermediate/Advanced,,,Peak Physique Phase,,2,Week WEEK 1,,,"Peak Physique Phase - Week WEEK 1 - Monday/Friday (back, chest, abs)","Monday/Friday (back, chest, abs)",,Reverse-grip lat pull-down,4,,10-12,10,12,,,,,,"1, 1, 0",,,
Strong & Sculpted,Brad Schoenfeld,A strength and hypertrophy program by Brad Schoenfeld.,4 weeks,Intermediate/Advanced,,,Peak Physique Phase,,2,Week WEEK 1,,,"Peak Physique Phase - Week WEEK 1 - Monday/Friday (back, chest, abs)","Monday/Friday (back, chest, abs)",,Machine seated row,4,,10-12,10,12,,,,,,"1, 1, 0",,,
Strong & Sculpted,Brad Schoenfeld,A strength and hypertrophy program by Brad Schoenfeld.,4 weeks,Intermediate/Advanced,,,Peak Physique Phase,,2,Week WEEK 1,,,"Peak Physique Phase - Week WEEK 1 - Monday/Friday (back, chest, abs)","Monday/Friday (back, chest, abs)",,Dumbbell pullover,3,,10-12,10,12,,,,,,"1, 1, 0",,,
Strong & Sculpted,Brad Schoenfeld,A strength and hypertrophy program by Brad Schoenfeld.,4 weeks,Intermediate/Advanced,,,Peak Physique Phase,,2,Week WEEK 1,,,"Peak Physique Phase - Week WEEK 1 - Monday/Friday (back, chest, abs)","Monday/Friday (back, chest, abs)",,Dumbbell incline press,4,,10-12,10,12,,,,,,"1, 1, 0",,,
Strong & Sculpted,Brad Schoenfeld,A strength and hypertrophy program by Brad Schoenfeld.,4 weeks,Intermediate/Advanced,,,Peak Physique Phase,,2,Week WEEK 1,,,"Peak Physique Phase - Week WEEK 1 - Monday/Friday (back, chest, abs)","Monday/Friday (back, chest, abs)",,Barbell decline press,3,,10-12,10,12,,,,,,"1, 1, 0",,,
Strong & Sculpted,Brad Schoenfeld,A strength and hypertrophy program by Brad Schoenfeld.,4 weeks,Intermediate/Advanced,,,Peak Physique Phase,,2,Week WEEK 1,,,"Peak Physique Phase - Week WEEK 1 - Monday/Friday (back, chest, abs)","Monday/Friday (back, chest, abs)",,Mid cable fly,3,,10-12,10,12,,,,,,"1, 1, 0",,,
Strong & Sculpted,Brad Schoenfeld,A strength and hypertrophy program by Brad Schoenfeld.,4 weeks,Intermediate/Advanced,,,Peak Physique Phase,,2,Week WEEK 1,,,"Peak Physique Phase - Week WEEK 1 - Monday/Friday (back, chest, abs)","Monday/Friday (back, chest, abs)",,Hanging knee raise,3,,10-12,10,12,,,,,,"1, 1, 0",,,
Strong & Sculpted,Brad Schoenfeld,A strength and hypertrophy program by Brad Schoenfeld.,4 weeks,Intermediate/Advanced,,,Peak Physique Phase,,2,Week WEEK 1,,,"Peak Physique Phase - Week WEEK 1 - Monday/Friday (back, chest, abs)","Monday/Friday (back, chest, abs)",,Bicycle crunch,3,,10-12,10,12,,,,,,"1, 1, 0",,,
Strong & Sculpted,Brad Schoenfeld,A strength and hypertrophy program by Brad Schoenfeld.,4 weeks,Intermediate/Advanced,,,Peak Physique Phase,,2,Week WEEK 1,,,Peak Physique Phase - Week WEEK 1 - Tuesday/Saturday (lower body),Tuesday/Saturday (lower body),,Barbell front squat,4,,10-12,10,12,,,,,,"1, 1, 0",,,
Strong & Sculpted,Brad Schoenfeld,A strength and hypertrophy program by Brad Schoenfeld.,4 weeks,Intermediate/Advanced,,,Peak Physique Phase,,2,Week WEEK 1,,,Peak Physique Phase - Week WEEK 1 - Tuesday/Saturday (lower body),Tuesday/Saturday (lower body),,Dumbbell side lunge,4,,10-12,10,12,,,,,,"1, 1, 0",,,
Strong & Sculpted,Brad Schoenfeld,A strength and hypertrophy program by Brad Schoenfeld.,4 weeks,Intermediate/Advanced,,,Peak Physique Phase,,2,Week WEEK 1,,,Peak Physique Phase - Week WEEK 1 - Tuesday/Saturday (lower body),Tuesday/Saturday (lower body),,Sissy squat,3,,10-12,10,12,,,,,,"1, 1, 0",,,
Strong & Sculpted,Brad Schoenfeld,A strength and hypertrophy program by Brad Schoenfeld.,4 weeks,Intermediate/Advanced,,,Peak Physique Phase,,2,Week WEEK 1,,,Peak Physique Phase - Week WEEK 1 - Tuesday/Saturday (lower body),Tuesday/Saturday (lower body),,Good morning,4,,10-12,10,12,,,,,,"1, 1, 0",,,
Strong & Sculpted,Brad Schoenfeld,A strength and hypertrophy program by Brad Schoenfeld.,4 weeks,Intermediate/Advanced,,,Peak Physique Phase,,2,Week WEEK 1,,,Peak Physique Phase - Week WEEK 1 - Tuesday/Saturday (lower body),Tuesday/Saturday (lower body),,Stability ball leg curl,4,,10-12,10,12,,,,,,"1, 1, 0",,,
Strong & Sculpted,Brad Schoenfeld,A strength and hypertrophy program by Brad Schoenfeld.,4 weeks,Intermediate/Advanced,,,Peak Physique Phase,,2,Week WEEK 1,,,Peak Physique Phase - Week WEEK 1 - Tuesday/Saturday (lower body),Tuesday/Saturday (lower body),,Dumbbell single-leg standing calf raise,4,,10-12,10,12,,,,,,"1, 1, 0",,,
Strong & Sculpted,Brad Schoenfeld,A strength and hypertrophy program by Brad Schoenfeld.,4 weeks,Intermediate/Advanced,,,Peak Physique Phase,,2,Week WEEK 1,,,Peak Physique Phase - Week WEEK 1 - Tuesday/Saturday (lower body),Tuesday/Saturday (lower body),,Machine seated calf raise,3,,10-12,10,12,,,,,,"1, 1, 0",,,
Strong & Sculpted,Brad Schoenfeld,A strength and hypertrophy program by Brad Schoenfeld.,4 weeks,Intermediate/Advanced,,,Peak Physique Phase,,2,Week WEEK 1,,,"Peak Physique Phase - Week WEEK 1 - Wednesday/Sunday (shoulders, arms)","Wednesday/Sunday (shoulders, arms)",,Dumbbell shoulder press,4,,10-12,10,12,,,,,,"1, 1, 0",,,
Strong & Sculpted,Brad Schoenfeld,A strength and hypertrophy program by Brad Schoenfeld.,4 weeks,Intermediate/Advanced,,,Peak Physique Phase,,2,Week WEEK 1,,,"Peak Physique Phase - Week WEEK 1 - Wednesday/Sunday (shoulders, arms)","Wednesday/Sunday (shoulders, arms)",,Cable lateral raise,3,,10-12,10,12,,,,,,"1, 1, 0",,,
Strong & Sculpted,Brad Schoenfeld,A strength and hypertrophy program by Brad Schoenfeld.,4 weeks,Intermediate/Advanced,,,Peak Physique Phase,,2,Week WEEK 1,,,"Peak Physique Phase - Week WEEK 1 - Wednesday/Sunday (shoulders, arms)","Wednesday/Sunday (shoulders, arms)",,Machine rear deltoid fly,3,,10-12,10,12,,,,,,"1, 1, 0",,,
Strong & Sculpted,Brad Schoenfeld,A strength and hypertrophy program by Brad Schoenfeld.,4 weeks,Intermediate/Advanced,,,Peak Physique Phase,,2,Week WEEK 1,,,"Peak Physique Phase - Week WEEK 1 - Wednesday/Sunday (shoulders, arms)","Wednesday/Sunday (shoulders, arms)",,Dumbbell biceps curl,3,,10-12,10,12,,,,,,"1, 1, 0",,,
Strong & Sculpted,Brad Schoenfeld,A strength and hypertrophy program by Brad Schoenfeld.,4 weeks,Intermediate/Advanced,,,Peak Physique Phase,,2,Week WEEK 1,,,"Peak Physique Phase - Week WEEK 1 - Wednesday/Sunday (shoulders, arms)","Wednesday/Sunday (shoulders, arms)",,Cable rope hammer curl,3,,10-12,10,12,,,,,,"1, 1, 0",,,
Strong & Sculpted,Brad Schoenfeld,A strength and hypertrophy program by Brad Schoenfeld.,4 weeks,Intermediate/Advanced,,,Peak Physique Phase,,2,Week WEEK 1,,,"Peak Physique Phase - Week WEEK 1 - Wednesday/Sunday (shoulders, arms)","Wednesday/Sunday (shoulders, arms)",,Cable rope overhead triceps extension,3,,10-12,10,12,,,,,,"1, 1, 0",,,
Strong & Sculpted,Brad Schoenfeld,A strength and hypertrophy program by Brad Schoenfeld.,4 weeks,Intermediate/Advanced,,,Peak Physique Phase,,2,Week WEEK 1,,,"Peak Physique Phase - Week WEEK 1 - Wednesday/Sunday (shoulders, arms)","Wednesday/Sunday (shoulders, arms)",,Dumbbell triceps kickback,2,,10-12,10,12,,,,,,"1, 1, 0",,,
Strong & Sculpted,Brad Schoenfeld,A strength and hypertrophy program by Brad Schoenfeld.,4 weeks,Intermediate/Advanced,,,Peak Physique Phase,,2,Week WEEK 1,,,"Peak Physique Phase - Week WEEK 1 - Wednesday/Sunday (shoulders, arms)","Wednesday/Sunday (shoulders, arms)",,Close-grip bench press,2,,10-12,10,12,,,,,,"1, 1, 0",,,
Strong & Sculpted,Brad Schoenfeld,A strength and hypertrophy program by Brad Schoenfeld.,4 weeks,Intermediate/Advanced,,,Peak Physique Phase,,2,Week WEEK 2,,,"Peak Physique Phase - Week WEEK 2 - Monday/Friday (back, chest, abs)","Monday/Friday (back, chest, abs)",,Lat pull-down,4,,8-10,8,10,,,,,,"1, 1, 0",,,
Strong & Sculpted,Brad Schoenfeld,A strength and hypertrophy program by Brad Schoenfeld.,4 weeks,Intermediate/Advanced,,,Peak Physique Phase,,2,Week WEEK 2,,,"Peak Physique Phase - Week WEEK 2 - Monday/Friday (back, chest, abs)","Monday/Friday (back, chest, abs)",,T-bar row,4,,8-10,8,10,,,,,,"1, 1, 0",,,
Strong & Sculpted,Brad Schoenfeld,A strength and hypertrophy program by Brad Schoenfeld.,4 weeks,Intermediate/Advanced,,,Peak Physique Phase,,2,Week WEEK 2,,,"Peak Physique Phase - Week WEEK 2 - Monday/Friday (back, chest, abs)","Monday/Friday (back, chest, abs)",,Cable straight-arm pulldown,3,,8-10,8,10,,,,,,"1, 1, 0",,,
Strong & Sculpted,Brad Schoenfeld,A strength and hypertrophy program by Brad Schoenfeld.,4 weeks,Intermediate/Advanced,,,Peak Physique Phase,,2,Week WEEK 2,,,"Peak Physique Phase - Week WEEK 2 - Monday/Friday (back, chest, abs)","Monday/Friday (back, chest, abs)",,Machine incline press,4,,8-10,8,10,,,,,,"1, 1, 0",,,
Strong & Sculpted,Brad Schoenfeld,A strength and hypertrophy program by Brad Schoenfeld.,4 weeks,Intermediate/Advanced,,,Peak Physique Phase,,2,Week WEEK 2,,,"Peak Physique Phase - Week WEEK 2 - Monday/Friday (back, chest, abs)","Monday/Friday (back, chest, abs)",,Dumbbell decline press,3,,8-10,8,10,,,,,,"1, 1, 0",,,
Strong & Sculpted,Brad Schoenfeld,A strength and hypertrophy program by Brad Schoenfeld.,4 weeks,Intermediate/Advanced,,,Peak Physique Phase,,2,Week WEEK 2,,,"Peak Physique Phase - Week WEEK 2 - Monday/Friday (back, chest, abs)","Monday/Friday (back, chest, abs)",,Low cable fly,3,,8-10,8,10,,,,,,"1, 1, 0",,,
Strong & Sculpted,Brad Schoenfeld,A strength and hypertrophy program by Brad Schoenfeld.,4 weeks,Intermediate/Advanced,,,Peak Physique Phase,,2,Week WEEK 2,,,"Peak Physique Phase - Week WEEK 2 - Monday/Friday (back, chest, abs)","Monday/Friday (back, chest, abs)",,Crunch,3,,8-10,8,10,,,,,,"1, 1, 0",,,
Strong & Sculpted,Brad Schoenfeld,A strength and hypertrophy program by Brad Schoenfeld.,4 weeks,Intermediate/Advanced,,,Peak Physique Phase,,2,Week WEEK 2,,,"Peak Physique Phase - Week WEEK 2 - Monday/Friday (back, chest, abs)","Monday/Friday (back, chest, abs)",,Stability ball side crunch,3,,8-10,8,10,,,,,,"1, 1, 0",,,
Strong & Sculpted,Brad Schoenfeld,A strength and hypertrophy program by Brad Schoenfeld.,4 weeks,Intermediate/Advanced,,,Peak Physique Phase,,2,Week WEEK 2,,,Peak Physique Phase - Week WEEK 2 - Tuesday/Saturday (lower body),Tuesday/Saturday (lower body),,Leg press,4,,8-10,8,10,,,,,,"1, 1, 0",,,
Strong & Sculpted,Brad Schoenfeld,A strength and hypertrophy program by Brad Schoenfeld.,4 weeks,Intermediate/Advanced,,,Peak Physique Phase,,2,Week WEEK 2,,,Peak Physique Phase - Week WEEK 2 - Tuesday/Saturday (lower body),Tuesday/Saturday (lower body),,Dumbbell step-up,4,,8-10,8,10,,,,,,"1, 1, 0",,,
Strong & Sculpted,Brad Schoenfeld,A strength and hypertrophy program by Brad Schoenfeld.,4 weeks,Intermediate/Advanced,,,Peak Physique Phase,,2,Week WEEK 2,,,Peak Physique Phase - Week WEEK 2 - Tuesday/Saturday (lower body),Tuesday/Saturday (lower body),,Single-leg extension,3,,8-10,8,10,,,,,,"1, 1, 0",,,
Strong & Sculpted,Brad Schoenfeld,A strength and hypertrophy program by Brad Schoenfeld.,4 weeks,Intermediate/Advanced,,,Peak Physique Phase,,2,Week WEEK 2,,,Peak Physique Phase - Week WEEK 2 - Tuesday/Saturday (lower body),Tuesday/Saturday (lower body),,Barbell hip thrust,4,,8-10,8,10,,,,,,"1, 1, 0",,,
Strong & Sculpted,Brad Schoenfeld,A strength and hypertrophy program by Brad Schoenfeld.,4 weeks,Intermediate/Advanced,,,Peak Physique Phase,,2,Week WEEK 2,,,Peak Physique Phase - Week WEEK 2 - Tuesday/Saturday (lower body),Tuesday/Saturday (lower body),,Machine kneeling leg curl,4,,8-10,8,10,,,,,,"1, 1, 0",,,
Strong & Sculpted,Brad Schoenfeld,A strength and hypertrophy program by Brad Schoenfeld.,4 weeks,Intermediate/Advanced,,,Peak Physique Phase,,2,Week WEEK 2,,,Peak Physique Phase - Week WEEK 2 - Tuesday/Saturday (lower body),Tuesday/Saturday (lower body),,Toe press,3,,8-10,8,10,,,,,,"1, 1, 0",,,
Strong & Sculpted,Brad Schoenfeld,A strength and hypertrophy program by Brad Schoenfeld.,4 weeks,Intermediate/Advanced,,,Peak Physique Phase,,2,Week WEEK 2,,,Peak Physique Phase - Week WEEK 2 - Tuesday/Saturday (lower body),Tuesday/Saturday (lower body),,Machine single-leg seated calf raise,3,,8-10,8,10,,,,,,"1, 1, 0",,,
Strong & Sculpted,Brad Schoenfeld,A strength and hypertrophy program by Brad Schoenfeld.,4 weeks,Intermediate/Advanced,,,Peak Physique Phase,,2,Week WEEK 2,,,"Peak Physique Phase - Week WEEK 2 - Wednesday/Sunday (shoulders, arms)","Wednesday/Sunday (shoulders, arms)",,Cable upright row,4,,8-10,8,10,,,,,,"1, 1, 0",,,
Strong & Sculpted,Brad Schoenfeld,A strength and hypertrophy program by Brad Schoenfeld.,4 weeks,Intermediate/Advanced,,,Peak Physique Phase,,2,Week WEEK 2,,,"Peak Physique Phase - Week WEEK 2 - Wednesday/Sunday (shoulders, arms)","Wednesday/Sunday (shoulders, arms)",,Dumbbell lateral raise,4,,8-10,8,10,,,,,,"1, 1, 0",,,
Strong & Sculpted,Brad Schoenfeld,A strength and hypertrophy program by Brad Schoenfeld.,4 weeks,Intermediate/Advanced,,,Peak Physique Phase,,2,Week WEEK 2,,,"Peak Physique Phase - Week WEEK 2 - Wednesday/Sunday (shoulders, arms)","Wednesday/Sunday (shoulders, arms)",,Cable kneeling bent reverse fly,3,,8-10,8,10,,,,,,"1, 1, 0",,,
Strong & Sculpted,Brad Schoenfeld,A strength and hypertrophy program by Brad Schoenfeld.,4 weeks,Intermediate/Advanced,,,Peak Physique Phase,,2,Week WEEK 2,,,"Peak Physique Phase - Week WEEK 2 - Wednesday/Sunday (shoulders, arms)","Wednesday/Sunday (shoulders, arms)",,Barbell curl,2,,8-10,8,10,,,,,,"1, 1, 0",,,
Strong & Sculpted,Brad Schoenfeld,A strength and hypertrophy program by Brad Schoenfeld.,4 weeks,Intermediate/Advanced,,,Peak Physique Phase,,2,Week WEEK 2,,,"Peak Physique Phase - Week WEEK 2 - Wednesday/Sunday (shoulders, arms)","Wednesday/Sunday (shoulders, arms)",,Concentration curl,2,,8-10,8,10,,,,,,"1, 1, 0",,,
Strong & Sculpted,Brad Schoenfeld,A strength and hypertrophy program by Brad Schoenfeld.,4 weeks,Intermediate/Advanced,,,Peak Physique Phase,,2,Week WEEK 2,,,"Peak Physique Phase - Week WEEK 2 - Wednesday/Sunday (shoulders, arms)","Wednesday/Sunday (shoulders, arms)",,Dumbbell hammer curl,2,,8-10,8,10,,,,,,"1, 1, 0",,,
Strong & Sculpted,Brad Schoenfeld,A strength and hypertrophy program by Brad Schoenfeld.,4 weeks,Intermediate/Advanced,,,Peak Physique Phase,,2,Week WEEK 2,,,"Peak Physique Phase - Week WEEK 2 - Wednesday/Sunday (shoulders, arms)","Wednesday/Sunday (shoulders, arms)",,Machine overhead triceps extension,3,,8-10,8,10,,,,,,"1, 1, 0",,,
Strong & Sculpted,Brad Schoenfeld,A strength and hypertrophy program by Brad Schoenfeld.,4 weeks,Intermediate/Advanced,,,Peak Physique Phase,,2,Week WEEK 2,,,"Peak Physique Phase - Week WEEK 2 - Wednesday/Sunday (shoulders, arms)","Wednesday/Sunday (shoulders, arms)",,Dumbbell lying triceps extension,3,,8-10,8,10,,,,,,"1, 1, 0",,,
Strong & Sculpted,Brad Schoenfeld,A strength and hypertrophy program by Brad Schoenfeld.,4 weeks,Intermediate/Advanced,,,Peak Physique Phase,,2,Week WEEK 3,,,"Peak Physique Phase - Week WEEK 3 - Monday/Friday (back, chest, abs)","Monday/Friday (back, chest, abs)",,Chin-up,4,,6-8,6,8,,,,,,0,,,
Strong & Sculpted,Brad Schoenfeld,A strength and hypertrophy program by Brad Schoenfeld.,4 weeks,Intermediate/Advanced,,,Peak Physique Phase,,2,Week WEEK 3,,,"Peak Physique Phase - Week WEEK 3 - Monday/Friday (back, chest, abs)","Monday/Friday (back, chest, abs)",,Machine wide-grip seated row,4,,6-8,6,8,,,,,,0,,,
Strong & Sculpted,Brad Schoenfeld,A strength and hypertrophy program by Brad Schoenfeld.,4 weeks,Intermediate/Advanced,,,Peak Physique Phase,,2,Week WEEK 3,,,"Peak Physique Phase - Week WEEK 3 - Monday/Friday (back, chest, abs)","Monday/Friday (back, chest, abs)",,Dumbbell pullover,3,,6-8,6,8,,,,,,0,,,
Strong & Sculpted,Brad Schoenfeld,A strength and hypertrophy program by Brad Schoenfeld.,4 weeks,Intermediate/Advanced,,,Peak Physique Phase,,2,Week WEEK 3,,,"Peak Physique Phase - Week WEEK 3 - Monday/Friday (back, chest, abs)","Monday/Friday (back, chest, abs)",,Barbell incline press,4,,6-8,6,8,,,,,,0,,,
Strong & Sculpted,Brad Schoenfeld,A strength and hypertrophy program by Brad Schoenfeld.,4 weeks,Intermediate/Advanced,,,Peak Physique Phase,,2,Week WEEK 3,,,"Peak Physique Phase - Week WEEK 3 - Monday/Friday (back, chest, abs)","Monday/Friday (back, chest, abs)",,Machine chest press,3,,6-8,6,8,,,,,,0,,,
Strong & Sculpted,Brad Schoenfeld,A strength and hypertrophy program by Brad Schoenfeld.,4 weeks,Intermediate/Advanced,,,Peak Physique Phase,,2,Week WEEK 3,,,"Peak Physique Phase - Week WEEK 3 - Monday/Friday (back, chest, abs)","Monday/Friday (back, chest, abs)",,Dumbbell incline fly,3,,6-8,6,8,,,,,,0,,,
Strong & Sculpted,Brad Schoenfeld,A strength and hypertrophy program by Brad Schoenfeld.,4 weeks,Intermediate/Advanced,,,Peak Physique Phase,,2,Week WEEK 3,,,"Peak Physique Phase - Week WEEK 3 - Monday/Friday (back, chest, abs)","Monday/Friday (back, chest, abs)",,Cable kneeling rope crunch,3,,6-8,6,8,,,,,,0,,,
Strong & Sculpted,Brad Schoenfeld,A strength and hypertrophy program by Brad Schoenfeld.,4 weeks,Intermediate/Advanced,,,Peak Physique Phase,,2,Week WEEK 3,,,"Peak Physique Phase - Week WEEK 3 - Monday/Friday (back, chest, abs)","Monday/Friday (back, chest, abs)",,Antirotation press,3,,6-8,6,8,,,,,,0,,,
Strong & Sculpted,Brad Schoenfeld,A strength and hypertrophy program by Brad Schoenfeld.,4 weeks,Intermediate/Advanced,,,Peak Physique Phase,,2,Week WEEK 3,,,Peak Physique Phase - Week WEEK 3 - Tuesday/Saturday (lower body),Tuesday/Saturday (lower body),,Barbell back squat,4,,6-8,6,8,,,,,,0,,,
Strong & Sculpted,Brad Schoenfeld,A strength and hypertrophy program by Brad Schoenfeld.,4 weeks,Intermediate/Advanced,,,Peak Physique Phase,,2,Week WEEK 3,,,Peak Physique Phase - Week WEEK 3 - Tuesday/Saturday (lower body),Tuesday/Saturday (lower body),,Dumbbell lunge,4,,6-8,6,8,,,,,,0,,,
Strong & Sculpted,Brad Schoenfeld,A strength and hypertrophy program by Brad Schoenfeld.,4 weeks,Intermediate/Advanced,,,Peak Physique Phase,,2,Week WEEK 3,,,Peak Physique Phase - Week WEEK 3 - Tuesday/Saturday (lower body),Tuesday/Saturday (lower body),,Leg extension,3,,6-8,6,8,,,,,,0,,,
Strong & Sculpted,Brad Schoenfeld,A strength and hypertrophy program by Brad Schoenfeld.,4 weeks,Intermediate/Advanced,,,Peak Physique Phase,,2,Week WEEK 3,,,Peak Physique Phase - Week WEEK 3 - Tuesday/Saturday (lower body),Tuesday/Saturday (lower body),,Barbell stiff-leg deadlift,4,,6-8,6,8,,,,,,0,,,
Strong & Sculpted,Brad Schoenfeld,A strength and hypertrophy program by Brad Schoenfeld.,4 weeks,Intermediate/Advanced,,,Peak Physique Phase,,2,Week WEEK 3,,,Peak Physique Phase - Week WEEK 3 - Tuesday/Saturday (lower body),Tuesday/Saturday (lower body),,Machine seated leg curl,3,,6-8,6,8,,,,,,0,,,
Strong & Sculpted,Brad Schoenfeld,A strength and hypertrophy program by Brad Schoenfeld.,4 weeks,Intermediate/Advanced,,,Peak Physique Phase,,2,Week WEEK 3,,,Peak Physique Phase - Week WEEK 3 - Tuesday/Saturday (lower body),Tuesday/Saturday (lower body),,Machine standing calf raise,3,,6-8,6,8,,,,,,0,,,
Strong & Sculpted,Brad Schoenfeld,A strength and hypertrophy program by Brad Schoenfeld.,4 weeks,Intermediate/Advanced,,,Peak Physique Phase,,2,Week WEEK 3,,,Peak Physique Phase - Week WEEK 3 - Tuesday/Saturday (lower body),Tuesday/Saturday (lower body),,Machine seated calf raise,3,,6-8,6,8,,,,,,0,,,
Strong & Sculpted,Brad Schoenfeld,A strength and hypertrophy program by Brad Schoenfeld.,4 weeks,Intermediate/Advanced,,,Peak Physique Phase,,2,Week WEEK 3,,,"Peak Physique Phase - Week WEEK 3 - Wednesday/Sunday (shoulders, arms)","Wednesday/Sunday (shoulders, arms)",,Military press,3,,6-8,6,8,,,,,,0,,,
Strong & Sculpted,Brad Schoenfeld,A strength and hypertrophy program by Brad Schoenfeld.,4 weeks,Intermediate/Advanced,,,Peak Physique Phase,,2,Week WEEK 3,,,"Peak Physique Phase - Week WEEK 3 - Wednesday/Sunday (shoulders, arms)","Wednesday/Sunday (shoulders, arms)",,Machine lateral raise,4,,6-8,6,8,,,,,,0,,,
Strong & Sculpted,Brad Schoenfeld,A strength and hypertrophy program by Brad Schoenfeld.,4 weeks,Intermediate/Advanced,,,Peak Physique Phase,,2,Week WEEK 3,,,"Peak Physique Phase - Week WEEK 3 - Wednesday/Sunday (shoulders, arms)","Wednesday/Sunday (shoulders, arms)",,Dumbbell seated bent reverse fly,3,,6-8,6,8,,,,,,0,,,
Strong & Sculpted,Brad Schoenfeld,A strength and hypertrophy program by Brad Schoenfeld.,4 weeks,Intermediate/Advanced,,,Peak Physique Phase,,2,Week WEEK 3,,,"Peak Physique Phase - Week WEEK 3 - Wednesday/Sunday (shoulders, arms)","Wednesday/Sunday (shoulders, arms)",,Dumbbell incline biceps curl,3,,6-8,6,8,,,,,,0,,,
Strong & Sculpted,Brad Schoenfeld,A strength and hypertrophy program by Brad Schoenfeld.,4 weeks,Intermediate/Advanced,,,Peak Physique Phase,,2,Week WEEK 3,,,"Peak Physique Phase - Week WEEK 3 - Wednesday/Sunday (shoulders, arms)","Wednesday/Sunday (shoulders, arms)",,High-pulley cable curl,3,,6-8,6,8,,,,,,0,,,
Strong & Sculpted,Brad Schoenfeld,A strength and hypertrophy program by Brad Schoenfeld.,4 weeks,Intermediate/Advanced,,,Peak Physique Phase,,2,Week WEEK 3,,,"Peak Physique Phase - Week WEEK 3 - Wednesday/Sunday (shoulders, arms)","Wednesday/Sunday (shoulders, arms)",,Dumbbell overhead triceps extension,3,,6-8,6,8,,,,,,0,,,
Strong & Sculpted,Brad Schoenfeld,A strength and hypertrophy program by Brad Schoenfeld.,4 weeks,Intermediate/Advanced,,,Peak Physique Phase,,2,Week WEEK 3,,,"Peak Physique Phase - Week WEEK 3 - Wednesday/Sunday (shoulders, arms)","Wednesday/Sunday (shoulders, arms)",,Cable triceps press-down,2,,6-8,6,8,,,,,,0,,,
Strong & Sculpted,Brad Schoenfeld,A strength and hypertrophy program by Brad Schoenfeld.,4 weeks,Intermediate/Advanced,,,Peak Physique Phase,,2,Week WEEK 3,,,"Peak Physique Phase - Week WEEK 3 - Wednesday/Sunday (shoulders, arms)","Wednesday/Sunday (shoulders, arms)",,Skull crusher,2,,6-8,6,8,,,,,,0,,,
Strong & Sculpted,Brad Schoenfeld,A strength and hypertrophy program by Brad Schoenfeld.,4 weeks,Intermediate/Advanced,,,Peak Physique Phase,,2,Week WEEK 4,,,Peak Physique Phase - Week WEEK 4 - Deload (Monday/Thursday),Deload (Monday/Thursday),,Dumbbell chest press,2,,15-20,15,20,,,,,,3,,,
Strong & Sculpted,Brad Schoenfeld,A strength and hypertrophy program by Brad Schoenfeld.,4 weeks,Intermediate/Advanced,,,Peak Physique Phase,,2,Week WEEK 4,,,Peak Physique Phase - Week WEEK 4 - Deload (Monday/Thursday),Deload (Monday/Thursday),,Dumbbell single-arm row,2,,15-20,15,20,,,,,,3,,,
Strong & Sculpted,Brad Schoenfeld,A strength and hypertrophy program by Brad Schoenfeld.,4 weeks,Intermediate/Advanced,,,Peak Physique Phase,,2,Week WEEK 4,,,Peak Physique Phase - Week WEEK 4 - Deload (Monday/Thursday),Deload (Monday/Thursday),,Military press,2,,15-20,15,20,,,,,,3,,,
Strong & Sculpted,Brad Schoenfeld,A strength and hypertrophy program by Brad Schoenfeld.,4 weeks,Intermediate/Advanced,,,Peak Physique Phase,,2,Week WEEK 4,,,Peak Physique Phase - Week WEEK 4 - Deload (Monday/Thursday),Deload (Monday/Thursday),,Barbell back squat,2,,15-20,15,20,,,,,,3,,,
Strong & Sculpted,Brad Schoenfeld,A strength and hypertrophy program by Brad Schoenfeld.,4 weeks,Intermediate/Advanced,,,Peak Physique Phase,,2,Week WEEK 4,,,Peak Physique Phase - Week WEEK 4 - Deload (Monday/Thursday),Deload (Monday/Thursday),,Dumbbell lunge,2,,15-20,15,20,,,,,,3,,,
Strong & Sculpted,Brad Schoenfeld,A strength and hypertrophy program by Brad Schoenfeld.,4 weeks,Intermediate/Advanced,,,Peak Physique Phase,,2,Week WEEK 4,,,Peak Physique Phase - Week WEEK 4 - Deload (Monday/Thursday),Deload (Monday/Thursday),,Dumbbell stiff-leg deadlift,2,,15-20,15,20,,,,,,3,,,
