Program Name;Program Arthur;Program Description;Program Length;Program Level;Program Equipment;Days Per Week;Mesocycle Name;Mesocycle Description;Mesocycle Order;Microcycle Name;Microcycle Description;Microcycle Order;Workout Name;Workout Day;Workout Notes;Exercise Name;Exercise Order;Sets;Set Type;Target Repetitions;Target Min Repetitions;Target Max Repetitions;Target Weight (lbs);Target Weight (kg);Weight Increment (lbs);Weight Increment (kg);Target RPE;Target RIR;Percentage of 1RM;Progression Scheme ID;Advanced Exercise Sets
Strong & Sculpted;Brad Schoenfeld;A strength and hypertrophy program by Brad Schoenfeld.;4 weeks;Intermediate/Advanced;;;;Break-In Phase;;1;Week 1;1;Day 1;1;;Dumbbell Chest Press;1;4;;10;10;15;;;;;;4;;;
Strong & Sculpted;Brad Schoenfeld;A strength and hypertrophy program by Brad Schoenfeld.;4 weeks;Intermediate/Advanced;;;;Break-In Phase;;1;Week 1;1;Day 1;1;;Dumbbell Single-Arm Row;2;4;;10;10;15;;;;;;4;;;
Strong & Sculpted;Brad Schoenfeld;A strength and hypertrophy program by Brad Schoenfeld.;4 weeks;Intermediate/Advanced;;;;Break-In Phase;;1;Week 1;1;Day 1;1;;Military Press;3;4;;10;10;15;;;;;;4;;;
Strong & Sculpted;Brad Schoenfeld;A strength and hypertrophy program by Brad Schoenfeld.;4 weeks;Intermediate/Advanced;;;;Break-In Phase;;1;Week 1;1;Day 1;1;;Barbell Back Squat;4;4;;10;10;15;;;;;;4;;;
Strong & Sculpted;Brad Schoenfeld;A strength and hypertrophy program by Brad Schoenfeld.;4 weeks;Intermediate/Advanced;;;;Break-In Phase;;1;Week 1;1;Day 1;1;;Dumbbell Lunge;5;4;;10;10;15;;;;;;4;;;
Strong & Sculpted;Brad Schoenfeld;A strength and hypertrophy program by Brad Schoenfeld.;4 weeks;Intermediate/Advanced;;;;Break-In Phase;;1;Week 1;1;Day 1;1;;Dumbbell Stiff-Leg Deadlift;6;4;;10;10;15;;;;;;4;;;
Strong & Sculpted;Brad Schoenfeld;A strength and hypertrophy program by Brad Schoenfeld.;4 weeks;Intermediate/Advanced;;;;Break-In Phase;;1;Week 1;1;Day 2;2;;Dumbbell Chest Press;1;4;;10;10;15;;;;;;4;;;
Strong & Sculpted;Brad Schoenfeld;A strength and hypertrophy program by Brad Schoenfeld.;4 weeks;Intermediate/Advanced;;;;Break-In Phase;;1;Week 1;1;Day 2;2;;Dumbbell Single-Arm Row;2;4;;10;10;15;;;;;;4;;;
Strong & Sculpted;Brad Schoenfeld;A strength and hypertrophy program by Brad Schoenfeld.;4 weeks;Intermediate/Advanced;;;;Break-In Phase;;1;Week 1;1;Day 2;2;;Military Press;3;4;;10;10;15;;;;;;4;;;
Strong & Sculpted;Brad Schoenfeld;A strength and hypertrophy program by Brad Schoenfeld.;4 weeks;Intermediate/Advanced;;;;Break-In Phase;;1;Week 1;1;Day 2;2;;Barbell Back Squat;4;4;;10;10;15;;;;;;4;;;
Strong & Sculpted;Brad Schoenfeld;A strength and hypertrophy program by Brad Schoenfeld.;4 weeks;Intermediate/Advanced;;;;Break-In Phase;;1;Week 1;1;Day 2;2;;Dumbbell Lunge;5;4;;10;10;15;;;;;;4;;;
Strong & Sculpted;Brad Schoenfeld;A strength and hypertrophy program by Brad Schoenfeld.;4 weeks;Intermediate/Advanced;;;;Break-In Phase;;1;Week 1;1;Day 2;2;;Dumbbell Stiff-Leg Deadlift;6;4;;10;10;15;;;;;;4;;;
Strong & Sculpted;Brad Schoenfeld;A strength and hypertrophy program by Brad Schoenfeld.;4 weeks;Intermediate/Advanced;;;;Break-In Phase;;1;Week 1;1;Day 3;3;;Dumbbell Chest Press;1;4;;10;10;15;;;;;;4;;;
Strong & Sculpted;Brad Schoenfeld;A strength and hypertrophy program by Brad Schoenfeld.;4 weeks;Intermediate/Advanced;;;;Break-In Phase;;1;Week 1;1;Day 3;3;;Dumbbell Single-Arm Row;2;4;;10;10;15;;;;;;4;;;
Strong & Sculpted;Brad Schoenfeld;A strength and hypertrophy program by Brad Schoenfeld.;4 weeks;Intermediate/Advanced;;;;Break-In Phase;;1;Week 1;1;Day 3;3;;Military Press;3;4;;10;10;15;;;;;;4;;;
Strong & Sculpted;Brad Schoenfeld;A strength and hypertrophy program by Brad Schoenfeld.;4 weeks;Intermediate/Advanced;;;;Break-In Phase;;1;Week 1;1;Day 3;3;;Barbell Back Squat;4;4;;10;10;15;;;;;;4;;;
Strong & Sculpted;Brad Schoenfeld;A strength and hypertrophy program by Brad Schoenfeld.;4 weeks;Intermediate/Advanced;;;;Break-In Phase;;1;Week 1;1;Day 3;3;;Dumbbell Lunge;5;4;;10;10;15;;;;;;4;;;
Strong & Sculpted;Brad Schoenfeld;A strength and hypertrophy program by Brad Schoenfeld.;4 weeks;Intermediate/Advanced;;;;Break-In Phase;;1;Week 1;1;Day 3;3;;Dumbbell Stiff-Leg Deadlift;6;4;;10;10;15;;;;;;4;;;
Strong & Sculpted;Brad Schoenfeld;A strength and hypertrophy program by Brad Schoenfeld.;4 weeks;Intermediate/Advanced;;;;Break-In Phase;;1;Week 2;2;Day 1;1;;Dumbbell Chest Press;1;4;;10;10;15;;;;;;4;;;
Strong & Sculpted;Brad Schoenfeld;A strength and hypertrophy program by Brad Schoenfeld.;4 weeks;Intermediate/Advanced;;;;Break-In Phase;;1;Week 2;2;Day 1;1;;Dumbbell Single-Arm Row;2;4;;10;10;15;;;;;;4;;;
Strong & Sculpted;Brad Schoenfeld;A strength and hypertrophy program by Brad Schoenfeld.;4 weeks;Intermediate/Advanced;;;;Break-In Phase;;1;Week 2;2;Day 1;1;;Military Press;3;4;;10;10;15;;;;;;4;;;
Strong & Sculpted;Brad Schoenfeld;A strength and hypertrophy program by Brad Schoenfeld.;4 weeks;Intermediate/Advanced;;;;Break-In Phase;;1;Week 2;2;Day 1;1;;Barbell Back Squat;4;4;;10;10;15;;;;;;4;;;
Strong & Sculpted;Brad Schoenfeld;A strength and hypertrophy program by Brad Schoenfeld.;4 weeks;Intermediate/Advanced;;;;Break-In Phase;;1;Week 2;2;Day 1;1;;Dumbbell Lunge;5;4;;10;10;15;;;;;;4;;;
Strong & Sculpted;Brad Schoenfeld;A strength and hypertrophy program by Brad Schoenfeld.;4 weeks;Intermediate/Advanced;;;;Break-In Phase;;1;Week 2;2;Day 1;1;;Dumbbell Stiff-Leg Deadlift;6;4;;10;10;15;;;;;;4;;;
Strong & Sculpted;Brad Schoenfeld;A strength and hypertrophy program by Brad Schoenfeld.;4 weeks;Intermediate/Advanced;;;;Break-In Phase;;1;Week 2;2;Day 2;2;;Dumbbell Chest Press;1;4;;10;10;15;;;;;;4;;;
Strong & Sculpted;Brad Schoenfeld;A strength and hypertrophy program by Brad Schoenfeld.;4 weeks;Intermediate/Advanced;;;;Break-In Phase;;1;Week 2;2;Day 2;2;;Dumbbell Single-Arm Row;2;4;;10;10;15;;;;;;4;;;
Strong & Sculpted;Brad Schoenfeld;A strength and hypertrophy program by Brad Schoenfeld.;4 weeks;Intermediate/Advanced;;;;Break-In Phase;;1;Week 2;2;Day 2;2;;Military Press;3;4;;10;10;15;;;;;;4;;;
Strong & Sculpted;Brad Schoenfeld;A strength and hypertrophy program by Brad Schoenfeld.;4 weeks;Intermediate/Advanced;;;;Break-In Phase;;1;Week 2;2;Day 2;2;;Barbell Back Squat;4;4;;10;10;15;;;;;;4;;;
Strong & Sculpted;Brad Schoenfeld;A strength and hypertrophy program by Brad Schoenfeld.;4 weeks;Intermediate/Advanced;;;;Break-In Phase;;1;Week 2;2;Day 2;2;;Dumbbell Lunge;5;4;;10;10;15;;;;;;4;;;
Strong & Sculpted;Brad Schoenfeld;A strength and hypertrophy program by Brad Schoenfeld.;4 weeks;Intermediate/Advanced;;;;Break-In Phase;;1;Week 2;2;Day 2;2;;Dumbbell Stiff-Leg Deadlift;6;4;;10;10;15;;;;;;4;;;
Strong & Sculpted;Brad Schoenfeld;A strength and hypertrophy program by Brad Schoenfeld.;4 weeks;Intermediate/Advanced;;;;Break-In Phase;;1;Week 2;2;Day 3;3;;Dumbbell Chest Press;1;4;;10;10;15;;;;;;4;;;
Strong & Sculpted;Brad Schoenfeld;A strength and hypertrophy program by Brad Schoenfeld.;4 weeks;Intermediate/Advanced;;;;Break-In Phase;;1;Week 2;2;Day 3;3;;Dumbbell Single-Arm Row;2;4;;10;10;15;;;;;;4;;;
Strong & Sculpted;Brad Schoenfeld;A strength and hypertrophy program by Brad Schoenfeld.;4 weeks;Intermediate/Advanced;;;;Break-In Phase;;1;Week 2;2;Day 3;3;;Military Press;3;4;;10;10;15;;;;;;4;;;
Strong & Sculpted;Brad Schoenfeld;A strength and hypertrophy program by Brad Schoenfeld.;4 weeks;Intermediate/Advanced;;;;Break-In Phase;;1;Week 2;2;Day 3;3;;Barbell Back Squat;4;4;;10;10;15;;;;;;4;;;
Strong & Sculpted;Brad Schoenfeld;A strength and hypertrophy program by Brad Schoenfeld.;4 weeks;Intermediate/Advanced;;;;Break-In Phase;;1;Week 2;2;Day 3;3;;Dumbbell Lunge;5;4;;10;10;15;;;;;;4;;;
Strong & Sculpted;Brad Schoenfeld;A strength and hypertrophy program by Brad Schoenfeld.;4 weeks;Intermediate/Advanced;;;;Break-In Phase;;1;Week 2;2;Day 3;3;;Dumbbell Stiff-Leg Deadlift;6;4;;10;10;15;;;;;;4;;;
Strong & Sculpted;Brad Schoenfeld;A strength and hypertrophy program by Brad Schoenfeld.;4 weeks;Intermediate/Advanced;;;;Break-In Phase;;1;Week 3;3;Day 1;1;;Dumbbell Chest Press;1;4;;10;10;15;;;;;;3, 3, 3, 2;;;
Strong & Sculpted;Brad Schoenfeld;A strength and hypertrophy program by Brad Schoenfeld.;4 weeks;Intermediate/Advanced;;;;Break-In Phase;;1;Week 3;3;Day 1;1;;Dumbbell Single-Arm Row;2;4;;10;10;15;;;;;;3, 3, 3, 2;;;
Strong & Sculpted;Brad Schoenfeld;A strength and hypertrophy program by Brad Schoenfeld.;4 weeks;Intermediate/Advanced;;;;Break-In Phase;;1;Week 3;3;Day 1;1;;Military Press;3;4;;10;10;15;;;;;;3, 3, 3, 2;;;
Strong & Sculpted;Brad Schoenfeld;A strength and hypertrophy program by Brad Schoenfeld.;4 weeks;Intermediate/Advanced;;;;Break-In Phase;;1;Week 3;3;Day 1;1;;Barbell Back Squat;4;4;;10;10;15;;;;;;3, 3, 3, 2;;;
Strong & Sculpted;Brad Schoenfeld;A strength and hypertrophy program by Brad Schoenfeld.;4 weeks;Intermediate/Advanced;;;;Break-In Phase;;1;Week 3;3;Day 1;1;;Dumbbell Lunge;5;4;;10;10;15;;;;;;3, 3, 3, 2;;;
Strong & Sculpted;Brad Schoenfeld;A strength and hypertrophy program by Brad Schoenfeld.;4 weeks;Intermediate/Advanced;;;;Break-In Phase;;1;Week 3;3;Day 1;1;;Dumbbell Stiff-Leg Deadlift;6;4;;10;10;15;;;;;;3, 3, 3, 2;;;
Strong & Sculpted;Brad Schoenfeld;A strength and hypertrophy program by Brad Schoenfeld.;4 weeks;Intermediate/Advanced;;;;Break-In Phase;;1;Week 3;3;Day 2;2;;Dumbbell Chest Press;1;4;;10;10;15;;;;;;3, 3, 3, 2;;;
Strong & Sculpted;Brad Schoenfeld;A strength and hypertrophy program by Brad Schoenfeld.;4 weeks;Intermediate/Advanced;;;;Break-In Phase;;1;Week 3;3;Day 2;2;;Dumbbell Single-Arm Row;2;4;;10;10;15;;;;;;3, 3, 3, 2;;;
Strong & Sculpted;Brad Schoenfeld;A strength and hypertrophy program by Brad Schoenfeld.;4 weeks;Intermediate/Advanced;;;;Break-In Phase;;1;Week 3;3;Day 2;2;;Military Press;3;4;;10;10;15;;;;;;3, 3, 3, 2;;;
Strong & Sculpted;Brad Schoenfeld;A strength and hypertrophy program by Brad Schoenfeld.;4 weeks;Intermediate/Advanced;;;;Break-In Phase;;1;Week 3;3;Day 2;2;;Barbell Back Squat;4;4;;10;10;15;;;;;;3, 3, 3, 2;;;
Strong & Sculpted;Brad Schoenfeld;A strength and hypertrophy program by Brad Schoenfeld.;4 weeks;Intermediate/Advanced;;;;Break-In Phase;;1;Week 3;3;Day 2;2;;Dumbbell Lunge;5;4;;10;10;15;;;;;;3, 3, 3, 2;;;
Strong & Sculpted;Brad Schoenfeld;A strength and hypertrophy program by Brad Schoenfeld.;4 weeks;Intermediate/Advanced;;;;Break-In Phase;;1;Week 3;3;Day 2;2;;Dumbbell Stiff-Leg Deadlift;6;4;;10;10;15;;;;;;3, 3, 3, 2;;;
Strong & Sculpted;Brad Schoenfeld;A strength and hypertrophy program by Brad Schoenfeld.;4 weeks;Intermediate/Advanced;;;;Break-In Phase;;1;Week 3;3;Day 3;3;;Dumbbell Chest Press;1;4;;10;10;15;;;;;;3, 3, 3, 2;;;
Strong & Sculpted;Brad Schoenfeld;A strength and hypertrophy program by Brad Schoenfeld.;4 weeks;Intermediate/Advanced;;;;Break-In Phase;;1;Week 3;3;Day 3;3;;Dumbbell Single-Arm Row;2;4;;10;10;15;;;;;;3, 3, 3, 2;;;
Strong & Sculpted;Brad Schoenfeld;A strength and hypertrophy program by Brad Schoenfeld.;4 weeks;Intermediate/Advanced;;;;Break-In Phase;;1;Week 3;3;Day 3;3;;Military Press;3;4;;10;10;15;;;;;;3, 3, 3, 2;;;
Strong & Sculpted;Brad Schoenfeld;A strength and hypertrophy program by Brad Schoenfeld.;4 weeks;Intermediate/Advanced;;;;Break-In Phase;;1;Week 3;3;Day 3;3;;Barbell Back Squat;4;4;;10;10;15;;;;;;3, 3, 3, 2;;;
Strong & Sculpted;Brad Schoenfeld;A strength and hypertrophy program by Brad Schoenfeld.;4 weeks;Intermediate/Advanced;;;;Break-In Phase;;1;Week 3;3;Day 3;3;;Dumbbell Lunge;5;4;;10;10;15;;;;;;3, 3, 3, 2;;;
Strong & Sculpted;Brad Schoenfeld;A strength and hypertrophy program by Brad Schoenfeld.;4 weeks;Intermediate/Advanced;;;;Break-In Phase;;1;Week 3;3;Day 3;3;;Dumbbell Stiff-Leg Deadlift;6;4;;10;10;15;;;;;;3, 3, 3, 2;;;
Strong & Sculpted;Brad Schoenfeld;A strength and hypertrophy program by Brad Schoenfeld.;4 weeks;Intermediate/Advanced;;;;Break-In Phase;;1;Week 4;4;Day 1;1;;Dumbbell Chest Press;1;4;;10;10;15;;;;;;3, 3, 3, 2;;;
Strong & Sculpted;Brad Schoenfeld;A strength and hypertrophy program by Brad Schoenfeld.;4 weeks;Intermediate/Advanced;;;;Break-In Phase;;1;Week 4;4;Day 1;1;;Dumbbell Single-Arm Row;2;4;;10;10;15;;;;;;3, 3, 3, 2;;;
Strong & Sculpted;Brad Schoenfeld;A strength and hypertrophy program by Brad Schoenfeld.;4 weeks;Intermediate/Advanced;;;;Break-In Phase;;1;Week 4;4;Day 1;1;;Military Press;3;4;;10;10;15;;;;;;3, 3, 3, 2;;;
Strong & Sculpted;Brad Schoenfeld;A strength and hypertrophy program by Brad Schoenfeld.;4 weeks;Intermediate/Advanced;;;;Break-In Phase;;1;Week 4;4;Day 1;1;;Barbell Back Squat;4;4;;10;10;15;;;;;;3, 3, 3, 2;;;
Strong & Sculpted;Brad Schoenfeld;A strength and hypertrophy program by Brad Schoenfeld.;4 weeks;Intermediate/Advanced;;;;Break-In Phase;;1;Week 4;4;Day 1;1;;Dumbbell Lunge;5;4;;10;10;15;;;;;;3, 3, 3, 2;;;
Strong & Sculpted;Brad Schoenfeld;A strength and hypertrophy program by Brad Schoenfeld.;4 weeks;Intermediate/Advanced;;;;Break-In Phase;;1;Week 4;4;Day 1;1;;Dumbbell Stiff-Leg Deadlift;6;4;;10;10;15;;;;;;3, 3, 3, 2;;;
Strong & Sculpted;Brad Schoenfeld;A strength and hypertrophy program by Brad Schoenfeld.;4 weeks;Intermediate/Advanced;;;;Break-In Phase;;1;Week 4;4;Day 2;2;;Dumbbell Chest Press;1;4;;10;10;15;;;;;;3, 3, 3, 2;;;
Strong & Sculpted;Brad Schoenfeld;A strength and hypertrophy program by Brad Schoenfeld.;4 weeks;Intermediate/Advanced;;;;Break-In Phase;;1;Week 4;4;Day 2;2;;Dumbbell Single-Arm Row;2;4;;10;10;15;;;;;;3, 3, 3, 2;;;
Strong & Sculpted;Brad Schoenfeld;A strength and hypertrophy program by Brad Schoenfeld.;4 weeks;Intermediate/Advanced;;;;Break-In Phase;;1;Week 4;4;Day 2;2;;Military Press;3;4;;10;10;15;;;;;;3, 3, 3, 2;;;
Strong & Sculpted;Brad Schoenfeld;A strength and hypertrophy program by Brad Schoenfeld.;4 weeks;Intermediate/Advanced;;;;Break-In Phase;;1;Week 4;4;Day 2;2;;Barbell Back Squat;4;4;;10;10;15;;;;;;3, 3, 3, 2;;;
Strong & Sculpted;Brad Schoenfeld;A strength and hypertrophy program by Brad Schoenfeld.;4 weeks;Intermediate/Advanced;;;;Break-In Phase;;1;Week 4;4;Day 2;2;;Dumbbell Lunge;5;4;;10;10;15;;;;;;3, 3, 3, 2;;;
Strong & Sculpted;Brad Schoenfeld;A strength and hypertrophy program by Brad Schoenfeld.;4 weeks;Intermediate/Advanced;;;;Break-In Phase;;1;Week 4;4;Day 2;2;;Dumbbell Stiff-Leg Deadlift;6;4;;10;10;15;;;;;;3, 3, 3, 2;;;
Strong & Sculpted;Brad Schoenfeld;A strength and hypertrophy program by Brad Schoenfeld.;4 weeks;Intermediate/Advanced;;;;Break-In Phase;;1;Week 4;4;Day 3;3;;Dumbbell Chest Press;1;4;;10;10;15;;;;;;3, 3, 3, 2;;;
Strong & Sculpted;Brad Schoenfeld;A strength and hypertrophy program by Brad Schoenfeld.;4 weeks;Intermediate/Advanced;;;;Break-In Phase;;1;Week 4;4;Day 3;3;;Dumbbell Single-Arm Row;2;4;;10;10;15;;;;;;3, 3, 3, 2;;;
Strong & Sculpted;Brad Schoenfeld;A strength and hypertrophy program by Brad Schoenfeld.;4 weeks;Intermediate/Advanced;;;;Break-In Phase;;1;Week 4;4;Day 3;3;;Military Press;3;4;;10;10;15;;;;;;3, 3, 3, 2;;;
Strong & Sculpted;Brad Schoenfeld;A strength and hypertrophy program by Brad Schoenfeld.;4 weeks;Intermediate/Advanced;;;;Break-In Phase;;1;Week 4;4;Day 3;3;;Barbell Back Squat;4;4;;10;10;15;;;;;;3, 3, 3, 2;;;
Strong & Sculpted;Brad Schoenfeld;A strength and hypertrophy program by Brad Schoenfeld.;4 weeks;Intermediate/Advanced;;;;Break-In Phase;;1;Week 4;4;Day 3;3;;Dumbbell Lunge;5;4;;10;10;15;;;;;;3, 3, 3, 2;;;
Strong & Sculpted;Brad Schoenfeld;A strength and hypertrophy program by Brad Schoenfeld.;4 weeks;Intermediate/Advanced;;;;Break-In Phase;;1;Week 4;4;Day 3;3;;Dumbbell Stiff-Leg Deadlift;6;4;;10;10;15;;;;;;3, 3, 3, 2;;;
Strong & Sculpted;Brad Schoenfeld;A strength and hypertrophy program by Brad Schoenfeld.;4 weeks;Intermediate/Advanced;;;;Break-In Phase;;1;Week 5;5;Day 1;1;;Dumbbell Chest Press;1;4;;10;10;15;;;;;;3, 2, 1, 0;;;
Strong & Sculpted;Brad Schoenfeld;A strength and hypertrophy program by Brad Schoenfeld.;4 weeks;Intermediate/Advanced;;;;Break-In Phase;;1;Week 5;5;Day 1;1;;Dumbbell Single-Arm Row;2;4;;10;10;15;;;;;;3, 2, 1, 0;;;
Strong & Sculpted;Brad Schoenfeld;A strength and hypertrophy program by Brad Schoenfeld.;4 weeks;Intermediate/Advanced;;;;Break-In Phase;;1;Week 5;5;Day 1;1;;Military Press;3;4;;10;10;15;;;;;;3, 2, 1, 0;;;
Strong & Sculpted;Brad Schoenfeld;A strength and hypertrophy program by Brad Schoenfeld.;4 weeks;Intermediate/Advanced;;;;Break-In Phase;;1;Week 5;5;Day 1;1;;Barbell Back Squat;4;4;;10;10;15;;;;;;3, 2, 1, 0;;;
Strong & Sculpted;Brad Schoenfeld;A strength and hypertrophy program by Brad Schoenfeld.;4 weeks;Intermediate/Advanced;;;;Break-In Phase;;1;Week 5;5;Day 1;1;;Dumbbell Lunge;5;4;;10;10;15;;;;;;3, 2, 1, 0;;;
Strong & Sculpted;Brad Schoenfeld;A strength and hypertrophy program by Brad Schoenfeld.;4 weeks;Intermediate/Advanced;;;;Break-In Phase;;1;Week 5;5;Day 1;1;;Dumbbell Stiff-Leg Deadlift;6;4;;10;10;15;;;;;;3, 2, 1, 0;;;
Strong & Sculpted;Brad Schoenfeld;A strength and hypertrophy program by Brad Schoenfeld.;4 weeks;Intermediate/Advanced;;;;Break-In Phase;;1;Week 5;5;Day 2;2;;Dumbbell Chest Press;1;4;;10;10;15;;;;;;3, 2, 1, 0;;;
Strong & Sculpted;Brad Schoenfeld;A strength and hypertrophy program by Brad Schoenfeld.;4 weeks;Intermediate/Advanced;;;;Break-In Phase;;1;Week 5;5;Day 2;2;;Dumbbell Single-Arm Row;2;4;;10;10;15;;;;;;3, 2, 1, 0;;;
Strong & Sculpted;Brad Schoenfeld;A strength and hypertrophy program by Brad Schoenfeld.;4 weeks;Intermediate/Advanced;;;;Break-In Phase;;1;Week 5;5;Day 2;2;;Military Press;3;4;;10;10;15;;;;;;3, 2, 1, 0;;;
Strong & Sculpted;Brad Schoenfeld;A strength and hypertrophy program by Brad Schoenfeld.;4 weeks;Intermediate/Advanced;;;;Break-In Phase;;1;Week 5;5;Day 2;2;;Barbell Back Squat;4;4;;10;10;15;;;;;;3, 2, 1, 0;;;
Strong & Sculpted;Brad Schoenfeld;A strength and hypertrophy program by Brad Schoenfeld.;4 weeks;Intermediate/Advanced;;;;Break-In Phase;;1;Week 5;5;Day 2;2;;Dumbbell Lunge;5;4;;10;10;15;;;;;;3, 2, 1, 0;;;
Strong & Sculpted;Brad Schoenfeld;A strength and hypertrophy program by Brad Schoenfeld.;4 weeks;Intermediate/Advanced;;;;Break-In Phase;;1;Week 5;5;Day 2;2;;Dumbbell Stiff-Leg Deadlift;6;4;;10;10;15;;;;;;3, 2, 1, 0;;;
Strong & Sculpted;Brad Schoenfeld;A strength and hypertrophy program by Brad Schoenfeld.;4 weeks;Intermediate/Advanced;;;;Break-In Phase;;1;Week 5;5;Day 3;3;;Dumbbell Chest Press;1;4;;10;10;15;;;;;;3, 2, 1, 0;;;
Strong & Sculpted;Brad Schoenfeld;A strength and hypertrophy program by Brad Schoenfeld.;4 weeks;Intermediate/Advanced;;;;Break-In Phase;;1;Week 5;5;Day 3;3;;Dumbbell Single-Arm Row;2;4;;10;10;15;;;;;;3, 2, 1, 0;;;
Strong & Sculpted;Brad Schoenfeld;A strength and hypertrophy program by Brad Schoenfeld.;4 weeks;Intermediate/Advanced;;;;Break-In Phase;;1;Week 5;5;Day 3;3;;Military Press;3;4;;10;10;15;;;;;;3, 2, 1, 0;;;
Strong & Sculpted;Brad Schoenfeld;A strength and hypertrophy program by Brad Schoenfeld.;4 weeks;Intermediate/Advanced;;;;Break-In Phase;;1;Week 5;5;Day 3;3;;Barbell Back Squat;4;4;;10;10;15;;;;;;3, 2, 1, 0;;;
Strong & Sculpted;Brad Schoenfeld;A strength and hypertrophy program by Brad Schoenfeld.;4 weeks;Intermediate/Advanced;;;;Break-In Phase;;1;Week 5;5;Day 3;3;;Dumbbell Lunge;5;4;;10;10;15;;;;;;3, 2, 1, 0;;;
Strong & Sculpted;Brad Schoenfeld;A strength and hypertrophy program by Brad Schoenfeld.;4 weeks;Intermediate/Advanced;;;;Break-In Phase;;1;Week 5;5;Day 3;3;;Dumbbell Stiff-Leg Deadlift;6;4;;10;10;15;;;;;;3, 2, 1, 0;;;
Strong & Sculpted;Brad Schoenfeld;A strength and hypertrophy program by Brad Schoenfeld.;4 weeks;Intermediate/Advanced;;;;Break-In Phase;;1;Week 6;6;Day 1;1;;Dumbbell Chest Press;1;4;;10;10;15;;;;;;3, 2, 1, 0;;;
Strong & Sculpted;Brad Schoenfeld;A strength and hypertrophy program by Brad Schoenfeld.;4 weeks;Intermediate/Advanced;;;;Break-In Phase;;1;Week 6;6;Day 1;1;;Dumbbell Single-Arm Row;2;4;;10;10;15;;;;;;3, 2, 1, 0;;;
Strong & Sculpted;Brad Schoenfeld;A strength and hypertrophy program by Brad Schoenfeld.;4 weeks;Intermediate/Advanced;;;;Break-In Phase;;1;Week 6;6;Day 1;1;;Military Press;3;4;;10;10;15;;;;;;3, 2, 1, 0;;;
Strong & Sculpted;Brad Schoenfeld;A strength and hypertrophy program by Brad Schoenfeld.;4 weeks;Intermediate/Advanced;;;;Break-In Phase;;1;Week 6;6;Day 1;1;;Barbell Back Squat;4;4;;10;10;15;;;;;;3, 2, 1, 0;;;
Strong & Sculpted;Brad Schoenfeld;A strength and hypertrophy program by Brad Schoenfeld.;4 weeks;Intermediate/Advanced;;;;Break-In Phase;;1;Week 6;6;Day 1;1;;Dumbbell Lunge;5;4;;10;10;15;;;;;;3, 2, 1, 0;;;
Strong & Sculpted;Brad Schoenfeld;A strength and hypertrophy program by Brad Schoenfeld.;4 weeks;Intermediate/Advanced;;;;Break-In Phase;;1;Week 6;6;Day 1;1;;Dumbbell Stiff-Leg Deadlift;6;4;;10;10;15;;;;;;3, 2, 1, 0;;;
Strong & Sculpted;Brad Schoenfeld;A strength and hypertrophy program by Brad Schoenfeld.;4 weeks;Intermediate/Advanced;;;;Break-In Phase;;1;Week 6;6;Day 2;2;;Dumbbell Chest Press;1;4;;10;10;15;;;;;;3, 2, 1, 0;;;
Strong & Sculpted;Brad Schoenfeld;A strength and hypertrophy program by Brad Schoenfeld.;4 weeks;Intermediate/Advanced;;;;Break-In Phase;;1;Week 6;6;Day 2;2;;Dumbbell Single-Arm Row;2;4;;10;10;15;;;;;;3, 2, 1, 0;;;
Strong & Sculpted;Brad Schoenfeld;A strength and hypertrophy program by Brad Schoenfeld.;4 weeks;Intermediate/Advanced;;;;Break-In Phase;;1;Week 6;6;Day 2;2;;Military Press;3;4;;10;10;15;;;;;;3, 2, 1, 0;;;
Strong & Sculpted;Brad Schoenfeld;A strength and hypertrophy program by Brad Schoenfeld.;4 weeks;Intermediate/Advanced;;;;Break-In Phase;;1;Week 6;6;Day 2;2;;Barbell Back Squat;4;4;;10;10;15;;;;;;3, 2, 1, 0;;;
Strong & Sculpted;Brad Schoenfeld;A strength and hypertrophy program by Brad Schoenfeld.;4 weeks;Intermediate/Advanced;;;;Break-In Phase;;1;Week 6;6;Day 2;2;;Dumbbell Lunge;5;4;;10;10;15;;;;;;3, 2, 1, 0;;;
Strong & Sculpted;Brad Schoenfeld;A strength and hypertrophy program by Brad Schoenfeld.;4 weeks;Intermediate/Advanced;;;;Break-In Phase;;1;Week 6;6;Day 2;2;;Dumbbell Stiff-Leg Deadlift;6;4;;10;10;15;;;;;;3, 2, 1, 0;;;
Strong & Sculpted;Brad Schoenfeld;A strength and hypertrophy program by Brad Schoenfeld.;4 weeks;Intermediate/Advanced;;;;Break-In Phase;;1;Week 6;6;Day 3;3;;Dumbbell Chest Press;1;4;;10;10;15;;;;;;3, 2, 1, 0;;;
Strong & Sculpted;Brad Schoenfeld;A strength and hypertrophy program by Brad Schoenfeld.;4 weeks;Intermediate/Advanced;;;;Break-In Phase;;1;Week 6;6;Day 3;3;;Dumbbell Single-Arm Row;2;4;;10;10;15;;;;;;3, 2, 1, 0;;;
Strong & Sculpted;Brad Schoenfeld;A strength and hypertrophy program by Brad Schoenfeld.;4 weeks;Intermediate/Advanced;;;;Break-In Phase;;1;Week 6;6;Day 3;3;;Military Press;3;4;;10;10;15;;;;;;3, 2, 1, 0;;;
Strong & Sculpted;Brad Schoenfeld;A strength and hypertrophy program by Brad Schoenfeld.;4 weeks;Intermediate/Advanced;;;;Break-In Phase;;1;Week 6;6;Day 3;3;;Barbell Back Squat;4;4;;10;10;15;;;;;;3, 2, 1, 0;;;
Strong & Sculpted;Brad Schoenfeld;A strength and hypertrophy program by Brad Schoenfeld.;4 weeks;Intermediate/Advanced;;;;Break-In Phase;;1;Week 6;6;Day 3;3;;Dumbbell Lunge;5;4;;10;10;15;;;;;;3, 2, 1, 0;;;
Strong & Sculpted;Brad Schoenfeld;A strength and hypertrophy program by Brad Schoenfeld.;4 weeks;Intermediate/Advanced;;;;Break-In Phase;;1;Week 6;6;Day 3;3;;Dumbbell Stiff-Leg Deadlift;6;4;;10;10;15;;;;;;3, 2, 1, 0;;;
Strong & Sculpted;Brad Schoenfeld;A strength and hypertrophy program by Brad Schoenfeld.;4 weeks;Intermediate/Advanced;;;;Break-In Phase;;1;Week 7;7;Day 1;1;;Dumbbell Chest Press;1;4;;10;10;15;;;;;;3, 2, 1, 0;;;
Strong & Sculpted;Brad Schoenfeld;A strength and hypertrophy program by Brad Schoenfeld.;4 weeks;Intermediate/Advanced;;;;Break-In Phase;;1;Week 7;7;Day 1;1;;Dumbbell Single-Arm Row;2;4;;10;10;15;;;;;;3, 2, 1, 0;;;
Strong & Sculpted;Brad Schoenfeld;A strength and hypertrophy program by Brad Schoenfeld.;4 weeks;Intermediate/Advanced;;;;Break-In Phase;;1;Week 7;7;Day 1;1;;Military Press;3;4;;10;10;15;;;;;;3, 2, 1, 0;;;
Strong & Sculpted;Brad Schoenfeld;A strength and hypertrophy program by Brad Schoenfeld.;4 weeks;Intermediate/Advanced;;;;Break-In Phase;;1;Week 7;7;Day 1;1;;Barbell Back Squat;4;4;;10;10;15;;;;;;3, 2, 1, 0;;;
Strong & Sculpted;Brad Schoenfeld;A strength and hypertrophy program by Brad Schoenfeld.;4 weeks;Intermediate/Advanced;;;;Break-In Phase;;1;Week 7;7;Day 1;1;;Dumbbell Lunge;5;4;;10;10;15;;;;;;3, 2, 1, 0;;;
Strong & Sculpted;Brad Schoenfeld;A strength and hypertrophy program by Brad Schoenfeld.;4 weeks;Intermediate/Advanced;;;;Break-In Phase;;1;Week 7;7;Day 1;1;;Dumbbell Stiff-Leg Deadlift;6;4;;10;10;15;;;;;;3, 2, 1, 0;;;
Strong & Sculpted;Brad Schoenfeld;A strength and hypertrophy program by Brad Schoenfeld.;4 weeks;Intermediate/Advanced;;;;Break-In Phase;;1;Week 7;7;Day 2;2;;Dumbbell Chest Press;1;4;;10;10;15;;;;;;3, 2, 1, 0;;;
Strong & Sculpted;Brad Schoenfeld;A strength and hypertrophy program by Brad Schoenfeld.;4 weeks;Intermediate/Advanced;;;;Break-In Phase;;1;Week 7;7;Day 2;2;;Dumbbell Single-Arm Row;2;4;;10;10;15;;;;;;3, 2, 1, 0;;;
Strong & Sculpted;Brad Schoenfeld;A strength and hypertrophy program by Brad Schoenfeld.;4 weeks;Intermediate/Advanced;;;;Break-In Phase;;1;Week 7;7;Day 2;2;;Military Press;3;4;;10;10;15;;;;;;3, 2, 1, 0;;;
Strong & Sculpted;Brad Schoenfeld;A strength and hypertrophy program by Brad Schoenfeld.;4 weeks;Intermediate/Advanced;;;;Break-In Phase;;1;Week 7;7;Day 2;2;;Barbell Back Squat;4;4;;10;10;15;;;;;;3, 2, 1, 0;;;
Strong & Sculpted;Brad Schoenfeld;A strength and hypertrophy program by Brad Schoenfeld.;4 weeks;Intermediate/Advanced;;;;Break-In Phase;;1;Week 7;7;Day 2;2;;Dumbbell Lunge;5;4;;10;10;15;;;;;;3, 2, 1, 0;;;
Strong & Sculpted;Brad Schoenfeld;A strength and hypertrophy program by Brad Schoenfeld.;4 weeks;Intermediate/Advanced;;;;Break-In Phase;;1;Week 7;7;Day 2;2;;Dumbbell Stiff-Leg Deadlift;6;4;;10;10;15;;;;;;3, 2, 1, 0;;;
Strong & Sculpted;Brad Schoenfeld;A strength and hypertrophy program by Brad Schoenfeld.;4 weeks;Intermediate/Advanced;;;;Break-In Phase;;1;Week 7;7;Day 3;3;;Dumbbell Chest Press;1;4;;10;10;15;;;;;;3, 2, 1, 0;;;
Strong & Sculpted;Brad Schoenfeld;A strength and hypertrophy program by Brad Schoenfeld.;4 weeks;Intermediate/Advanced;;;;Break-In Phase;;1;Week 7;7;Day 3;3;;Dumbbell Single-Arm Row;2;4;;10;10;15;;;;;;3, 2, 1, 0;;;
Strong & Sculpted;Brad Schoenfeld;A strength and hypertrophy program by Brad Schoenfeld.;4 weeks;Intermediate/Advanced;;;;Break-In Phase;;1;Week 7;7;Day 3;3;;Military Press;3;4;;10;10;15;;;;;;3, 2, 1, 0;;;
Strong & Sculpted;Brad Schoenfeld;A strength and hypertrophy program by Brad Schoenfeld.;4 weeks;Intermediate/Advanced;;;;Break-In Phase;;1;Week 7;7;Day 3;3;;Barbell Back Squat;4;4;;10;10;15;;;;;;3, 2, 1, 0;;;
Strong & Sculpted;Brad Schoenfeld;A strength and hypertrophy program by Brad Schoenfeld.;4 weeks;Intermediate/Advanced;;;;Break-In Phase;;1;Week 7;7;Day 3;3;;Dumbbell Lunge;5;4;;10;10;15;;;;;;3, 2, 1, 0;;;
Strong & Sculpted;Brad Schoenfeld;A strength and hypertrophy program by Brad Schoenfeld.;4 weeks;Intermediate/Advanced;;;;Break-In Phase;;1;Week 7;7;Day 3;3;;Dumbbell Stiff-Leg Deadlift;6;4;;10;10;15;;;;;;3, 2, 1, 0;;;
Strong & Sculpted;Brad Schoenfeld;A strength and hypertrophy program by Brad Schoenfeld.;4 weeks;Intermediate/Advanced;;;;Break-In Phase;;1;Week 8;8;Day 1;1;;Dumbbell Chest Press;1;2;;15;15;20;;;;;;4;;;
Strong & Sculpted;Brad Schoenfeld;A strength and hypertrophy program by Brad Schoenfeld.;4 weeks;Intermediate/Advanced;;;;Break-In Phase;;1;Week 8;8;Day 1;1;;Dumbbell Single-Arm Row;2;2;;15;15;20;;;;;;4;;;
Strong & Sculpted;Brad Schoenfeld;A strength and hypertrophy program by Brad Schoenfeld.;4 weeks;Intermediate/Advanced;;;;Break-In Phase;;1;Week 8;8;Day 1;1;;Military Press;3;2;;15;15;20;;;;;;4;;;
Strong & Sculpted;Brad Schoenfeld;A strength and hypertrophy program by Brad Schoenfeld.;4 weeks;Intermediate/Advanced;;;;Break-In Phase;;1;Week 8;8;Day 1;1;;Barbell Back Squat;4;2;;15;15;20;;;;;;4;;;
Strong & Sculpted;Brad Schoenfeld;A strength and hypertrophy program by Brad Schoenfeld.;4 weeks;Intermediate/Advanced;;;;Break-In Phase;;1;Week 8;8;Day 1;1;;Dumbbell Lunge;5;2;;15;15;20;;;;;;4;;;
Strong & Sculpted;Brad Schoenfeld;A strength and hypertrophy program by Brad Schoenfeld.;4 weeks;Intermediate/Advanced;;;;Break-In Phase;;1;Week 8;8;Day 1;1;;Dumbbell Stiff-Leg Deadlift;6;2;;15;15;20;;;;;;4;;;
Strong & Sculpted;Brad Schoenfeld;A strength and hypertrophy program by Brad Schoenfeld.;4 weeks;Intermediate/Advanced;;;;Break-In Phase;;1;Week 8;8;Day 2;2;;Dumbbell Chest Press;1;2;;15;15;20;;;;;;4;;;
Strong & Sculpted;Brad Schoenfeld;A strength and hypertrophy program by Brad Schoenfeld.;4 weeks;Intermediate/Advanced;;;;Break-In Phase;;1;Week 8;8;Day 2;2;;Dumbbell Single-Arm Row;2;2;;15;15;20;;;;;;4;;;
Strong & Sculpted;Brad Schoenfeld;A strength and hypertrophy program by Brad Schoenfeld.;4 weeks;Intermediate/Advanced;;;;Break-In Phase;;1;Week 8;8;Day 2;2;;Military Press;3;2;;15;15;20;;;;;;4;;;
Strong & Sculpted;Brad Schoenfeld;A strength and hypertrophy program by Brad Schoenfeld.;4 weeks;Intermediate/Advanced;;;;Break-In Phase;;1;Week 8;8;Day 2;2;;Barbell Back Squat;4;2;;15;15;20;;;;;;4;;;
Strong & Sculpted;Brad Schoenfeld;A strength and hypertrophy program by Brad Schoenfeld.;4 weeks;Intermediate/Advanced;;;;Break-In Phase;;1;Week 8;8;Day 2;2;;Dumbbell Lunge;5;2;;15;15;20;;;;;;4;;;
Strong & Sculpted;Brad Schoenfeld;A strength and hypertrophy program by Brad Schoenfeld.;4 weeks;Intermediate/Advanced;;;;Break-In Phase;;1;Week 8;8;Day 2;2;;Dumbbell Stiff-Leg Deadlift;6;2;;15;15;20;;;;;;4;;;
Strong & Sculpted;Brad Schoenfeld;A strength and hypertrophy program by Brad Schoenfeld.;4 weeks;Intermediate/Advanced;;;;Basic Training Phase;;2;Week 1;1;Day 1 (Heavy);1;;Dumbbell Chest Press;1;4;;3;3;5;;;;;;2, 2, 1, 0;;;
Strong & Sculpted;Brad Schoenfeld;A strength and hypertrophy program by Brad Schoenfeld.;4 weeks;Intermediate/Advanced;;;;Basic Training Phase;;2;Week 1;1;Day 1 (Heavy);1;;Dumbbell Single-Arm Row;2;4;;3;3;5;;;;;;2, 2, 1, 0;;;
Strong & Sculpted;Brad Schoenfeld;A strength and hypertrophy program by Brad Schoenfeld.;4 weeks;Intermediate/Advanced;;;;Basic Training Phase;;2;Week 1;1;Day 1 (Heavy);1;;Military Press;3;4;;3;3;5;;;;;;2, 2, 1, 0;;;
Strong & Sculpted;Brad Schoenfeld;A strength and hypertrophy program by Brad Schoenfeld.;4 weeks;Intermediate/Advanced;;;;Basic Training Phase;;2;Week 1;1;Day 1 (Heavy);1;;Barbell Back Squat;4;4;;3;3;5;;;;;;2, 2, 1, 0;;;
Strong & Sculpted;Brad Schoenfeld;A strength and hypertrophy program by Brad Schoenfeld.;4 weeks;Intermediate/Advanced;;;;Basic Training Phase;;2;Week 1;1;Day 1 (Heavy);1;;Barbell Hip Thrust;5;4;;3;3;5;;;;;;2, 2, 1, 0;;;
Strong & Sculpted;Brad Schoenfeld;A strength and hypertrophy program by Brad Schoenfeld.;4 weeks;Intermediate/Advanced;;;;Basic Training Phase;;2;Week 1;1;Day 1 (Heavy);1;;Barbell Stiff-Leg Deadlift;6;4;;3;3;5;;;;;;2, 2, 1, 0;;;
Strong & Sculpted;Brad Schoenfeld;A strength and hypertrophy program by Brad Schoenfeld.;4 weeks;Intermediate/Advanced;;;;Basic Training Phase;;2;Week 1;1;Day 2 (Moderate);2;;Barbell Incline Press;1;3;;8;8;12;;;;;;2, 1, 0;;;
Strong & Sculpted;Brad Schoenfeld;A strength and hypertrophy program by Brad Schoenfeld.;4 weeks;Intermediate/Advanced;;;;Basic Training Phase;;2;Week 1;1;Day 2 (Moderate);2;;Neutral-Grip Lat Pull-Down;2;3;;8;8;12;;;;;;2, 1, 0;;;
Strong & Sculpted;Brad Schoenfeld;A strength and hypertrophy program by Brad Schoenfeld.;4 weeks;Intermediate/Advanced;;;;Basic Training Phase;;2;Week 1;1;Day 2 (Moderate);2;;Cable Upright Row;3;3;;8;8;12;;;;;;2, 1, 0;;;
Strong & Sculpted;Brad Schoenfeld;A strength and hypertrophy program by Brad Schoenfeld.;4 weeks;Intermediate/Advanced;;;;Basic Training Phase;;2;Week 1;1;Day 2 (Moderate);2;;Dumbbell Incline Biceps Curl;4;2;;8;8;12;;;;;;2, 1;;;
Strong & Sculpted;Brad Schoenfeld;A strength and hypertrophy program by Brad Schoenfeld.;4 weeks;Intermediate/Advanced;;;;Basic Training Phase;;2;Week 1;1;Day 2 (Moderate);2;;Cable Rope Overhead Triceps Extension;5;2;;8;8;12;;;;;;2, 1;;;
Strong & Sculpted;Brad Schoenfeld;A strength and hypertrophy program by Brad Schoenfeld.;4 weeks;Intermediate/Advanced;;;;Basic Training Phase;;2;Week 1;1;Day 2 (Moderate);2;;Leg Press;6;3;;8;8;12;;;;;;2, 1, 0;;;
Strong & Sculpted;Brad Schoenfeld;A strength and hypertrophy program by Brad Schoenfeld.;4 weeks;Intermediate/Advanced;;;;Basic Training Phase;;2;Week 1;1;Day 2 (Moderate);2;;Machine Seated Leg Curl;7;3;;8;8;12;;;;;;2, 1, 0;;;
Strong & Sculpted;Brad Schoenfeld;A strength and hypertrophy program by Brad Schoenfeld.;4 weeks;Intermediate/Advanced;;;;Basic Training Phase;;2;Week 1;1;Day 2 (Moderate);2;;Dumbbell Standing Calf Raise;8;2;;8;8;12;;;;;;2, 1;;;
Strong & Sculpted;Brad Schoenfeld;A strength and hypertrophy program by Brad Schoenfeld.;4 weeks;Intermediate/Advanced;;;;Basic Training Phase;;2;Week 1;1;Day 2 (Moderate);2;;Cable Kneeling Rope Crunch;9;2;;8;8;12;;;;;;2, 1;;;
Strong & Sculpted;Brad Schoenfeld;A strength and hypertrophy program by Brad Schoenfeld.;4 weeks;Intermediate/Advanced;;;;Basic Training Phase;;2;Week 1;1;Day 3 (Light);3;;Low Cable Fly;1;2;;15;15;25;;;;;;2, 1;;;
Strong & Sculpted;Brad Schoenfeld;A strength and hypertrophy program by Brad Schoenfeld.;4 weeks;Intermediate/Advanced;;;;Basic Training Phase;;2;Week 1;1;Day 3 (Light);3;;Cable Seated Row;2;2;;15;15;25;;;;;;2, 1;;;
Strong & Sculpted;Brad Schoenfeld;A strength and hypertrophy program by Brad Schoenfeld.;4 weeks;Intermediate/Advanced;;;;Basic Training Phase;;2;Week 1;1;Day 3 (Light);3;;Machine Lateral Raise;3;2;;15;15;25;;;;;;2, 1;;;
Strong & Sculpted;Brad Schoenfeld;A strength and hypertrophy program by Brad Schoenfeld.;4 weeks;Intermediate/Advanced;;;;Basic Training Phase;;2;Week 1;1;Day 3 (Light);3;;Dumbbell Hammer Curl;4;2;;15;15;25;;;;;;2, 1;;;
Strong & Sculpted;Brad Schoenfeld;A strength and hypertrophy program by Brad Schoenfeld.;4 weeks;Intermediate/Advanced;;;;Basic Training Phase;;2;Week 1;1;Day 3 (Light);3;;Cable Triceps Kickback;5;2;;15;15;25;;;;;;2, 1;;;
Strong & Sculpted;Brad Schoenfeld;A strength and hypertrophy program by Brad Schoenfeld.;4 weeks;Intermediate/Advanced;;;;Basic Training Phase;;2;Week 1;1;Day 3 (Light);3;;Leg Extension;6;2;;15;15;25;;;;;;2, 1;;;
Strong & Sculpted;Brad Schoenfeld;A strength and hypertrophy program by Brad Schoenfeld.;4 weeks;Intermediate/Advanced;;;;Basic Training Phase;;2;Week 1;1;Day 3 (Light);3;;Cable Glute Back Kick;7;2;;15;15;25;;;;;;2, 1;;;
Strong & Sculpted;Brad Schoenfeld;A strength and hypertrophy program by Brad Schoenfeld.;4 weeks;Intermediate/Advanced;;;;Basic Training Phase;;2;Week 1;1;Day 3 (Light);3;;Machine Seated Calf Raise;8;2;;15;15;25;;;;;;2, 1;;;
Strong & Sculpted;Brad Schoenfeld;A strength and hypertrophy program by Brad Schoenfeld.;4 weeks;Intermediate/Advanced;;;;Basic Training Phase;;2;Week 1;1;Day 3 (Light);3;;Reverse Crunch;9;2;;15;15;25;;;;;;2, 1;;;
Strong & Sculpted;Brad Schoenfeld;A strength and hypertrophy program by Brad Schoenfeld.;4 weeks;Intermediate/Advanced;;;;Basic Training Phase;;2;Week 2;2;Day 1 (Heavy);1;;Dumbbell Chest Press;1;4;;3;3;5;;;;;;2, 2, 1, 0;;;
Strong & Sculpted;Brad Schoenfeld;A strength and hypertrophy program by Brad Schoenfeld.;4 weeks;Intermediate/Advanced;;;;Basic Training Phase;;2;Week 2;2;Day 1 (Heavy);1;;Dumbbell Single-Arm Row;2;4;;3;3;5;;;;;;2, 2, 1, 0;;;
Strong & Sculpted;Brad Schoenfeld;A strength and hypertrophy program by Brad Schoenfeld.;4 weeks;Intermediate/Advanced;;;;Basic Training Phase;;2;Week 2;2;Day 1 (Heavy);1;;Military Press;3;4;;3;3;5;;;;;;2, 2, 1, 0;;;
Strong & Sculpted;Brad Schoenfeld;A strength and hypertrophy program by Brad Schoenfeld.;4 weeks;Intermediate/Advanced;;;;Basic Training Phase;;2;Week 2;2;Day 1 (Heavy);1;;Barbell Back Squat;4;4;;3;3;5;;;;;;2, 2, 1, 0;;;
Strong & Sculpted;Brad Schoenfeld;A strength and hypertrophy program by Brad Schoenfeld.;4 weeks;Intermediate/Advanced;;;;Basic Training Phase;;2;Week 2;2;Day 1 (Heavy);1;;Barbell Hip Thrust;5;4;;3;3;5;;;;;;2, 2, 1, 0;;;
Strong & Sculpted;Brad Schoenfeld;A strength and hypertrophy program by Brad Schoenfeld.;4 weeks;Intermediate/Advanced;;;;Basic Training Phase;;2;Week 2;2;Day 1 (Heavy);1;;Barbell Stiff-Leg Deadlift;6;4;;3;3;5;;;;;;2, 2, 1, 0;;;
Strong & Sculpted;Brad Schoenfeld;A strength and hypertrophy program by Brad Schoenfeld.;4 weeks;Intermediate/Advanced;;;;Basic Training Phase;;2;Week 2;2;Day 2 (Moderate);2;;Barbell Incline Press;1;3;;8;8;12;;;;;;2, 1, 0;;;
Strong & Sculpted;Brad Schoenfeld;A strength and hypertrophy program by Brad Schoenfeld.;4 weeks;Intermediate/Advanced;;;;Basic Training Phase;;2;Week 2;2;Day 2 (Moderate);2;;Neutral-Grip Lat Pull-Down;2;3;;8;8;12;;;;;;2, 1, 0;;;
Strong & Sculpted;Brad Schoenfeld;A strength and hypertrophy program by Brad Schoenfeld.;4 weeks;Intermediate/Advanced;;;;Basic Training Phase;;2;Week 2;2;Day 2 (Moderate);2;;Cable Upright Row;3;3;;8;8;12;;;;;;2, 1, 0;;;
Strong & Sculpted;Brad Schoenfeld;A strength and hypertrophy program by Brad Schoenfeld.;4 weeks;Intermediate/Advanced;;;;Basic Training Phase;;2;Week 2;2;Day 2 (Moderate);2;;Dumbbell Incline Biceps Curl;4;2;;8;8;12;;;;;;2, 1;;;
Strong & Sculpted;Brad Schoenfeld;A strength and hypertrophy program by Brad Schoenfeld.;4 weeks;Intermediate/Advanced;;;;Basic Training Phase;;2;Week 2;2;Day 2 (Moderate);2;;Cable Rope Overhead Triceps Extension;5;2;;8;8;12;;;;;;2, 1;;;
Strong & Sculpted;Brad Schoenfeld;A strength and hypertrophy program by Brad Schoenfeld.;4 weeks;Intermediate/Advanced;;;;Basic Training Phase;;2;Week 2;2;Day 2 (Moderate);2;;Leg Press;6;3;;8;8;12;;;;;;2, 1, 0;;;
Strong & Sculpted;Brad Schoenfeld;A strength and hypertrophy program by Brad Schoenfeld.;4 weeks;Intermediate/Advanced;;;;Basic Training Phase;;2;Week 2;2;Day 2 (Moderate);2;;Machine Seated Leg Curl;7;3;;8;8;12;;;;;;2, 1, 0;;;
Strong & Sculpted;Brad Schoenfeld;A strength and hypertrophy program by Brad Schoenfeld.;4 weeks;Intermediate/Advanced;;;;Basic Training Phase;;2;Week 2;2;Day 2 (Moderate);2;;Dumbbell Standing Calf Raise;8;2;;8;8;12;;;;;;2, 1;;;
Strong & Sculpted;Brad Schoenfeld;A strength and hypertrophy program by Brad Schoenfeld.;4 weeks;Intermediate/Advanced;;;;Basic Training Phase;;2;Week 2;2;Day 2 (Moderate);2;;Cable Kneeling Rope Crunch;9;2;;8;8;12;;;;;;2, 1;;;
Strong & Sculpted;Brad Schoenfeld;A strength and hypertrophy program by Brad Schoenfeld.;4 weeks;Intermediate/Advanced;;;;Basic Training Phase;;2;Week 2;2;Day 3 (Light);3;;Low Cable Fly;1;2;;15;15;25;;;;;;2, 1;;;
Strong & Sculpted;Brad Schoenfeld;A strength and hypertrophy program by Brad Schoenfeld.;4 weeks;Intermediate/Advanced;;;;Basic Training Phase;;2;Week 2;2;Day 3 (Light);3;;Cable Seated Row;2;2;;15;15;25;;;;;;2, 1;;;
Strong & Sculpted;Brad Schoenfeld;A strength and hypertrophy program by Brad Schoenfeld.;4 weeks;Intermediate/Advanced;;;;Basic Training Phase;;2;Week 2;2;Day 3 (Light);3;;Machine Lateral Raise;3;2;;15;15;25;;;;;;2, 1;;;
Strong & Sculpted;Brad Schoenfeld;A strength and hypertrophy program by Brad Schoenfeld.;4 weeks;Intermediate/Advanced;;;;Basic Training Phase;;2;Week 2;2;Day 3 (Light);3;;Dumbbell Hammer Curl;4;2;;15;15;25;;;;;;2, 1;;;
Strong & Sculpted;Brad Schoenfeld;A strength and hypertrophy program by Brad Schoenfeld.;4 weeks;Intermediate/Advanced;;;;Basic Training Phase;;2;Week 2;2;Day 3 (Light);3;;Cable Triceps Kickback;5;2;;15;15;25;;;;;;2, 1;;;
Strong & Sculpted;Brad Schoenfeld;A strength and hypertrophy program by Brad Schoenfeld.;4 weeks;Intermediate/Advanced;;;;Basic Training Phase;;2;Week 2;2;Day 3 (Light);3;;Leg Extension;6;2;;15;15;25;;;;;;2, 1;;;
Strong & Sculpted;Brad Schoenfeld;A strength and hypertrophy program by Brad Schoenfeld.;4 weeks;Intermediate/Advanced;;;;Basic Training Phase;;2;Week 2;2;Day 3 (Light);3;;Cable Glute Back Kick;7;2;;15;15;25;;;;;;2, 1;;;
Strong & Sculpted;Brad Schoenfeld;A strength and hypertrophy program by Brad Schoenfeld.;4 weeks;Intermediate/Advanced;;;;Basic Training Phase;;2;Week 2;2;Day 3 (Light);3;;Machine Seated Calf Raise;8;2;;15;15;25;;;;;;2, 1;;;
Strong & Sculpted;Brad Schoenfeld;A strength and hypertrophy program by Brad Schoenfeld.;4 weeks;Intermediate/Advanced;;;;Basic Training Phase;;2;Week 2;2;Day 3 (Light);3;;Reverse Crunch;9;2;;15;15;25;;;;;;2, 1;;;
Strong & Sculpted;Brad Schoenfeld;A strength and hypertrophy program by Brad Schoenfeld.;4 weeks;Intermediate/Advanced;;;;Basic Training Phase;;2;Week 3;3;Day 1 (Heavy);1;;Dumbbell Chest Press;1;4;;3;3;5;;;;;;2, 2, 1, 0;;;
Strong & Sculpted;Brad Schoenfeld;A strength and hypertrophy program by Brad Schoenfeld.;4 weeks;Intermediate/Advanced;;;;Basic Training Phase;;2;Week 3;3;Day 1 (Heavy);1;;Dumbbell Single-Arm Row;2;4;;3;3;5;;;;;;2, 2, 1, 0;;;
Strong & Sculpted;Brad Schoenfeld;A strength and hypertrophy program by Brad Schoenfeld.;4 weeks;Intermediate/Advanced;;;;Basic Training Phase;;2;Week 3;3;Day 1 (Heavy);1;;Military Press;3;4;;3;3;5;;;;;;2, 2, 1, 0;;;
Strong & Sculpted;Brad Schoenfeld;A strength and hypertrophy program by Brad Schoenfeld.;4 weeks;Intermediate/Advanced;;;;Basic Training Phase;;2;Week 3;3;Day 1 (Heavy);1;;Barbell Back Squat;4;4;;3;3;5;;;;;;2, 2, 1, 0;;;
Strong & Sculpted;Brad Schoenfeld;A strength and hypertrophy program by Brad Schoenfeld.;4 weeks;Intermediate/Advanced;;;;Basic Training Phase;;2;Week 3;3;Day 1 (Heavy);1;;Barbell Hip Thrust;5;4;;3;3;5;;;;;;2, 2, 1, 0;;;
Strong & Sculpted;Brad Schoenfeld;A strength and hypertrophy program by Brad Schoenfeld.;4 weeks;Intermediate/Advanced;;;;Basic Training Phase;;2;Week 3;3;Day 1 (Heavy);1;;Barbell Stiff-Leg Deadlift;6;4;;3;3;5;;;;;;2, 2, 1, 0;;;
Strong & Sculpted;Brad Schoenfeld;A strength and hypertrophy program by Brad Schoenfeld.;4 weeks;Intermediate/Advanced;;;;Basic Training Phase;;2;Week 3;3;Day 2 (Moderate);2;;Barbell Incline Press;1;3;;8;8;12;;;;;;2, 1, 0;;;
Strong & Sculpted;Brad Schoenfeld;A strength and hypertrophy program by Brad Schoenfeld.;4 weeks;Intermediate/Advanced;;;;Basic Training Phase;;2;Week 3;3;Day 2 (Moderate);2;;Neutral-Grip Lat Pull-Down;2;3;;8;8;12;;;;;;2, 1, 0;;;
Strong & Sculpted;Brad Schoenfeld;A strength and hypertrophy program by Brad Schoenfeld.;4 weeks;Intermediate/Advanced;;;;Basic Training Phase;;2;Week 3;3;Day 2 (Moderate);2;;Cable Upright Row;3;3;;8;8;12;;;;;;2, 1, 0;;;
Strong & Sculpted;Brad Schoenfeld;A strength and hypertrophy program by Brad Schoenfeld.;4 weeks;Intermediate/Advanced;;;;Basic Training Phase;;2;Week 3;3;Day 2 (Moderate);2;;Dumbbell Incline Biceps Curl;4;2;;8;8;12;;;;;;2, 1;;;
Strong & Sculpted;Brad Schoenfeld;A strength and hypertrophy program by Brad Schoenfeld.;4 weeks;Intermediate/Advanced;;;;Basic Training Phase;;2;Week 3;3;Day 2 (Moderate);2;;Cable Rope Overhead Triceps Extension;5;2;;8;8;12;;;;;;2, 1;;;
Strong & Sculpted;Brad Schoenfeld;A strength and hypertrophy program by Brad Schoenfeld.;4 weeks;Intermediate/Advanced;;;;Basic Training Phase;;2;Week 3;3;Day 2 (Moderate);2;;Leg Press;6;3;;8;8;12;;;;;;2, 1, 0;;;
Strong & Sculpted;Brad Schoenfeld;A strength and hypertrophy program by Brad Schoenfeld.;4 weeks;Intermediate/Advanced;;;;Basic Training Phase;;2;Week 3;3;Day 2 (Moderate);2;;Machine Seated Leg Curl;7;3;;8;8;12;;;;;;2, 1, 0;;;
Strong & Sculpted;Brad Schoenfeld;A strength and hypertrophy program by Brad Schoenfeld.;4 weeks;Intermediate/Advanced;;;;Basic Training Phase;;2;Week 3;3;Day 2 (Moderate);2;;Dumbbell Standing Calf Raise;8;2;;8;8;12;;;;;;2, 1;;;
Strong & Sculpted;Brad Schoenfeld;A strength and hypertrophy program by Brad Schoenfeld.;4 weeks;Intermediate/Advanced;;;;Basic Training Phase;;2;Week 3;3;Day 2 (Moderate);2;;Cable Kneeling Rope Crunch;9;2;;8;8;12;;;;;;2, 1;;;
Strong & Sculpted;Brad Schoenfeld;A strength and hypertrophy program by Brad Schoenfeld.;4 weeks;Intermediate/Advanced;;;;Basic Training Phase;;2;Week 3;3;Day 3 (Light);3;;Low Cable Fly;1;2;;15;15;25;;;;;;2, 1;;;
Strong & Sculpted;Brad Schoenfeld;A strength and hypertrophy program by Brad Schoenfeld.;4 weeks;Intermediate/Advanced;;;;Basic Training Phase;;2;Week 3;3;Day 3 (Light);3;;Cable Seated Row;2;2;;15;15;25;;;;;;2, 1;;;
Strong & Sculpted;Brad Schoenfeld;A strength and hypertrophy program by Brad Schoenfeld.;4 weeks;Intermediate/Advanced;;;;Basic Training Phase;;2;Week 3;3;Day 3 (Light);3;;Machine Lateral Raise;3;2;;15;15;25;;;;;;2, 1;;;
Strong & Sculpted;Brad Schoenfeld;A strength and hypertrophy program by Brad Schoenfeld.;4 weeks;Intermediate/Advanced;;;;Basic Training Phase;;2;Week 3;3;Day 3 (Light);3;;Dumbbell Hammer Curl;4;2;;15;15;25;;;;;;2, 1;;;
Strong & Sculpted;Brad Schoenfeld;A strength and hypertrophy program by Brad Schoenfeld.;4 weeks;Intermediate/Advanced;;;;Basic Training Phase;;2;Week 3;3;Day 3 (Light);3;;Cable Triceps Kickback;5;2;;15;15;25;;;;;;2, 1;;;
Strong & Sculpted;Brad Schoenfeld;A strength and hypertrophy program by Brad Schoenfeld.;4 weeks;Intermediate/Advanced;;;;Basic Training Phase;;2;Week 3;3;Day 3 (Light);3;;Leg Extension;6;2;;15;15;25;;;;;;2, 1;;;
Strong & Sculpted;Brad Schoenfeld;A strength and hypertrophy program by Brad Schoenfeld.;4 weeks;Intermediate/Advanced;;;;Basic Training Phase;;2;Week 3;3;Day 3 (Light);3;;Cable Glute Back Kick;7;2;;15;15;25;;;;;;2, 1;;;
Strong & Sculpted;Brad Schoenfeld;A strength and hypertrophy program by Brad Schoenfeld.;4 weeks;Intermediate/Advanced;;;;Basic Training Phase;;2;Week 3;3;Day 3 (Light);3;;Machine Seated Calf Raise;8;2;;15;15;25;;;;;;2, 1;;;
Strong & Sculpted;Brad Schoenfeld;A strength and hypertrophy program by Brad Schoenfeld.;4 weeks;Intermediate/Advanced;;;;Basic Training Phase;;2;Week 3;3;Day 3 (Light);3;;Reverse Crunch;9;2;;15;15;25;;;;;;2, 1;;;
Strong & Sculpted;Brad Schoenfeld;A strength and hypertrophy program by Brad Schoenfeld.;4 weeks;Intermediate/Advanced;;;;Basic Training Phase;;2;Week 4;4;Deload (Day 1);1;;Dumbbell Chest Press;1;2;;15;15;20;;;;;;4;;;
Strong & Sculpted;Brad Schoenfeld;A strength and hypertrophy program by Brad Schoenfeld.;4 weeks;Intermediate/Advanced;;;;Basic Training Phase;;2;Week 4;4;Deload (Day 1);1;;Dumbbell Single-Arm Row;2;2;;15;15;20;;;;;;4;;;
Strong & Sculpted;Brad Schoenfeld;A strength and hypertrophy program by Brad Schoenfeld.;4 weeks;Intermediate/Advanced;;;;Basic Training Phase;;2;Week 4;4;Deload (Day 1);1;;Military Press;3;2;;15;15;20;;;;;;4;;;
Strong & Sculpted;Brad Schoenfeld;A strength and hypertrophy program by Brad Schoenfeld.;4 weeks;Intermediate/Advanced;;;;Basic Training Phase;;2;Week 4;4;Deload (Day 1);1;;Barbell Back Squat;4;2;;15;15;20;;;;;;4;;;
Strong & Sculpted;Brad Schoenfeld;A strength and hypertrophy program by Brad Schoenfeld.;4 weeks;Intermediate/Advanced;;;;Basic Training Phase;;2;Week 4;4;Deload (Day 1);1;;Dumbbell Lunge;5;2;;15;15;20;;;;;;4;;;
Strong & Sculpted;Brad Schoenfeld;A strength and hypertrophy program by Brad Schoenfeld.;4 weeks;Intermediate/Advanced;;;;Basic Training Phase;;2;Week 4;4;Deload (Day 1);1;;Dumbbell Stiff-Leg Deadlift;6;2;;15;15;20;;;;;;4;;;
Strong & Sculpted;Brad Schoenfeld;A strength and hypertrophy program by Brad Schoenfeld.;4 weeks;Intermediate/Advanced;;;;Basic Training Phase;;2;Week 4;4;Deload (Day 2);2;;Dumbbell Chest Press;1;2;;15;15;20;;;;;;4;;;
Strong & Sculpted;Brad Schoenfeld;A strength and hypertrophy program by Brad Schoenfeld.;4 weeks;Intermediate/Advanced;;;;Basic Training Phase;;2;Week 4;4;Deload (Day 2);2;;Dumbbell Single-Arm Row;2;2;;15;15;20;;;;;;4;;;
Strong & Sculpted;Brad Schoenfeld;A strength and hypertrophy program by Brad Schoenfeld.;4 weeks;Intermediate/Advanced;;;;Basic Training Phase;;2;Week 4;4;Deload (Day 2);2;;Military Press;3;2;;15;15;20;;;;;;4;;;
Strong & Sculpted;Brad Schoenfeld;A strength and hypertrophy program by Brad Schoenfeld.;4 weeks;Intermediate/Advanced;;;;Basic Training Phase;;2;Week 4;4;Deload (Day 2);2;;Barbell Back Squat;4;2;;15;15;20;;;;;;4;;;
Strong & Sculpted;Brad Schoenfeld;A strength and hypertrophy program by Brad Schoenfeld.;4 weeks;Intermediate/Advanced;;;;Basic Training Phase;;2;Week 4;4;Deload (Day 2);2;;Dumbbell Lunge;5;2;;15;15;20;;;;;;4;;;
Strong & Sculpted;Brad Schoenfeld;A strength and hypertrophy program by Brad Schoenfeld.;4 weeks;Intermediate/Advanced;;;;Basic Training Phase;;2;Week 4;4;Deload (Day 2);2;;Dumbbell Stiff-Leg Deadlift;6;2;;15;15;20;;;;;;4;;;
Strong & Sculpted;Brad Schoenfeld;A strength and hypertrophy program by Brad Schoenfeld.;4 weeks;Intermediate/Advanced;;;;Basic Training Phase;;2;Week 1;5;Day 1 (Heavy);1;;Dumbbell Chest Press;1;4;;3;3;5;;;;;;2, 2, 1, 0;;;
Strong & Sculpted;Brad Schoenfeld;A strength and hypertrophy program by Brad Schoenfeld.;4 weeks;Intermediate/Advanced;;;;Basic Training Phase;;2;Week 1;5;Day 1 (Heavy);1;;Dumbbell Single-Arm Row;2;4;;3;3;5;;;;;;2, 2, 1, 0;;;
Strong & Sculpted;Brad Schoenfeld;A strength and hypertrophy program by Brad Schoenfeld.;4 weeks;Intermediate/Advanced;;;;Basic Training Phase;;2;Week 1;5;Day 1 (Heavy);1;;Military Press;3;4;;3;3;5;;;;;;2, 2, 1, 0;;;
Strong & Sculpted;Brad Schoenfeld;A strength and hypertrophy program by Brad Schoenfeld.;4 weeks;Intermediate/Advanced;;;;Basic Training Phase;;2;Week 1;5;Day 1 (Heavy);1;;Barbell Back Squat;4;4;;3;3;5;;;;;;2, 2, 1, 0;;;
Strong & Sculpted;Brad Schoenfeld;A strength and hypertrophy program by Brad Schoenfeld.;4 weeks;Intermediate/Advanced;;;;Basic Training Phase;;2;Week 1;5;Day 1 (Heavy);1;;Barbell Hip Thrust;5;4;;3;3;5;;;;;;2, 2, 1, 0;;;
Strong & Sculpted;Brad Schoenfeld;A strength and hypertrophy program by Brad Schoenfeld.;4 weeks;Intermediate/Advanced;;;;Basic Training Phase;;2;Week 1;5;Day 1 (Heavy);1;;Barbell Stiff-Leg Deadlift;6;4;;3;3;5;;;;;;2, 2, 1, 0;;;
Strong & Sculpted;Brad Schoenfeld;A strength and hypertrophy program by Brad Schoenfeld.;4 weeks;Intermediate/Advanced;;;;Basic Training Phase;;2;Week 1;5;Day 2 (Moderate);2;;Barbell Incline Press;1;3;;8;8;12;;;;;;2, 1, 0;;;
Strong & Sculpted;Brad Schoenfeld;A strength and hypertrophy program by Brad Schoenfeld.;4 weeks;Intermediate/Advanced;;;;Basic Training Phase;;2;Week 1;5;Day 2 (Moderate);2;;Neutral-Grip Lat Pull-Down;2;3;;8;8;12;;;;;;2, 1, 0;;;
Strong & Sculpted;Brad Schoenfeld;A strength and hypertrophy program by Brad Schoenfeld.;4 weeks;Intermediate/Advanced;;;;Basic Training Phase;;2;Week 1;5;Day 2 (Moderate);2;;Cable Upright Row;3;3;;8;8;12;;;;;;2, 1, 0;;;
Strong & Sculpted;Brad Schoenfeld;A strength and hypertrophy program by Brad Schoenfeld.;4 weeks;Intermediate/Advanced;;;;Basic Training Phase;;2;Week 1;5;Day 2 (Moderate);2;;Dumbbell Incline Biceps Curl;4;2;;8;8;12;;;;;;1, 0;;;
Strong & Sculpted;Brad Schoenfeld;A strength and hypertrophy program by Brad Schoenfeld.;4 weeks;Intermediate/Advanced;;;;Basic Training Phase;;2;Week 1;5;Day 2 (Moderate);2;;Cable Rope Overhead Triceps Extension;5;2;;8;8;12;;;;;;1, 0;;;
Strong & Sculpted;Brad Schoenfeld;A strength and hypertrophy program by Brad Schoenfeld.;4 weeks;Intermediate/Advanced;;;;Basic Training Phase;;2;Week 1;5;Day 2 (Moderate);2;;Leg Press;6;3;;8;8;12;;;;;;2, 1, 0;;;
Strong & Sculpted;Brad Schoenfeld;A strength and hypertrophy program by Brad Schoenfeld.;4 weeks;Intermediate/Advanced;;;;Basic Training Phase;;2;Week 1;5;Day 2 (Moderate);2;;Machine Seated Leg Curl;7;3;;8;8;12;;;;;;2, 1, 0;;;
Strong & Sculpted;Brad Schoenfeld;A strength and hypertrophy program by Brad Schoenfeld.;4 weeks;Intermediate/Advanced;;;;Basic Training Phase;;2;Week 1;5;Day 2 (Moderate);2;;Dumbbell Standing Calf Raise;8;2;;8;8;12;;;;;;1, 0;;;
Strong & Sculpted;Brad Schoenfeld;A strength and hypertrophy program by Brad Schoenfeld.;4 weeks;Intermediate/Advanced;;;;Basic Training Phase;;2;Week 1;5;Day 2 (Moderate);2;;Cable Kneeling Rope Crunch;9;2;;8;8;12;;;;;;1, 0;;;
Strong & Sculpted;Brad Schoenfeld;A strength and hypertrophy program by Brad Schoenfeld.;4 weeks;Intermediate/Advanced;;;;Basic Training Phase;;2;Week 1;5;Day 3 (Light);3;;Low Cable Fly;1;2;;15;15;25;;;;;;1, 0;;;
Strong & Sculpted;Brad Schoenfeld;A strength and hypertrophy program by Brad Schoenfeld.;4 weeks;Intermediate/Advanced;;;;Basic Training Phase;;2;Week 1;5;Day 3 (Light);3;;Cable Seated Row;2;2;;15;15;25;;;;;;1, 0;;;
Strong & Sculpted;Brad Schoenfeld;A strength and hypertrophy program by Brad Schoenfeld.;4 weeks;Intermediate/Advanced;;;;Basic Training Phase;;2;Week 1;5;Day 3 (Light);3;;Machine Lateral Raise;3;2;;15;15;25;;;;;;1, 0;;;
Strong & Sculpted;Brad Schoenfeld;A strength and hypertrophy program by Brad Schoenfeld.;4 weeks;Intermediate/Advanced;;;;Basic Training Phase;;2;Week 1;5;Day 3 (Light);3;;Dumbbell Hammer Curl;4;2;;15;15;25;;;;;;1, 0;;;
Strong & Sculpted;Brad Schoenfeld;A strength and hypertrophy program by Brad Schoenfeld.;4 weeks;Intermediate/Advanced;;;;Basic Training Phase;;2;Week 1;5;Day 3 (Light);3;;Cable Triceps Kickback;5;2;;15;15;25;;;;;;1, 0;;;
Strong & Sculpted;Brad Schoenfeld;A strength and hypertrophy program by Brad Schoenfeld.;4 weeks;Intermediate/Advanced;;;;Basic Training Phase;;2;Week 1;5;Day 3 (Light);3;;Leg Extension;6;2;;15;15;25;;;;;;1, 0;;;
Strong & Sculpted;Brad Schoenfeld;A strength and hypertrophy program by Brad Schoenfeld.;4 weeks;Intermediate/Advanced;;;;Basic Training Phase;;2;Week 1;5;Day 3 (Light);3;;Cable Glute Back Kick;7;2;;15;15;25;;;;;;1, 0;;;
Strong & Sculpted;Brad Schoenfeld;A strength and hypertrophy program by Brad Schoenfeld.;4 weeks;Intermediate/Advanced;;;;Basic Training Phase;;2;Week 1;5;Day 3 (Light);3;;Machine Seated Calf Raise;8;2;;15;15;25;;;;;;1, 0;;;
Strong & Sculpted;Brad Schoenfeld;A strength and hypertrophy program by Brad Schoenfeld.;4 weeks;Intermediate/Advanced;;;;Basic Training Phase;;2;Week 1;5;Day 3 (Light);3;;Reverse Crunch;9;2;;15;15;25;;;;;;1, 0;;;
Strong & Sculpted;Brad Schoenfeld;A strength and hypertrophy program by Brad Schoenfeld.;4 weeks;Intermediate/Advanced;;;;Basic Training Phase;;2;Week 2;6;Day 1 (Heavy);1;;Dumbbell Chest Press;1;4;;3;3;5;;;;;;2, 2, 1, 0;;;
Strong & Sculpted;Brad Schoenfeld;A strength and hypertrophy program by Brad Schoenfeld.;4 weeks;Intermediate/Advanced;;;;Basic Training Phase;;2;Week 2;6;Day 1 (Heavy);1;;Dumbbell Single-Arm Row;2;4;;3;3;5;;;;;;2, 2, 1, 0;;;
Strong & Sculpted;Brad Schoenfeld;A strength and hypertrophy program by Brad Schoenfeld.;4 weeks;Intermediate/Advanced;;;;Basic Training Phase;;2;Week 2;6;Day 1 (Heavy);1;;Military Press;3;4;;3;3;5;;;;;;2, 2, 1, 0;;;
Strong & Sculpted;Brad Schoenfeld;A strength and hypertrophy program by Brad Schoenfeld.;4 weeks;Intermediate/Advanced;;;;Basic Training Phase;;2;Week 2;6;Day 1 (Heavy);1;;Barbell Back Squat;4;4;;3;3;5;;;;;;2, 2, 1, 0;;;
Strong & Sculpted;Brad Schoenfeld;A strength and hypertrophy program by Brad Schoenfeld.;4 weeks;Intermediate/Advanced;;;;Basic Training Phase;;2;Week 2;6;Day 1 (Heavy);1;;Barbell Hip Thrust;5;4;;3;3;5;;;;;;2, 2, 1, 0;;;
Strong & Sculpted;Brad Schoenfeld;A strength and hypertrophy program by Brad Schoenfeld.;4 weeks;Intermediate/Advanced;;;;Basic Training Phase;;2;Week 2;6;Day 1 (Heavy);1;;Barbell Stiff-Leg Deadlift;6;4;;3;3;5;;;;;;2, 2, 1, 0;;;
Strong & Sculpted;Brad Schoenfeld;A strength and hypertrophy program by Brad Schoenfeld.;4 weeks;Intermediate/Advanced;;;;Basic Training Phase;;2;Week 2;6;Day 2 (Moderate);2;;Barbell Incline Press;1;3;;8;8;12;;;;;;2, 1, 0;;;
Strong & Sculpted;Brad Schoenfeld;A strength and hypertrophy program by Brad Schoenfeld.;4 weeks;Intermediate/Advanced;;;;Basic Training Phase;;2;Week 2;6;Day 2 (Moderate);2;;Neutral-Grip Lat Pull-Down;2;3;;8;8;12;;;;;;2, 1, 0;;;
Strong & Sculpted;Brad Schoenfeld;A strength and hypertrophy program by Brad Schoenfeld.;4 weeks;Intermediate/Advanced;;;;Basic Training Phase;;2;Week 2;6;Day 2 (Moderate);2;;Cable Upright Row;3;3;;8;8;12;;;;;;2, 1, 0;;;
Strong & Sculpted;Brad Schoenfeld;A strength and hypertrophy program by Brad Schoenfeld.;4 weeks;Intermediate/Advanced;;;;Basic Training Phase;;2;Week 2;6;Day 2 (Moderate);2;;Dumbbell Incline Biceps Curl;4;2;;8;8;12;;;;;;1, 0;;;
Strong & Sculpted;Brad Schoenfeld;A strength and hypertrophy program by Brad Schoenfeld.;4 weeks;Intermediate/Advanced;;;;Basic Training Phase;;2;Week 2;6;Day 2 (Moderate);2;;Cable Rope Overhead Triceps Extension;5;2;;8;8;12;;;;;;1, 0;;;
Strong & Sculpted;Brad Schoenfeld;A strength and hypertrophy program by Brad Schoenfeld.;4 weeks;Intermediate/Advanced;;;;Basic Training Phase;;2;Week 2;6;Day 2 (Moderate);2;;Leg Press;6;3;;8;8;12;;;;;;2, 1, 0;;;
Strong & Sculpted;Brad Schoenfeld;A strength and hypertrophy program by Brad Schoenfeld.;4 weeks;Intermediate/Advanced;;;;Basic Training Phase;;2;Week 2;6;Day 2 (Moderate);2;;Machine Seated Leg Curl;7;3;;8;8;12;;;;;;2, 1, 0;;;
Strong & Sculpted;Brad Schoenfeld;A strength and hypertrophy program by Brad Schoenfeld.;4 weeks;Intermediate/Advanced;;;;Basic Training Phase;;2;Week 2;6;Day 2 (Moderate);2;;Dumbbell Standing Calf Raise;8;2;;8;8;12;;;;;;1, 0;;;
Strong & Sculpted;Brad Schoenfeld;A strength and hypertrophy program by Brad Schoenfeld.;4 weeks;Intermediate/Advanced;;;;Basic Training Phase;;2;Week 2;6;Day 2 (Moderate);2;;Cable Kneeling Rope Crunch;9;2;;8;8;12;;;;;;1, 0;;;
Strong & Sculpted;Brad Schoenfeld;A strength and hypertrophy program by Brad Schoenfeld.;4 weeks;Intermediate/Advanced;;;;Basic Training Phase;;2;Week 2;6;Day 3 (Light);3;;Low Cable Fly;1;2;;15;15;25;;;;;;1, 0;;;
Strong & Sculpted;Brad Schoenfeld;A strength and hypertrophy program by Brad Schoenfeld.;4 weeks;Intermediate/Advanced;;;;Basic Training Phase;;2;Week 2;6;Day 3 (Light);3;;Cable Seated Row;2;2;;15;15;25;;;;;;1, 0;;;
Strong & Sculpted;Brad Schoenfeld;A strength and hypertrophy program by Brad Schoenfeld.;4 weeks;Intermediate/Advanced;;;;Basic Training Phase;;2;Week 2;6;Day 3 (Light);3;;Machine Lateral Raise;3;2;;15;15;25;;;;;;1, 0;;;
Strong & Sculpted;Brad Schoenfeld;A strength and hypertrophy program by Brad Schoenfeld.;4 weeks;Intermediate/Advanced;;;;Basic Training Phase;;2;Week 2;6;Day 3 (Light);3;;Dumbbell Hammer Curl;4;2;;15;15;25;;;;;;1, 0;;;
Strong & Sculpted;Brad Schoenfeld;A strength and hypertrophy program by Brad Schoenfeld.;4 weeks;Intermediate/Advanced;;;;Basic Training Phase;;2;Week 2;6;Day 3 (Light);3;;Cable Triceps Kickback;5;2;;15;15;25;;;;;;1, 0;;;
Strong & Sculpted;Brad Schoenfeld;A strength and hypertrophy program by Brad Schoenfeld.;4 weeks;Intermediate/Advanced;;;;Basic Training Phase;;2;Week 2;6;Day 3 (Light);3;;Leg Extension;6;2;;15;15;25;;;;;;1, 0;;;
Strong & Sculpted;Brad Schoenfeld;A strength and hypertrophy program by Brad Schoenfeld.;4 weeks;Intermediate/Advanced;;;;Basic Training Phase;;2;Week 2;6;Day 3 (Light);3;;Cable Glute Back Kick;7;2;;15;15;25;;;;;;1, 0;;;
Strong & Sculpted;Brad Schoenfeld;A strength and hypertrophy program by Brad Schoenfeld.;4 weeks;Intermediate/Advanced;;;;Basic Training Phase;;2;Week 2;6;Day 3 (Light);3;;Machine Seated Calf Raise;8;2;;15;15;25;;;;;;1, 0;;;
Strong & Sculpted;Brad Schoenfeld;A strength and hypertrophy program by Brad Schoenfeld.;4 weeks;Intermediate/Advanced;;;;Basic Training Phase;;2;Week 2;6;Day 3 (Light);3;;Reverse Crunch;9;2;;15;15;25;;;;;;1, 0;;;
Strong & Sculpted;Brad Schoenfeld;A strength and hypertrophy program by Brad Schoenfeld.;4 weeks;Intermediate/Advanced;;;;Basic Training Phase;;2;Week 3;7;Day 1 (Heavy);1;;Dumbbell Chest Press;1;4;;3;3;5;;;;;;2, 2, 1, 0;;;
Strong & Sculpted;Brad Schoenfeld;A strength and hypertrophy program by Brad Schoenfeld.;4 weeks;Intermediate/Advanced;;;;Basic Training Phase;;2;Week 3;7;Day 1 (Heavy);1;;Dumbbell Single-Arm Row;2;4;;3;3;5;;;;;;2, 2, 1, 0;;;
Strong & Sculpted;Brad Schoenfeld;A strength and hypertrophy program by Brad Schoenfeld.;4 weeks;Intermediate/Advanced;;;;Basic Training Phase;;2;Week 3;7;Day 1 (Heavy);1;;Military Press;3;4;;3;3;5;;;;;;2, 2, 1, 0;;;
Strong & Sculpted;Brad Schoenfeld;A strength and hypertrophy program by Brad Schoenfeld.;4 weeks;Intermediate/Advanced;;;;Basic Training Phase;;2;Week 3;7;Day 1 (Heavy);1;;Barbell Back Squat;4;4;;3;3;5;;;;;;2, 2, 1, 0;;;
Strong & Sculpted;Brad Schoenfeld;A strength and hypertrophy program by Brad Schoenfeld.;4 weeks;Intermediate/Advanced;;;;Basic Training Phase;;2;Week 3;7;Day 1 (Heavy);1;;Barbell Hip Thrust;5;4;;3;3;5;;;;;;2, 2, 1, 0;;;
Strong & Sculpted;Brad Schoenfeld;A strength and hypertrophy program by Brad Schoenfeld.;4 weeks;Intermediate/Advanced;;;;Basic Training Phase;;2;Week 3;7;Day 1 (Heavy);1;;Barbell Stiff-Leg Deadlift;6;4;;3;3;5;;;;;;2, 2, 1, 0;;;
Strong & Sculpted;Brad Schoenfeld;A strength and hypertrophy program by Brad Schoenfeld.;4 weeks;Intermediate/Advanced;;;;Basic Training Phase;;2;Week 3;7;Day 2 (Moderate);2;;Barbell Incline Press;1;3;;8;8;12;;;;;;2, 1, 0;;;
Strong & Sculpted;Brad Schoenfeld;A strength and hypertrophy program by Brad Schoenfeld.;4 weeks;Intermediate/Advanced;;;;Basic Training Phase;;2;Week 3;7;Day 2 (Moderate);2;;Neutral-Grip Lat Pull-Down;2;3;;8;8;12;;;;;;2, 1, 0;;;
Strong & Sculpted;Brad Schoenfeld;A strength and hypertrophy program by Brad Schoenfeld.;4 weeks;Intermediate/Advanced;;;;Basic Training Phase;;2;Week 3;7;Day 2 (Moderate);2;;Cable Upright Row;3;3;;8;8;12;;;;;;2, 1, 0;;;
Strong & Sculpted;Brad Schoenfeld;A strength and hypertrophy program by Brad Schoenfeld.;4 weeks;Intermediate/Advanced;;;;Basic Training Phase;;2;Week 3;7;Day 2 (Moderate);2;;Dumbbell Incline Biceps Curl;4;2;;8;8;12;;;;;;1, 0;;;
Strong & Sculpted;Brad Schoenfeld;A strength and hypertrophy program by Brad Schoenfeld.;4 weeks;Intermediate/Advanced;;;;Basic Training Phase;;2;Week 3;7;Day 2 (Moderate);2;;Cable Rope Overhead Triceps Extension;5;2;;8;8;12;;;;;;1, 0;;;
Strong & Sculpted;Brad Schoenfeld;A strength and hypertrophy program by Brad Schoenfeld.;4 weeks;Intermediate/Advanced;;;;Basic Training Phase;;2;Week 3;7;Day 2 (Moderate);2;;Leg Press;6;3;;8;8;12;;;;;;2, 1, 0;;;
Strong & Sculpted;Brad Schoenfeld;A strength and hypertrophy program by Brad Schoenfeld.;4 weeks;Intermediate/Advanced;;;;Basic Training Phase;;2;Week 3;7;Day 2 (Moderate);2;;Machine Seated Leg Curl;7;3;;8;8;12;;;;;;2, 1, 0;;;
Strong & Sculpted;Brad Schoenfeld;A strength and hypertrophy program by Brad Schoenfeld.;4 weeks;Intermediate/Advanced;;;;Basic Training Phase;;2;Week 3;7;Day 2 (Moderate);2;;Dumbbell Standing Calf Raise;8;2;;8;8;12;;;;;;1, 0;;;
Strong & Sculpted;Brad Schoenfeld;A strength and hypertrophy program by Brad Schoenfeld.;4 weeks;Intermediate/Advanced;;;;Basic Training Phase;;2;Week 3;7;Day 2 (Moderate);2;;Cable Kneeling Rope Crunch;9;2;;8;8;12;;;;;;1, 0;;;
Strong & Sculpted;Brad Schoenfeld;A strength and hypertrophy program by Brad Schoenfeld.;4 weeks;Intermediate/Advanced;;;;Basic Training Phase;;2;Week 3;7;Day 3 (Light);3;;Low Cable Fly;1;2;;15;15;25;;;;;;1, 0;;;
Strong & Sculpted;Brad Schoenfeld;A strength and hypertrophy program by Brad Schoenfeld.;4 weeks;Intermediate/Advanced;;;;Basic Training Phase;;2;Week 3;7;Day 3 (Light);3;;Cable Seated Row;2;2;;15;15;25;;;;;;1, 0;;;
Strong & Sculpted;Brad Schoenfeld;A strength and hypertrophy program by Brad Schoenfeld.;4 weeks;Intermediate/Advanced;;;;Basic Training Phase;;2;Week 3;7;Day 3 (Light);3;;Machine Lateral Raise;3;2;;15;15;25;;;;;;1, 0;;;
Strong & Sculpted;Brad Schoenfeld;A strength and hypertrophy program by Brad Schoenfeld.;4 weeks;Intermediate/Advanced;;;;Basic Training Phase;;2;Week 3;7;Day 3 (Light);3;;Dumbbell Hammer Curl;4;2;;15;15;25;;;;;;1, 0;;;
Strong & Sculpted;Brad Schoenfeld;A strength and hypertrophy program by Brad Schoenfeld.;4 weeks;Intermediate/Advanced;;;;Basic Training Phase;;2;Week 3;7;Day 3 (Light);3;;Cable Triceps Kickback;5;2;;15;15;25;;;;;;1, 0;;;
Strong & Sculpted;Brad Schoenfeld;A strength and hypertrophy program by Brad Schoenfeld.;4 weeks;Intermediate/Advanced;;;;Basic Training Phase;;2;Week 3;7;Day 3 (Light);3;;Leg Extension;6;2;;15;15;25;;;;;;1, 0;;;
Strong & Sculpted;Brad Schoenfeld;A strength and hypertrophy program by Brad Schoenfeld.;4 weeks;Intermediate/Advanced;;;;Basic Training Phase;;2;Week 3;7;Day 3 (Light);3;;Cable Glute Back Kick;7;2;;15;15;25;;;;;;1, 0;;;
Strong & Sculpted;Brad Schoenfeld;A strength and hypertrophy program by Brad Schoenfeld.;4 weeks;Intermediate/Advanced;;;;Basic Training Phase;;2;Week 3;7;Day 3 (Light);3;;Machine Seated Calf Raise;8;2;;15;15;25;;;;;;1, 0;;;
Strong & Sculpted;Brad Schoenfeld;A strength and hypertrophy program by Brad Schoenfeld.;4 weeks;Intermediate/Advanced;;;;Basic Training Phase;;2;Week 3;7;Day 3 (Light);3;;Reverse Crunch;9;2;;15;15;25;;;;;;1, 0;;;
Strong & Sculpted;Brad Schoenfeld;A strength and hypertrophy program by Brad Schoenfeld.;4 weeks;Intermediate/Advanced;;;;Basic Training Phase;;2;Week 4;8;Deload (Day 1);1;;Dumbbell Chest Press;1;2;;15;15;20;;;;;;4;;;
Strong & Sculpted;Brad Schoenfeld;A strength and hypertrophy program by Brad Schoenfeld.;4 weeks;Intermediate/Advanced;;;;Basic Training Phase;;2;Week 4;8;Deload (Day 1);1;;Dumbbell Single-Arm Row;2;2;;15;15;20;;;;;;4;;;
Strong & Sculpted;Brad Schoenfeld;A strength and hypertrophy program by Brad Schoenfeld.;4 weeks;Intermediate/Advanced;;;;Basic Training Phase;;2;Week 4;8;Deload (Day 1);1;;Military Press;3;2;;15;15;20;;;;;;4;;;
Strong & Sculpted;Brad Schoenfeld;A strength and hypertrophy program by Brad Schoenfeld.;4 weeks;Intermediate/Advanced;;;;Basic Training Phase;;2;Week 4;8;Deload (Day 1);1;;Barbell Back Squat;4;2;;15;15;20;;;;;;4;;;
Strong & Sculpted;Brad Schoenfeld;A strength and hypertrophy program by Brad Schoenfeld.;4 weeks;Intermediate/Advanced;;;;Basic Training Phase;;2;Week 4;8;Deload (Day 1);1;;Dumbbell Lunge;5;2;;15;15;20;;;;;;4;;;
Strong & Sculpted;Brad Schoenfeld;A strength and hypertrophy program by Brad Schoenfeld.;4 weeks;Intermediate/Advanced;;;;Basic Training Phase;;2;Week 4;8;Deload (Day 1);1;;Dumbbell Stiff-Leg Deadlift;6;2;;15;15;20;;;;;;4;;;
Strong & Sculpted;Brad Schoenfeld;A strength and hypertrophy program by Brad Schoenfeld.;4 weeks;Intermediate/Advanced;;;;Basic Training Phase;;2;Week 4;8;Deload (Day 2);2;;Dumbbell Chest Press;1;2;;15;15;20;;;;;;4;;;
Strong & Sculpted;Brad Schoenfeld;A strength and hypertrophy program by Brad Schoenfeld.;4 weeks;Intermediate/Advanced;;;;Basic Training Phase;;2;Week 4;8;Deload (Day 2);2;;Dumbbell Single-Arm Row;2;2;;15;15;20;;;;;;4;;;
Strong & Sculpted;Brad Schoenfeld;A strength and hypertrophy program by Brad Schoenfeld.;4 weeks;Intermediate/Advanced;;;;Basic Training Phase;;2;Week 4;8;Deload (Day 2);2;;Military Press;3;2;;15;15;20;;;;;;4;;;
Strong & Sculpted;Brad Schoenfeld;A strength and hypertrophy program by Brad Schoenfeld.;4 weeks;Intermediate/Advanced;;;;Basic Training Phase;;2;Week 4;8;Deload (Day 2);2;;Barbell Back Squat;4;2;;15;15;20;;;;;;4;;;
Strong & Sculpted;Brad Schoenfeld;A strength and hypertrophy program by Brad Schoenfeld.;4 weeks;Intermediate/Advanced;;;;Basic Training Phase;;2;Week 4;8;Deload (Day 2);2;;Dumbbell Lunge;5;2;;15;15;20;;;;;;4;;;
Strong & Sculpted;Brad Schoenfeld;A strength and hypertrophy program by Brad Schoenfeld.;4 weeks;Intermediate/Advanced;;;;Basic Training Phase;;2;Week 4;8;Deload (Day 2);2;;Dumbbell Stiff-Leg Deadlift;6;2;;15;15;20;;;;;;4;;;
Strong & Sculpted;Brad Schoenfeld;A strength and hypertrophy program by Brad Schoenfeld.;4 weeks;Intermediate/Advanced;;;;Advanced Body-Sculpting Phase;;3;Week 1;1;Day 1 (Heavy Lower);1;;Goblet squat;1;5;;3;3;5;;;;;;1, 1, 1, 1, 0;;;
Strong & Sculpted;Brad Schoenfeld;A strength and hypertrophy program by Brad Schoenfeld.;4 weeks;Intermediate/Advanced;;;;Advanced Body-Sculpting Phase;;3;Week 1;1;Day 1 (Heavy Lower);1;;Deadlift;2;5;;3;3;5;;;;;;1, 1, 1, 1, 0;;;
Strong & Sculpted;Brad Schoenfeld;A strength and hypertrophy program by Brad Schoenfeld.;4 weeks;Intermediate/Advanced;;;;Advanced Body-Sculpting Phase;;3;Week 1;1;Day 1 (Heavy Lower);1;;Leg press;3;5;;3;3;5;;;;;;1, 1, 1, 1, 0;;;
Strong & Sculpted;Brad Schoenfeld;A strength and hypertrophy program by Brad Schoenfeld.;4 weeks;Intermediate/Advanced;;;;Advanced Body-Sculpting Phase;;3;Week 1;1;Day 1 (Heavy Lower);1;;Barbell glute bridge;4;4;;3;3;5;;;;;;1, 1, 1, 0;;;
Strong & Sculpted;Brad Schoenfeld;A strength and hypertrophy program by Brad Schoenfeld.;4 weeks;Intermediate/Advanced;;;;Advanced Body-Sculpting Phase;;3;Week 1;1;Day 1 (Heavy Lower);1;;Dumbbell stiff-leg deadlift;5;4;;3;3;5;;;;;;1, 1, 1, 0;;;
Strong & Sculpted;Brad Schoenfeld;A strength and hypertrophy program by Brad Schoenfeld.;4 weeks;Intermediate/Advanced;;;;Advanced Body-Sculpting Phase;;3;Week 1;1;Day 2 (Heavy Upper);2;;Barbell chest press;1;5;;3;3;5;;;;;;1, 1, 1, 1, 0;;;
Strong & Sculpted;Brad Schoenfeld;A strength and hypertrophy program by Brad Schoenfeld.;4 weeks;Intermediate/Advanced;;;;Advanced Body-Sculpting Phase;;3;Week 1;1;Day 2 (Heavy Upper);2;;Pull-up;2;5;;3;3;5;;;;;;1, 1, 1, 1, 0;;;
Strong & Sculpted;Brad Schoenfeld;A strength and hypertrophy program by Brad Schoenfeld.;4 weeks;Intermediate/Advanced;;;;Advanced Body-Sculpting Phase;;3;Week 1;1;Day 2 (Heavy Upper);2;;Machine shoulder press;3;5;;3;3;5;;;;;;1, 1, 1, 1, 0;;;
Strong & Sculpted;Brad Schoenfeld;A strength and hypertrophy program by Brad Schoenfeld.;4 weeks;Intermediate/Advanced;;;;Advanced Body-Sculpting Phase;;3;Week 1;1;Day 2 (Heavy Upper);2;;Barbell reverse bent row;4;5;;3;3;5;;;;;;1, 1, 1, 1, 0;;;
Strong & Sculpted;Brad Schoenfeld;A strength and hypertrophy program by Brad Schoenfeld.;4 weeks;Intermediate/Advanced;;;;Advanced Body-Sculpting Phase;;3;Week 1;1;Day 3 (Moderate Lower And Abs);3;;Barbell front squat;1;3;;8;8;12;;;;;;1, 1, 0;;;
Strong & Sculpted;Brad Schoenfeld;A strength and hypertrophy program by Brad Schoenfeld.;4 weeks;Intermediate/Advanced;;;;Advanced Body-Sculpting Phase;;3;Week 1;1;Day 3 (Moderate Lower And Abs);3;;Bulgarian split squat;2;3;;8;8;12;;;;;;1, 1, 0;;;
Strong & Sculpted;Brad Schoenfeld;A strength and hypertrophy program by Brad Schoenfeld.;4 weeks;Intermediate/Advanced;;;;Advanced Body-Sculpting Phase;;3;Week 1;1;Day 3 (Moderate Lower And Abs);3;;Barbell hip thrust;3;3;;8;8;12;;;;;;1, 1, 0;;;
Strong & Sculpted;Brad Schoenfeld;A strength and hypertrophy program by Brad Schoenfeld.;4 weeks;Intermediate/Advanced;;;;Advanced Body-Sculpting Phase;;3;Week 1;1;Day 3 (Moderate Lower And Abs);3;;Hyperextension;4;3;;8;8;12;;;;;;1, 1, 0;;;
Strong & Sculpted;Brad Schoenfeld;A strength and hypertrophy program by Brad Schoenfeld.;4 weeks;Intermediate/Advanced;;;;Advanced Body-Sculpting Phase;;3;Week 1;1;Day 3 (Moderate Lower And Abs);3;;Lying leg curl;5;2;;8;8;12;;;;;;1, 0;;;
Strong & Sculpted;Brad Schoenfeld;A strength and hypertrophy program by Brad Schoenfeld.;4 weeks;Intermediate/Advanced;;;;Advanced Body-Sculpting Phase;;3;Week 1;1;Day 3 (Moderate Lower And Abs);3;;Machine standing calf raise;6;2;;8;8;12;;;;;;1, 0;;;
Strong & Sculpted;Brad Schoenfeld;A strength and hypertrophy program by Brad Schoenfeld.;4 weeks;Intermediate/Advanced;;;;Advanced Body-Sculpting Phase;;3;Week 1;1;Day 3 (Moderate Lower And Abs);3;;Barbell kneeling rollout;7;2;;8;8;12;;;;;;1, 0;;;
Strong & Sculpted;Brad Schoenfeld;A strength and hypertrophy program by Brad Schoenfeld.;4 weeks;Intermediate/Advanced;;;;Advanced Body-Sculpting Phase;;3;Week 1;1;Day 3 (Moderate Lower And Abs);3;;Cable side bend;8;2;;8;8;12;;;;;;1, 0;;;
Strong & Sculpted;Brad Schoenfeld;A strength and hypertrophy program by Brad Schoenfeld.;4 weeks;Intermediate/Advanced;;;;Advanced Body-Sculpting Phase;;3;Week 1;1;Day 4 (Moderate Upper);4;;Machine incline press;1;3;;8;8;12;;;;;;1, 1, 0;;;
Strong & Sculpted;Brad Schoenfeld;A strength and hypertrophy program by Brad Schoenfeld.;4 weeks;Intermediate/Advanced;;;;Advanced Body-Sculpting Phase;;3;Week 1;1;Day 4 (Moderate Upper);4;;Flat dumbbell fly;2;3;;8;8;12;;;;;;1, 1, 0;;;
Strong & Sculpted;Brad Schoenfeld;A strength and hypertrophy program by Brad Schoenfeld.;4 weeks;Intermediate/Advanced;;;;Advanced Body-Sculpting Phase;;3;Week 1;1;Day 4 (Moderate Upper);4;;Lat pull-down;3;3;;8;8;12;;;;;;1, 1, 0;;;
Strong & Sculpted;Brad Schoenfeld;A strength and hypertrophy program by Brad Schoenfeld.;4 weeks;Intermediate/Advanced;;;;Advanced Body-Sculpting Phase;;3;Week 1;1;Day 4 (Moderate Upper);4;;Cable wide-grip seated row;4;3;;8;8;12;;;;;;1, 1, 0;;;
Strong & Sculpted;Brad Schoenfeld;A strength and hypertrophy program by Brad Schoenfeld.;4 weeks;Intermediate/Advanced;;;;Advanced Body-Sculpting Phase;;3;Week 1;1;Day 4 (Moderate Upper);4;;Dumbbell shoulder press;5;3;;8;8;12;;;;;;1, 1, 0;;;
Strong & Sculpted;Brad Schoenfeld;A strength and hypertrophy program by Brad Schoenfeld.;4 weeks;Intermediate/Advanced;;;;Advanced Body-Sculpting Phase;;3;Week 1;1;Day 4 (Moderate Upper);4;;Cable lateral raise;6;3;;8;8;12;;;;;;1, 1, 0;;;
Strong & Sculpted;Brad Schoenfeld;A strength and hypertrophy program by Brad Schoenfeld.;4 weeks;Intermediate/Advanced;;;;Advanced Body-Sculpting Phase;;3;Week 1;1;Day 4 (Moderate Upper);4;;Barbell drag curl;7;2;;8;8;12;;;;;;1, 0;;;
Strong & Sculpted;Brad Schoenfeld;A strength and hypertrophy program by Brad Schoenfeld.;4 weeks;Intermediate/Advanced;;;;Advanced Body-Sculpting Phase;;3;Week 1;1;Day 4 (Moderate Upper);4;;Dumbbell prone incline curl;8;2;;8;8;12;;;;;;1, 0;;;
Strong & Sculpted;Brad Schoenfeld;A strength and hypertrophy program by Brad Schoenfeld.;4 weeks;Intermediate/Advanced;;;;Advanced Body-Sculpting Phase;;3;Week 1;1;Day 4 (Moderate Upper);4;;Machine overhead triceps extension;9;2;;8;8;12;;;;;;1, 0;;;
Strong & Sculpted;Brad Schoenfeld;A strength and hypertrophy program by Brad Schoenfeld.;4 weeks;Intermediate/Advanced;;;;Advanced Body-Sculpting Phase;;3;Week 1;1;Day 4 (Moderate Upper);4;;Triceps dip;10;2;;8;8;12;;;;;;1, 0;;;
Strong & Sculpted;Brad Schoenfeld;A strength and hypertrophy program by Brad Schoenfeld.;4 weeks;Intermediate/Advanced;;;;Advanced Body-Sculpting Phase;;3;Week 1;1;Day 5 (Light Lower And Abs);5;;Dumbbell reverse lunge;1;2;;15;15;25;;;;;;1, 0;;;
Strong & Sculpted;Brad Schoenfeld;A strength and hypertrophy program by Brad Schoenfeld.;4 weeks;Intermediate/Advanced;;;;Advanced Body-Sculpting Phase;;3;Week 1;1;Day 5 (Light Lower And Abs);5;;Single-leg extension;2;2;;15;15;25;;;;;;1, 0;;;
Strong & Sculpted;Brad Schoenfeld;A strength and hypertrophy program by Brad Schoenfeld.;4 weeks;Intermediate/Advanced;;;;Advanced Body-Sculpting Phase;;3;Week 1;1;Day 5 (Light Lower And Abs);5;;Cable standing abduction;3;2;;15;15;25;;;;;;1, 0;;;
Strong & Sculpted;Brad Schoenfeld;A strength and hypertrophy program by Brad Schoenfeld.;4 weeks;Intermediate/Advanced;;;;Advanced Body-Sculpting Phase;;3;Week 1;1;Day 5 (Light Lower And Abs);5;;Machine seated leg curl;4;2;;15;15;25;;;;;;1, 0;;;
Strong & Sculpted;Brad Schoenfeld;A strength and hypertrophy program by Brad Schoenfeld.;4 weeks;Intermediate/Advanced;;;;Advanced Body-Sculpting Phase;;3;Week 1;1;Day 5 (Light Lower And Abs);5;;Reverse hyperextension;5;2;;15;15;25;;;;;;1, 0;;;
Strong & Sculpted;Brad Schoenfeld;A strength and hypertrophy program by Brad Schoenfeld.;4 weeks;Intermediate/Advanced;;;;Advanced Body-Sculpting Phase;;3;Week 1;1;Day 5 (Light Lower And Abs);5;;Machine seated calf raise;6;2;;15;15;25;;;;;;1, 0;;;
Strong & Sculpted;Brad Schoenfeld;A strength and hypertrophy program by Brad Schoenfeld.;4 weeks;Intermediate/Advanced;;;;Advanced Body-Sculpting Phase;;3;Week 1;1;Day 5 (Light Lower And Abs);5;;Toe press;7;2;;15;15;25;;;;;;1, 0;;;
Strong & Sculpted;Brad Schoenfeld;A strength and hypertrophy program by Brad Schoenfeld.;4 weeks;Intermediate/Advanced;;;;Advanced Body-Sculpting Phase;;3;Week 1;1;Day 5 (Light Lower And Abs);5;;Reverse crunch;8;2;;15;15;25;;;;;;1, 0;;;
Strong & Sculpted;Brad Schoenfeld;A strength and hypertrophy program by Brad Schoenfeld.;4 weeks;Intermediate/Advanced;;;;Advanced Body-Sculpting Phase;;3;Week 1;1;Day 5 (Light Lower And Abs);5;;Side bridge;9;2;;15;15;25;;;;;;1, 0;;;
Strong & Sculpted;Brad Schoenfeld;A strength and hypertrophy program by Brad Schoenfeld.;4 weeks;Intermediate/Advanced;;;;Advanced Body-Sculpting Phase;;3;Week 1;1;Day 6 (Light Upper);6;;Dumbbell decline press;1;2;;15;15;25;;;;;;1, 0;;;
Strong & Sculpted;Brad Schoenfeld;A strength and hypertrophy program by Brad Schoenfeld.;4 weeks;Intermediate/Advanced;;;;Advanced Body-Sculpting Phase;;3;Week 1;1;Day 6 (Light Upper);6;;Pec deck fly;2;2;;15;15;25;;;;;;1, 0;;;
Strong & Sculpted;Brad Schoenfeld;A strength and hypertrophy program by Brad Schoenfeld.;4 weeks;Intermediate/Advanced;;;;Advanced Body-Sculpting Phase;;3;Week 1;1;Day 6 (Light Upper);6;;Cross cable pull-down;3;2;;15;15;25;;;;;;1, 0;;;
Strong & Sculpted;Brad Schoenfeld;A strength and hypertrophy program by Brad Schoenfeld.;4 weeks;Intermediate/Advanced;;;;Advanced Body-Sculpting Phase;;3;Week 1;1;Day 6 (Light Upper);6;;Cable single-arm standing low row;4;2;;15;15;25;;;;;;1, 0;;;
Strong & Sculpted;Brad Schoenfeld;A strength and hypertrophy program by Brad Schoenfeld.;4 weeks;Intermediate/Advanced;;;;Advanced Body-Sculpting Phase;;3;Week 1;1;Day 6 (Light Upper);6;;Dumbbell upright row;5;2;;15;15;25;;;;;;1, 0;;;
Strong & Sculpted;Brad Schoenfeld;A strength and hypertrophy program by Brad Schoenfeld.;4 weeks;Intermediate/Advanced;;;;Advanced Body-Sculpting Phase;;3;Week 1;1;Day 6 (Light Upper);6;;Cable reverse fly;6;2;;15;15;25;;;;;;1, 0;;;
Strong & Sculpted;Brad Schoenfeld;A strength and hypertrophy program by Brad Schoenfeld.;4 weeks;Intermediate/Advanced;;;;Advanced Body-Sculpting Phase;;3;Week 1;1;Day 6 (Light Upper);6;;Cable curl;7;2;;15;15;25;;;;;;1, 0;;;
Strong & Sculpted;Brad Schoenfeld;A strength and hypertrophy program by Brad Schoenfeld.;4 weeks;Intermediate/Advanced;;;;Advanced Body-Sculpting Phase;;3;Week 1;1;Day 6 (Light Upper);6;;Barbell reverse curl;8;2;;15;15;25;;;;;;1, 0;;;
Strong & Sculpted;Brad Schoenfeld;A strength and hypertrophy program by Brad Schoenfeld.;4 weeks;Intermediate/Advanced;;;;Advanced Body-Sculpting Phase;;3;Week 1;1;Day 6 (Light Upper);6;;Dumbbell overhead triceps extension;9;2;;15;15;25;;;;;;1, 0;;;
Strong & Sculpted;Brad Schoenfeld;A strength and hypertrophy program by Brad Schoenfeld.;4 weeks;Intermediate/Advanced;;;;Advanced Body-Sculpting Phase;;3;Week 1;1;Day 6 (Light Upper);6;;Skull crusher;10;2;;15;12;15;;;;;;1, 0;;;
Strong & Sculpted;Brad Schoenfeld;A strength and hypertrophy program by Brad Schoenfeld.;4 weeks;Intermediate/Advanced;;;;Advanced Body-Sculpting Phase;;3;Week 2;2;Day 1 (Heavy Lower);1;;Goblet squat;1;5;;3;3;5;;;;;;1, 1, 1, 1, 0;;;
Strong & Sculpted;Brad Schoenfeld;A strength and hypertrophy program by Brad Schoenfeld.;4 weeks;Intermediate/Advanced;;;;Advanced Body-Sculpting Phase;;3;Week 2;2;Day 1 (Heavy Lower);1;;Deadlift;2;5;;3;3;5;;;;;;1, 1, 1, 1, 0;;;
Strong & Sculpted;Brad Schoenfeld;A strength and hypertrophy program by Brad Schoenfeld.;4 weeks;Intermediate/Advanced;;;;Advanced Body-Sculpting Phase;;3;Week 2;2;Day 1 (Heavy Lower);1;;Leg press;3;5;;3;3;5;;;;;;1, 1, 1, 1, 0;;;
Strong & Sculpted;Brad Schoenfeld;A strength and hypertrophy program by Brad Schoenfeld.;4 weeks;Intermediate/Advanced;;;;Advanced Body-Sculpting Phase;;3;Week 2;2;Day 1 (Heavy Lower);1;;Barbell glute bridge;4;4;;3;3;5;;;;;;1, 1, 1, 0;;;
Strong & Sculpted;Brad Schoenfeld;A strength and hypertrophy program by Brad Schoenfeld.;4 weeks;Intermediate/Advanced;;;;Advanced Body-Sculpting Phase;;3;Week 2;2;Day 1 (Heavy Lower);1;;Dumbbell stiff-leg deadlift;5;4;;3;3;5;;;;;;1, 1, 1, 0;;;
Strong & Sculpted;Brad Schoenfeld;A strength and hypertrophy program by Brad Schoenfeld.;4 weeks;Intermediate/Advanced;;;;Advanced Body-Sculpting Phase;;3;Week 2;2;Day 2 (Heavy Upper);2;;Barbell chest press;1;5;;3;3;5;;;;;;1, 1, 1, 1, 0;;;
Strong & Sculpted;Brad Schoenfeld;A strength and hypertrophy program by Brad Schoenfeld.;4 weeks;Intermediate/Advanced;;;;Advanced Body-Sculpting Phase;;3;Week 2;2;Day 2 (Heavy Upper);2;;Pull-up;2;5;;3;3;5;;;;;;1, 1, 1, 1, 0;;;
Strong & Sculpted;Brad Schoenfeld;A strength and hypertrophy program by Brad Schoenfeld.;4 weeks;Intermediate/Advanced;;;;Advanced Body-Sculpting Phase;;3;Week 2;2;Day 2 (Heavy Upper);2;;Machine shoulder press;3;5;;3;3;5;;;;;;1, 1, 1, 1, 0;;;
Strong & Sculpted;Brad Schoenfeld;A strength and hypertrophy program by Brad Schoenfeld.;4 weeks;Intermediate/Advanced;;;;Advanced Body-Sculpting Phase;;3;Week 2;2;Day 2 (Heavy Upper);2;;Barbell reverse bent row;4;5;;3;3;5;;;;;;1, 1, 1, 1, 0;;;
Strong & Sculpted;Brad Schoenfeld;A strength and hypertrophy program by Brad Schoenfeld.;4 weeks;Intermediate/Advanced;;;;Advanced Body-Sculpting Phase;;3;Week 2;2;Day 3 (Moderate Lower And Abs);3;;Barbell front squat;1;3;;8;8;12;;;;;;1, 1, 0;;;
Strong & Sculpted;Brad Schoenfeld;A strength and hypertrophy program by Brad Schoenfeld.;4 weeks;Intermediate/Advanced;;;;Advanced Body-Sculpting Phase;;3;Week 2;2;Day 3 (Moderate Lower And Abs);3;;Bulgarian split squat;2;3;;8;8;12;;;;;;1, 1, 0;;;
Strong & Sculpted;Brad Schoenfeld;A strength and hypertrophy program by Brad Schoenfeld.;4 weeks;Intermediate/Advanced;;;;Advanced Body-Sculpting Phase;;3;Week 2;2;Day 3 (Moderate Lower And Abs);3;;Barbell hip thrust;3;3;;8;8;12;;;;;;1, 1, 0;;;
Strong & Sculpted;Brad Schoenfeld;A strength and hypertrophy program by Brad Schoenfeld.;4 weeks;Intermediate/Advanced;;;;Advanced Body-Sculpting Phase;;3;Week 2;2;Day 3 (Moderate Lower And Abs);3;;Hyperextension;4;3;;8;8;12;;;;;;1, 1, 0;;;
Strong & Sculpted;Brad Schoenfeld;A strength and hypertrophy program by Brad Schoenfeld.;4 weeks;Intermediate/Advanced;;;;Advanced Body-Sculpting Phase;;3;Week 2;2;Day 3 (Moderate Lower And Abs);3;;Lying leg curl;5;2;;8;8;12;;;;;;1, 0;;;
Strong & Sculpted;Brad Schoenfeld;A strength and hypertrophy program by Brad Schoenfeld.;4 weeks;Intermediate/Advanced;;;;Advanced Body-Sculpting Phase;;3;Week 2;2;Day 3 (Moderate Lower And Abs);3;;Machine standing calf raise;6;2;;8;8;12;;;;;;1, 0;;;
Strong & Sculpted;Brad Schoenfeld;A strength and hypertrophy program by Brad Schoenfeld.;4 weeks;Intermediate/Advanced;;;;Advanced Body-Sculpting Phase;;3;Week 2;2;Day 3 (Moderate Lower And Abs);3;;Barbell kneeling rollout;7;2;;8;8;12;;;;;;1, 0;;;
Strong & Sculpted;Brad Schoenfeld;A strength and hypertrophy program by Brad Schoenfeld.;4 weeks;Intermediate/Advanced;;;;Advanced Body-Sculpting Phase;;3;Week 2;2;Day 3 (Moderate Lower And Abs);3;;Cable side bend;8;2;;8;8;12;;;;;;1, 0;;;
Strong & Sculpted;Brad Schoenfeld;A strength and hypertrophy program by Brad Schoenfeld.;4 weeks;Intermediate/Advanced;;;;Advanced Body-Sculpting Phase;;3;Week 2;2;Day 4 (Moderate Upper);4;;Machine incline press;1;3;;8;8;12;;;;;;1, 1, 0;;;
Strong & Sculpted;Brad Schoenfeld;A strength and hypertrophy program by Brad Schoenfeld.;4 weeks;Intermediate/Advanced;;;;Advanced Body-Sculpting Phase;;3;Week 2;2;Day 4 (Moderate Upper);4;;Flat dumbbell fly;2;3;;8;8;12;;;;;;1, 1, 0;;;
Strong & Sculpted;Brad Schoenfeld;A strength and hypertrophy program by Brad Schoenfeld.;4 weeks;Intermediate/Advanced;;;;Advanced Body-Sculpting Phase;;3;Week 2;2;Day 4 (Moderate Upper);4;;Lat pull-down;3;3;;8;8;12;;;;;;1, 1, 0;;;
Strong & Sculpted;Brad Schoenfeld;A strength and hypertrophy program by Brad Schoenfeld.;4 weeks;Intermediate/Advanced;;;;Advanced Body-Sculpting Phase;;3;Week 2;2;Day 4 (Moderate Upper);4;;Cable wide-grip seated row;4;3;;8;8;12;;;;;;1, 1, 0;;;
Strong & Sculpted;Brad Schoenfeld;A strength and hypertrophy program by Brad Schoenfeld.;4 weeks;Intermediate/Advanced;;;;Advanced Body-Sculpting Phase;;3;Week 2;2;Day 4 (Moderate Upper);4;;Dumbbell shoulder press;5;3;;8;8;12;;;;;;1, 1, 0;;;
Strong & Sculpted;Brad Schoenfeld;A strength and hypertrophy program by Brad Schoenfeld.;4 weeks;Intermediate/Advanced;;;;Advanced Body-Sculpting Phase;;3;Week 2;2;Day 4 (Moderate Upper);4;;Cable lateral raise;6;3;;8;8;12;;;;;;1, 1, 0;;;
Strong & Sculpted;Brad Schoenfeld;A strength and hypertrophy program by Brad Schoenfeld.;4 weeks;Intermediate/Advanced;;;;Advanced Body-Sculpting Phase;;3;Week 2;2;Day 4 (Moderate Upper);4;;Barbell drag curl;7;2;;8;8;12;;;;;;1, 0;;;
Strong & Sculpted;Brad Schoenfeld;A strength and hypertrophy program by Brad Schoenfeld.;4 weeks;Intermediate/Advanced;;;;Advanced Body-Sculpting Phase;;3;Week 2;2;Day 4 (Moderate Upper);4;;Dumbbell prone incline curl;8;2;;8;8;12;;;;;;1, 0;;;
Strong & Sculpted;Brad Schoenfeld;A strength and hypertrophy program by Brad Schoenfeld.;4 weeks;Intermediate/Advanced;;;;Advanced Body-Sculpting Phase;;3;Week 2;2;Day 4 (Moderate Upper);4;;Machine overhead triceps extension;9;2;;8;8;12;;;;;;1, 0;;;
Strong & Sculpted;Brad Schoenfeld;A strength and hypertrophy program by Brad Schoenfeld.;4 weeks;Intermediate/Advanced;;;;Advanced Body-Sculpting Phase;;3;Week 2;2;Day 4 (Moderate Upper);4;;Triceps dip;10;2;;8;8;12;;;;;;1, 0;;;
Strong & Sculpted;Brad Schoenfeld;A strength and hypertrophy program by Brad Schoenfeld.;4 weeks;Intermediate/Advanced;;;;Advanced Body-Sculpting Phase;;3;Week 2;2;Day 5 (Light Lower And Abs);5;;Dumbbell reverse lunge;1;2;;15;15;25;;;;;;1, 0;;;
Strong & Sculpted;Brad Schoenfeld;A strength and hypertrophy program by Brad Schoenfeld.;4 weeks;Intermediate/Advanced;;;;Advanced Body-Sculpting Phase;;3;Week 2;2;Day 5 (Light Lower And Abs);5;;Single-leg extension;2;2;;15;15;25;;;;;;1, 0;;;
Strong & Sculpted;Brad Schoenfeld;A strength and hypertrophy program by Brad Schoenfeld.;4 weeks;Intermediate/Advanced;;;;Advanced Body-Sculpting Phase;;3;Week 2;2;Day 5 (Light Lower And Abs);5;;Cable standing abduction;3;2;;15;15;25;;;;;;1, 0;;;
Strong & Sculpted;Brad Schoenfeld;A strength and hypertrophy program by Brad Schoenfeld.;4 weeks;Intermediate/Advanced;;;;Advanced Body-Sculpting Phase;;3;Week 2;2;Day 5 (Light Lower And Abs);5;;Machine seated leg curl;4;2;;15;15;25;;;;;;1, 0;;;
Strong & Sculpted;Brad Schoenfeld;A strength and hypertrophy program by Brad Schoenfeld.;4 weeks;Intermediate/Advanced;;;;Advanced Body-Sculpting Phase;;3;Week 2;2;Day 5 (Light Lower And Abs);5;;Reverse hyperextension;5;2;;15;15;25;;;;;;1, 0;;;
Strong & Sculpted;Brad Schoenfeld;A strength and hypertrophy program by Brad Schoenfeld.;4 weeks;Intermediate/Advanced;;;;Advanced Body-Sculpting Phase;;3;Week 2;2;Day 5 (Light Lower And Abs);5;;Machine seated calf raise;6;2;;15;15;25;;;;;;1, 0;;;
Strong & Sculpted;Brad Schoenfeld;A strength and hypertrophy program by Brad Schoenfeld.;4 weeks;Intermediate/Advanced;;;;Advanced Body-Sculpting Phase;;3;Week 2;2;Day 5 (Light Lower And Abs);5;;Toe press;7;2;;15;15;25;;;;;;1, 0;;;
Strong & Sculpted;Brad Schoenfeld;A strength and hypertrophy program by Brad Schoenfeld.;4 weeks;Intermediate/Advanced;;;;Advanced Body-Sculpting Phase;;3;Week 2;2;Day 5 (Light Lower And Abs);5;;Reverse crunch;8;2;;15;15;25;;;;;;1, 0;;;
Strong & Sculpted;Brad Schoenfeld;A strength and hypertrophy program by Brad Schoenfeld.;4 weeks;Intermediate/Advanced;;;;Advanced Body-Sculpting Phase;;3;Week 2;2;Day 5 (Light Lower And Abs);5;;Side bridge;9;2;;15;15;25;;;;;;1, 0;;;
Strong & Sculpted;Brad Schoenfeld;A strength and hypertrophy program by Brad Schoenfeld.;4 weeks;Intermediate/Advanced;;;;Advanced Body-Sculpting Phase;;3;Week 2;2;Day 6 (Light Upper);6;;Dumbbell decline press;1;2;;15;15;25;;;;;;1, 0;;;
Strong & Sculpted;Brad Schoenfeld;A strength and hypertrophy program by Brad Schoenfeld.;4 weeks;Intermediate/Advanced;;;;Advanced Body-Sculpting Phase;;3;Week 2;2;Day 6 (Light Upper);6;;Pec deck fly;2;2;;15;15;25;;;;;;1, 0;;;
Strong & Sculpted;Brad Schoenfeld;A strength and hypertrophy program by Brad Schoenfeld.;4 weeks;Intermediate/Advanced;;;;Advanced Body-Sculpting Phase;;3;Week 2;2;Day 6 (Light Upper);6;;Cross cable pull-down;3;2;;15;15;25;;;;;;1, 0;;;
Strong & Sculpted;Brad Schoenfeld;A strength and hypertrophy program by Brad Schoenfeld.;4 weeks;Intermediate/Advanced;;;;Advanced Body-Sculpting Phase;;3;Week 2;2;Day 6 (Light Upper);6;;Cable single-arm standing low row;4;2;;15;15;25;;;;;;1, 0;;;
Strong & Sculpted;Brad Schoenfeld;A strength and hypertrophy program by Brad Schoenfeld.;4 weeks;Intermediate/Advanced;;;;Advanced Body-Sculpting Phase;;3;Week 2;2;Day 6 (Light Upper);6;;Dumbbell upright row;5;2;;15;15;25;;;;;;1, 0;;;
Strong & Sculpted;Brad Schoenfeld;A strength and hypertrophy program by Brad Schoenfeld.;4 weeks;Intermediate/Advanced;;;;Advanced Body-Sculpting Phase;;3;Week 2;2;Day 6 (Light Upper);6;;Cable reverse fly;6;2;;15;15;25;;;;;;1, 0;;;
Strong & Sculpted;Brad Schoenfeld;A strength and hypertrophy program by Brad Schoenfeld.;4 weeks;Intermediate/Advanced;;;;Advanced Body-Sculpting Phase;;3;Week 2;2;Day 6 (Light Upper);6;;Cable curl;7;2;;15;15;25;;;;;;1, 0;;;
Strong & Sculpted;Brad Schoenfeld;A strength and hypertrophy program by Brad Schoenfeld.;4 weeks;Intermediate/Advanced;;;;Advanced Body-Sculpting Phase;;3;Week 2;2;Day 6 (Light Upper);6;;Barbell reverse curl;8;2;;15;15;25;;;;;;1, 0;;;
Strong & Sculpted;Brad Schoenfeld;A strength and hypertrophy program by Brad Schoenfeld.;4 weeks;Intermediate/Advanced;;;;Advanced Body-Sculpting Phase;;3;Week 2;2;Day 6 (Light Upper);6;;Dumbbell overhead triceps extension;9;2;;15;15;25;;;;;;1, 0;;;
Strong & Sculpted;Brad Schoenfeld;A strength and hypertrophy program by Brad Schoenfeld.;4 weeks;Intermediate/Advanced;;;;Advanced Body-Sculpting Phase;;3;Week 2;2;Day 6 (Light Upper);6;;Skull crusher;10;2;;15;12;15;;;;;;1, 0;;;
Strong & Sculpted;Brad Schoenfeld;A strength and hypertrophy program by Brad Schoenfeld.;4 weeks;Intermediate/Advanced;;;;Advanced Body-Sculpting Phase;;3;Week 3;3;Day 1 (Heavy Lower);1;;Goblet squat;1;5;;3;3;5;;;;;;1, 1, 1, 1, 0;;;
Strong & Sculpted;Brad Schoenfeld;A strength and hypertrophy program by Brad Schoenfeld.;4 weeks;Intermediate/Advanced;;;;Advanced Body-Sculpting Phase;;3;Week 3;3;Day 1 (Heavy Lower);1;;Deadlift;2;5;;3;3;5;;;;;;1, 1, 1, 1, 0;;;
Strong & Sculpted;Brad Schoenfeld;A strength and hypertrophy program by Brad Schoenfeld.;4 weeks;Intermediate/Advanced;;;;Advanced Body-Sculpting Phase;;3;Week 3;3;Day 1 (Heavy Lower);1;;Leg press;3;5;;3;3;5;;;;;;1, 1, 1, 1, 0;;;
Strong & Sculpted;Brad Schoenfeld;A strength and hypertrophy program by Brad Schoenfeld.;4 weeks;Intermediate/Advanced;;;;Advanced Body-Sculpting Phase;;3;Week 3;3;Day 1 (Heavy Lower);1;;Barbell glute bridge;4;4;;3;3;5;;;;;;1, 1, 1, 0;;;
Strong & Sculpted;Brad Schoenfeld;A strength and hypertrophy program by Brad Schoenfeld.;4 weeks;Intermediate/Advanced;;;;Advanced Body-Sculpting Phase;;3;Week 3;3;Day 1 (Heavy Lower);1;;Dumbbell stiff-leg deadlift;5;4;;3;3;5;;;;;;1, 1, 1, 0;;;
Strong & Sculpted;Brad Schoenfeld;A strength and hypertrophy program by Brad Schoenfeld.;4 weeks;Intermediate/Advanced;;;;Advanced Body-Sculpting Phase;;3;Week 3;3;Day 2 (Heavy Upper);2;;Barbell chest press;1;5;;3;3;5;;;;;;1, 1, 1, 1, 0;;;
Strong & Sculpted;Brad Schoenfeld;A strength and hypertrophy program by Brad Schoenfeld.;4 weeks;Intermediate/Advanced;;;;Advanced Body-Sculpting Phase;;3;Week 3;3;Day 2 (Heavy Upper);2;;Pull-up;2;5;;3;3;5;;;;;;1, 1, 1, 1, 0;;;
Strong & Sculpted;Brad Schoenfeld;A strength and hypertrophy program by Brad Schoenfeld.;4 weeks;Intermediate/Advanced;;;;Advanced Body-Sculpting Phase;;3;Week 3;3;Day 2 (Heavy Upper);2;;Machine shoulder press;3;5;;3;3;5;;;;;;1, 1, 1, 1, 0;;;
Strong & Sculpted;Brad Schoenfeld;A strength and hypertrophy program by Brad Schoenfeld.;4 weeks;Intermediate/Advanced;;;;Advanced Body-Sculpting Phase;;3;Week 3;3;Day 2 (Heavy Upper);2;;Barbell reverse bent row;4;5;;3;3;5;;;;;;1, 1, 1, 1, 0;;;
Strong & Sculpted;Brad Schoenfeld;A strength and hypertrophy program by Brad Schoenfeld.;4 weeks;Intermediate/Advanced;;;;Advanced Body-Sculpting Phase;;3;Week 3;3;Day 3 (Moderate Lower And Abs);3;;Barbell front squat;1;3;;8;8;12;;;;;;1, 1, 0;;;
Strong & Sculpted;Brad Schoenfeld;A strength and hypertrophy program by Brad Schoenfeld.;4 weeks;Intermediate/Advanced;;;;Advanced Body-Sculpting Phase;;3;Week 3;3;Day 3 (Moderate Lower And Abs);3;;Bulgarian split squat;2;3;;8;8;12;;;;;;1, 1, 0;;;
Strong & Sculpted;Brad Schoenfeld;A strength and hypertrophy program by Brad Schoenfeld.;4 weeks;Intermediate/Advanced;;;;Advanced Body-Sculpting Phase;;3;Week 3;3;Day 3 (Moderate Lower And Abs);3;;Barbell hip thrust;3;3;;8;8;12;;;;;;1, 1, 0;;;
Strong & Sculpted;Brad Schoenfeld;A strength and hypertrophy program by Brad Schoenfeld.;4 weeks;Intermediate/Advanced;;;;Advanced Body-Sculpting Phase;;3;Week 3;3;Day 3 (Moderate Lower And Abs);3;;Hyperextension;4;3;;8;8;12;;;;;;1, 1, 0;;;
Strong & Sculpted;Brad Schoenfeld;A strength and hypertrophy program by Brad Schoenfeld.;4 weeks;Intermediate/Advanced;;;;Advanced Body-Sculpting Phase;;3;Week 3;3;Day 3 (Moderate Lower And Abs);3;;Lying leg curl;5;2;;8;8;12;;;;;;1, 0;;;
Strong & Sculpted;Brad Schoenfeld;A strength and hypertrophy program by Brad Schoenfeld.;4 weeks;Intermediate/Advanced;;;;Advanced Body-Sculpting Phase;;3;Week 3;3;Day 3 (Moderate Lower And Abs);3;;Machine standing calf raise;6;2;;8;8;12;;;;;;1, 0;;;
Strong & Sculpted;Brad Schoenfeld;A strength and hypertrophy program by Brad Schoenfeld.;4 weeks;Intermediate/Advanced;;;;Advanced Body-Sculpting Phase;;3;Week 3;3;Day 3 (Moderate Lower And Abs);3;;Barbell kneeling rollout;7;2;;8;8;12;;;;;;1, 0;;;
Strong & Sculpted;Brad Schoenfeld;A strength and hypertrophy program by Brad Schoenfeld.;4 weeks;Intermediate/Advanced;;;;Advanced Body-Sculpting Phase;;3;Week 3;3;Day 3 (Moderate Lower And Abs);3;;Cable side bend;8;2;;8;8;12;;;;;;1, 0;;;
Strong & Sculpted;Brad Schoenfeld;A strength and hypertrophy program by Brad Schoenfeld.;4 weeks;Intermediate/Advanced;;;;Advanced Body-Sculpting Phase;;3;Week 3;3;Day 4 (Moderate Upper);4;;Machine incline press;1;3;;8;8;12;;;;;;1, 1, 0;;;
Strong & Sculpted;Brad Schoenfeld;A strength and hypertrophy program by Brad Schoenfeld.;4 weeks;Intermediate/Advanced;;;;Advanced Body-Sculpting Phase;;3;Week 3;3;Day 4 (Moderate Upper);4;;Flat dumbbell fly;2;3;;8;8;12;;;;;;1, 1, 0;;;
Strong & Sculpted;Brad Schoenfeld;A strength and hypertrophy program by Brad Schoenfeld.;4 weeks;Intermediate/Advanced;;;;Advanced Body-Sculpting Phase;;3;Week 3;3;Day 4 (Moderate Upper);4;;Lat pull-down;3;3;;8;8;12;;;;;;1, 1, 0;;;
Strong & Sculpted;Brad Schoenfeld;A strength and hypertrophy program by Brad Schoenfeld.;4 weeks;Intermediate/Advanced;;;;Advanced Body-Sculpting Phase;;3;Week 3;3;Day 4 (Moderate Upper);4;;Cable wide-grip seated row;4;3;;8;8;12;;;;;;1, 1, 0;;;
Strong & Sculpted;Brad Schoenfeld;A strength and hypertrophy program by Brad Schoenfeld.;4 weeks;Intermediate/Advanced;;;;Advanced Body-Sculpting Phase;;3;Week 3;3;Day 4 (Moderate Upper);4;;Dumbbell shoulder press;5;3;;8;8;12;;;;;;1, 1, 0;;;
Strong & Sculpted;Brad Schoenfeld;A strength and hypertrophy program by Brad Schoenfeld.;4 weeks;Intermediate/Advanced;;;;Advanced Body-Sculpting Phase;;3;Week 3;3;Day 4 (Moderate Upper);4;;Cable lateral raise;6;3;;8;8;12;;;;;;1, 1, 0;;;
Strong & Sculpted;Brad Schoenfeld;A strength and hypertrophy program by Brad Schoenfeld.;4 weeks;Intermediate/Advanced;;;;Advanced Body-Sculpting Phase;;3;Week 3;3;Day 4 (Moderate Upper);4;;Barbell drag curl;7;2;;8;8;12;;;;;;1, 0;;;
Strong & Sculpted;Brad Schoenfeld;A strength and hypertrophy program by Brad Schoenfeld.;4 weeks;Intermediate/Advanced;;;;Advanced Body-Sculpting Phase;;3;Week 3;3;Day 4 (Moderate Upper);4;;Dumbbell prone incline curl;8;2;;8;8;12;;;;;;1, 0;;;
Strong & Sculpted;Brad Schoenfeld;A strength and hypertrophy program by Brad Schoenfeld.;4 weeks;Intermediate/Advanced;;;;Advanced Body-Sculpting Phase;;3;Week 3;3;Day 4 (Moderate Upper);4;;Machine overhead triceps extension;9;2;;8;8;12;;;;;;1, 0;;;
Strong & Sculpted;Brad Schoenfeld;A strength and hypertrophy program by Brad Schoenfeld.;4 weeks;Intermediate/Advanced;;;;Advanced Body-Sculpting Phase;;3;Week 3;3;Day 4 (Moderate Upper);4;;Triceps dip;10;2;;8;8;12;;;;;;1, 0;;;
Strong & Sculpted;Brad Schoenfeld;A strength and hypertrophy program by Brad Schoenfeld.;4 weeks;Intermediate/Advanced;;;;Advanced Body-Sculpting Phase;;3;Week 3;3;Day 5 (Light Lower And Abs);5;;Dumbbell reverse lunge;1;2;;15;15;25;;;;;;1, 0;;;
Strong & Sculpted;Brad Schoenfeld;A strength and hypertrophy program by Brad Schoenfeld.;4 weeks;Intermediate/Advanced;;;;Advanced Body-Sculpting Phase;;3;Week 3;3;Day 5 (Light Lower And Abs);5;;Single-leg extension;2;2;;15;15;25;;;;;;1, 0;;;
Strong & Sculpted;Brad Schoenfeld;A strength and hypertrophy program by Brad Schoenfeld.;4 weeks;Intermediate/Advanced;;;;Advanced Body-Sculpting Phase;;3;Week 3;3;Day 5 (Light Lower And Abs);5;;Cable standing abduction;3;2;;15;15;25;;;;;;1, 0;;;
Strong & Sculpted;Brad Schoenfeld;A strength and hypertrophy program by Brad Schoenfeld.;4 weeks;Intermediate/Advanced;;;;Advanced Body-Sculpting Phase;;3;Week 3;3;Day 5 (Light Lower And Abs);5;;Machine seated leg curl;4;2;;15;15;25;;;;;;1, 0;;;
Strong & Sculpted;Brad Schoenfeld;A strength and hypertrophy program by Brad Schoenfeld.;4 weeks;Intermediate/Advanced;;;;Advanced Body-Sculpting Phase;;3;Week 3;3;Day 5 (Light Lower And Abs);5;;Reverse hyperextension;5;2;;15;15;25;;;;;;1, 0;;;
Strong & Sculpted;Brad Schoenfeld;A strength and hypertrophy program by Brad Schoenfeld.;4 weeks;Intermediate/Advanced;;;;Advanced Body-Sculpting Phase;;3;Week 3;3;Day 5 (Light Lower And Abs);5;;Machine seated calf raise;6;2;;15;15;25;;;;;;1, 0;;;
Strong & Sculpted;Brad Schoenfeld;A strength and hypertrophy program by Brad Schoenfeld.;4 weeks;Intermediate/Advanced;;;;Advanced Body-Sculpting Phase;;3;Week 3;3;Day 5 (Light Lower And Abs);5;;Toe press;7;2;;15;15;25;;;;;;1, 0;;;
Strong & Sculpted;Brad Schoenfeld;A strength and hypertrophy program by Brad Schoenfeld.;4 weeks;Intermediate/Advanced;;;;Advanced Body-Sculpting Phase;;3;Week 3;3;Day 5 (Light Lower And Abs);5;;Reverse crunch;8;2;;15;15;25;;;;;;1, 0;;;
Strong & Sculpted;Brad Schoenfeld;A strength and hypertrophy program by Brad Schoenfeld.;4 weeks;Intermediate/Advanced;;;;Advanced Body-Sculpting Phase;;3;Week 3;3;Day 5 (Light Lower And Abs);5;;Side bridge;9;2;;15;15;25;;;;;;1, 0;;;
Strong & Sculpted;Brad Schoenfeld;A strength and hypertrophy program by Brad Schoenfeld.;4 weeks;Intermediate/Advanced;;;;Advanced Body-Sculpting Phase;;3;Week 3;3;Day 6 (Light Upper);6;;Dumbbell decline press;1;2;;15;15;25;;;;;;1, 0;;;
Strong & Sculpted;Brad Schoenfeld;A strength and hypertrophy program by Brad Schoenfeld.;4 weeks;Intermediate/Advanced;;;;Advanced Body-Sculpting Phase;;3;Week 3;3;Day 6 (Light Upper);6;;Pec deck fly;2;2;;15;15;25;;;;;;1, 0;;;
Strong & Sculpted;Brad Schoenfeld;A strength and hypertrophy program by Brad Schoenfeld.;4 weeks;Intermediate/Advanced;;;;Advanced Body-Sculpting Phase;;3;Week 3;3;Day 6 (Light Upper);6;;Cross cable pull-down;3;2;;15;15;25;;;;;;1, 0;;;
Strong & Sculpted;Brad Schoenfeld;A strength and hypertrophy program by Brad Schoenfeld.;4 weeks;Intermediate/Advanced;;;;Advanced Body-Sculpting Phase;;3;Week 3;3;Day 6 (Light Upper);6;;Cable single-arm standing low row;4;2;;15;15;25;;;;;;1, 0;;;
Strong & Sculpted;Brad Schoenfeld;A strength and hypertrophy program by Brad Schoenfeld.;4 weeks;Intermediate/Advanced;;;;Advanced Body-Sculpting Phase;;3;Week 3;3;Day 6 (Light Upper);6;;Dumbbell upright row;5;2;;15;15;25;;;;;;1, 0;;;
Strong & Sculpted;Brad Schoenfeld;A strength and hypertrophy program by Brad Schoenfeld.;4 weeks;Intermediate/Advanced;;;;Advanced Body-Sculpting Phase;;3;Week 3;3;Day 6 (Light Upper);6;;Cable reverse fly;6;2;;15;15;25;;;;;;1, 0;;;
Strong & Sculpted;Brad Schoenfeld;A strength and hypertrophy program by Brad Schoenfeld.;4 weeks;Intermediate/Advanced;;;;Advanced Body-Sculpting Phase;;3;Week 3;3;Day 6 (Light Upper);6;;Cable curl;7;2;;15;15;25;;;;;;1, 0;;;
Strong & Sculpted;Brad Schoenfeld;A strength and hypertrophy program by Brad Schoenfeld.;4 weeks;Intermediate/Advanced;;;;Advanced Body-Sculpting Phase;;3;Week 3;3;Day 6 (Light Upper);6;;Barbell reverse curl;8;2;;15;15;25;;;;;;1, 0;;;
Strong & Sculpted;Brad Schoenfeld;A strength and hypertrophy program by Brad Schoenfeld.;4 weeks;Intermediate/Advanced;;;;Advanced Body-Sculpting Phase;;3;Week 3;3;Day 6 (Light Upper);6;;Dumbbell overhead triceps extension;9;2;;15;15;25;;;;;;1, 0;;;
Strong & Sculpted;Brad Schoenfeld;A strength and hypertrophy program by Brad Schoenfeld.;4 weeks;Intermediate/Advanced;;;;Advanced Body-Sculpting Phase;;3;Week 3;3;Day 6 (Light Upper);6;;Skull crusher;10;2;;15;15;25;;;;;;1, 0;;;
Strong & Sculpted;Brad Schoenfeld;A strength and hypertrophy program by Brad Schoenfeld.;4 weeks;Intermediate/Advanced;;;;Advanced Body-Sculpting Phase;;3;Week 4;4;Day 1 (Deload);1;;Dumbbell chest press;1;2;;15;15;20;;;;;;4;;;
Strong & Sculpted;Brad Schoenfeld;A strength and hypertrophy program by Brad Schoenfeld.;4 weeks;Intermediate/Advanced;;;;Advanced Body-Sculpting Phase;;3;Week 4;4;Day 1 (Deload);1;;Dumbbell single-arm row;2;2;;15;15;20;;;;;;4;;;
Strong & Sculpted;Brad Schoenfeld;A strength and hypertrophy program by Brad Schoenfeld.;4 weeks;Intermediate/Advanced;;;;Advanced Body-Sculpting Phase;;3;Week 4;4;Day 1 (Deload);1;;Military press;3;2;;15;15;20;;;;;;4;;;
Strong & Sculpted;Brad Schoenfeld;A strength and hypertrophy program by Brad Schoenfeld.;4 weeks;Intermediate/Advanced;;;;Advanced Body-Sculpting Phase;;3;Week 4;4;Day 1 (Deload);1;;Barbell back squat;4;2;;15;15;20;;;;;;4;;;
Strong & Sculpted;Brad Schoenfeld;A strength and hypertrophy program by Brad Schoenfeld.;4 weeks;Intermediate/Advanced;;;;Advanced Body-Sculpting Phase;;3;Week 4;4;Day 1 (Deload);1;;Dumbbell lunge;5;2;;15;15;20;;;;;;4;;;
Strong & Sculpted;Brad Schoenfeld;A strength and hypertrophy program by Brad Schoenfeld.;4 weeks;Intermediate/Advanced;;;;Advanced Body-Sculpting Phase;;3;Week 4;4;Day 1 (Deload);1;;Dumbbell stiff-leg deadlift;6;2;;15;15;20;;;;;;4;;;
Strong & Sculpted;Brad Schoenfeld;A strength and hypertrophy program by Brad Schoenfeld.;4 weeks;Intermediate/Advanced;;;;Advanced Body-Sculpting Phase;;3;Week 4;4;Day 2 (Deload);2;;Dumbbell chest press;1;2;;15;15;20;;;;;;4;;;
Strong & Sculpted;Brad Schoenfeld;A strength and hypertrophy program by Brad Schoenfeld.;4 weeks;Intermediate/Advanced;;;;Advanced Body-Sculpting Phase;;3;Week 4;4;Day 2 (Deload);2;;Dumbbell single-arm row;2;2;;15;15;20;;;;;;4;;;
Strong & Sculpted;Brad Schoenfeld;A strength and hypertrophy program by Brad Schoenfeld.;4 weeks;Intermediate/Advanced;;;;Advanced Body-Sculpting Phase;;3;Week 4;4;Day 2 (Deload);2;;Military press;3;2;;15;15;20;;;;;;4;;;
Strong & Sculpted;Brad Schoenfeld;A strength and hypertrophy program by Brad Schoenfeld.;4 weeks;Intermediate/Advanced;;;;Advanced Body-Sculpting Phase;;3;Week 4;4;Day 2 (Deload);2;;Barbell back squat;4;2;;15;15;20;;;;;;4;;;
Strong & Sculpted;Brad Schoenfeld;A strength and hypertrophy program by Brad Schoenfeld.;4 weeks;Intermediate/Advanced;;;;Advanced Body-Sculpting Phase;;3;Week 4;4;Day 2 (Deload);2;;Dumbbell lunge;5;2;;15;15;20;;;;;;4;;;
Strong & Sculpted;Brad Schoenfeld;A strength and hypertrophy program by Brad Schoenfeld.;4 weeks;Intermediate/Advanced;;;;Advanced Body-Sculpting Phase;;3;Week 4;4;Day 2 (Deload);2;;Dumbbell stiff-leg deadlift;6;2;;15;15;20;;;;;;4;;;
Strong & Sculpted;Brad Schoenfeld;A strength and hypertrophy program by Brad Schoenfeld.;4 weeks;Intermediate/Advanced;;;;Advanced Body-Sculpting Phase;;3;Week 5;5;Day 1 (Heavy Lower);1;;Goblet squat;1;5;;3;3;5;;;;;;1, 1, 1, 1, 0;;;
Strong & Sculpted;Brad Schoenfeld;A strength and hypertrophy program by Brad Schoenfeld.;4 weeks;Intermediate/Advanced;;;;Advanced Body-Sculpting Phase;;3;Week 5;5;Day 1 (Heavy Lower);1;;Deadlift;2;5;;3;3;5;;;;;;1, 1, 1, 1, 0;;;
Strong & Sculpted;Brad Schoenfeld;A strength and hypertrophy program by Brad Schoenfeld.;4 weeks;Intermediate/Advanced;;;;Advanced Body-Sculpting Phase;;3;Week 5;5;Day 1 (Heavy Lower);1;;Leg press;3;5;;3;3;5;;;;;;1, 1, 1, 1, 0;;;
Strong & Sculpted;Brad Schoenfeld;A strength and hypertrophy program by Brad Schoenfeld.;4 weeks;Intermediate/Advanced;;;;Advanced Body-Sculpting Phase;;3;Week 5;5;Day 1 (Heavy Lower);1;;Barbell glute bridge;4;4;;3;3;5;;;;;;1, 1, 1, 0;;;
Strong & Sculpted;Brad Schoenfeld;A strength and hypertrophy program by Brad Schoenfeld.;4 weeks;Intermediate/Advanced;;;;Advanced Body-Sculpting Phase;;3;Week 5;5;Day 1 (Heavy Lower);1;;Dumbbell stiff-leg deadlift;5;4;;3;3;5;;;;;;1, 1, 1, 0;;;
Strong & Sculpted;Brad Schoenfeld;A strength and hypertrophy program by Brad Schoenfeld.;4 weeks;Intermediate/Advanced;;;;Advanced Body-Sculpting Phase;;3;Week 5;5;Day 2 (Heavy Upper);2;;Barbell chest press;1;5;;3;3;5;;;;;;1, 1, 1, 1, 0;;;
Strong & Sculpted;Brad Schoenfeld;A strength and hypertrophy program by Brad Schoenfeld.;4 weeks;Intermediate/Advanced;;;;Advanced Body-Sculpting Phase;;3;Week 5;5;Day 2 (Heavy Upper);2;;Pull-up;2;5;;3;3;5;;;;;;1, 1, 1, 1, 0;;;
Strong & Sculpted;Brad Schoenfeld;A strength and hypertrophy program by Brad Schoenfeld.;4 weeks;Intermediate/Advanced;;;;Advanced Body-Sculpting Phase;;3;Week 5;5;Day 2 (Heavy Upper);2;;Machine shoulder press;3;5;;3;3;5;;;;;;1, 1, 1, 1, 0;;;
Strong & Sculpted;Brad Schoenfeld;A strength and hypertrophy program by Brad Schoenfeld.;4 weeks;Intermediate/Advanced;;;;Advanced Body-Sculpting Phase;;3;Week 5;5;Day 2 (Heavy Upper);2;;Barbell reverse bent row;4;5;;3;3;5;;;;;;1, 1, 1, 1, 0;;;
Strong & Sculpted;Brad Schoenfeld;A strength and hypertrophy program by Brad Schoenfeld.;4 weeks;Intermediate/Advanced;;;;Advanced Body-Sculpting Phase;;3;Week 5;5;Day 3 (Moderate Lower And Abs);3;;Barbell front squat;1;3;;8;8;12;;;;;;1, 1, 0;;;
Strong & Sculpted;Brad Schoenfeld;A strength and hypertrophy program by Brad Schoenfeld.;4 weeks;Intermediate/Advanced;;;;Advanced Body-Sculpting Phase;;3;Week 5;5;Day 3 (Moderate Lower And Abs);3;;Bulgarian split squat;2;3;;8;8;12;;;;;;1, 1, 0;;;
Strong & Sculpted;Brad Schoenfeld;A strength and hypertrophy program by Brad Schoenfeld.;4 weeks;Intermediate/Advanced;;;;Advanced Body-Sculpting Phase;;3;Week 5;5;Day 3 (Moderate Lower And Abs);3;;Barbell hip thrust;3;3;;8;8;12;;;;;;1, 1, 0;;;
Strong & Sculpted;Brad Schoenfeld;A strength and hypertrophy program by Brad Schoenfeld.;4 weeks;Intermediate/Advanced;;;;Advanced Body-Sculpting Phase;;3;Week 5;5;Day 3 (Moderate Lower And Abs);3;;Hyperextension;4;3;;8;8;12;;;;;;1, 1, 0;;;
Strong & Sculpted;Brad Schoenfeld;A strength and hypertrophy program by Brad Schoenfeld.;4 weeks;Intermediate/Advanced;;;;Advanced Body-Sculpting Phase;;3;Week 5;5;Day 3 (Moderate Lower And Abs);3;;Lying leg curl;5;2;;8;8;12;;;;;;1, 0;;;
Strong & Sculpted;Brad Schoenfeld;A strength and hypertrophy program by Brad Schoenfeld.;4 weeks;Intermediate/Advanced;;;;Advanced Body-Sculpting Phase;;3;Week 5;5;Day 3 (Moderate Lower And Abs);3;;Machine standing calf raise;6;2;;8;8;12;;;;;;1, 0;;;
Strong & Sculpted;Brad Schoenfeld;A strength and hypertrophy program by Brad Schoenfeld.;4 weeks;Intermediate/Advanced;;;;Advanced Body-Sculpting Phase;;3;Week 5;5;Day 3 (Moderate Lower And Abs);3;;Barbell kneeling rollout;7;2;;8;8;12;;;;;;1, 0;;;
Strong & Sculpted;Brad Schoenfeld;A strength and hypertrophy program by Brad Schoenfeld.;4 weeks;Intermediate/Advanced;;;;Advanced Body-Sculpting Phase;;3;Week 5;5;Day 3 (Moderate Lower And Abs);3;;Cable side bend;8;2;;8;8;12;;;;;;1, 0;;;
Strong & Sculpted;Brad Schoenfeld;A strength and hypertrophy program by Brad Schoenfeld.;4 weeks;Intermediate/Advanced;;;;Advanced Body-Sculpting Phase;;3;Week 5;5;Day 4 (Moderate Upper);4;;Machine incline press;1;3;;8;8;12;;;;;;1, 1, 0;;;
Strong & Sculpted;Brad Schoenfeld;A strength and hypertrophy program by Brad Schoenfeld.;4 weeks;Intermediate/Advanced;;;;Advanced Body-Sculpting Phase;;3;Week 5;5;Day 4 (Moderate Upper);4;;Flat dumbbell fly;2;3;;8;8;12;;;;;;1, 1, 0;;;
Strong & Sculpted;Brad Schoenfeld;A strength and hypertrophy program by Brad Schoenfeld.;4 weeks;Intermediate/Advanced;;;;Advanced Body-Sculpting Phase;;3;Week 5;5;Day 4 (Moderate Upper);4;;Lat pull-down;3;3;;8;8;12;;;;;;1, 1, 0;;;
Strong & Sculpted;Brad Schoenfeld;A strength and hypertrophy program by Brad Schoenfeld.;4 weeks;Intermediate/Advanced;;;;Advanced Body-Sculpting Phase;;3;Week 5;5;Day 4 (Moderate Upper);4;;Cable wide-grip seated row;4;3;;8;8;12;;;;;;1, 1, 0;;;
Strong & Sculpted;Brad Schoenfeld;A strength and hypertrophy program by Brad Schoenfeld.;4 weeks;Intermediate/Advanced;;;;Advanced Body-Sculpting Phase;;3;Week 5;5;Day 4 (Moderate Upper);4;;Dumbbell shoulder press;5;3;;8;8;12;;;;;;1, 1, 0;;;
Strong & Sculpted;Brad Schoenfeld;A strength and hypertrophy program by Brad Schoenfeld.;4 weeks;Intermediate/Advanced;;;;Advanced Body-Sculpting Phase;;3;Week 5;5;Day 4 (Moderate Upper);4;;Cable lateral raise;6;3;;8;8;12;;;;;;1, 1, 0;;;
Strong & Sculpted;Brad Schoenfeld;A strength and hypertrophy program by Brad Schoenfeld.;4 weeks;Intermediate/Advanced;;;;Advanced Body-Sculpting Phase;;3;Week 5;5;Day 4 (Moderate Upper);4;;Barbell drag curl;7;2;;8;8;12;;;;;;1, 0;;;
Strong & Sculpted;Brad Schoenfeld;A strength and hypertrophy program by Brad Schoenfeld.;4 weeks;Intermediate/Advanced;;;;Advanced Body-Sculpting Phase;;3;Week 5;5;Day 4 (Moderate Upper);4;;Dumbbell prone incline curl;8;2;;8;8;12;;;;;;1, 0;;;
Strong & Sculpted;Brad Schoenfeld;A strength and hypertrophy program by Brad Schoenfeld.;4 weeks;Intermediate/Advanced;;;;Advanced Body-Sculpting Phase;;3;Week 5;5;Day 4 (Moderate Upper);4;;Machine overhead triceps extension;9;2;;8;8;12;;;;;;1, 0;;;
Strong & Sculpted;Brad Schoenfeld;A strength and hypertrophy program by Brad Schoenfeld.;4 weeks;Intermediate/Advanced;;;;Advanced Body-Sculpting Phase;;3;Week 5;5;Day 4 (Moderate Upper);4;;Triceps dip;10;2;;8;8;12;;;;;;1, 0;;;
Strong & Sculpted;Brad Schoenfeld;A strength and hypertrophy program by Brad Schoenfeld.;4 weeks;Intermediate/Advanced;;;;Advanced Body-Sculpting Phase;;3;Week 5;5;Day 5 (Light Lower And Abs);5;;Dumbbell reverse lunge;1;2;;15;15;25;;;;;;1, 0;;;
Strong & Sculpted;Brad Schoenfeld;A strength and hypertrophy program by Brad Schoenfeld.;4 weeks;Intermediate/Advanced;;;;Advanced Body-Sculpting Phase;;3;Week 5;5;Day 5 (Light Lower And Abs);5;;Single-leg extension;2;2;;15;15;25;;;;;;1, 0;;;
Strong & Sculpted;Brad Schoenfeld;A strength and hypertrophy program by Brad Schoenfeld.;4 weeks;Intermediate/Advanced;;;;Advanced Body-Sculpting Phase;;3;Week 5;5;Day 5 (Light Lower And Abs);5;;Cable standing abduction;3;2;;15;15;25;;;;;;1, 0;;;
Strong & Sculpted;Brad Schoenfeld;A strength and hypertrophy program by Brad Schoenfeld.;4 weeks;Intermediate/Advanced;;;;Advanced Body-Sculpting Phase;;3;Week 5;5;Day 5 (Light Lower And Abs);5;;Machine seated leg curl;4;2;;15;15;25;;;;;;1, 0;;;
Strong & Sculpted;Brad Schoenfeld;A strength and hypertrophy program by Brad Schoenfeld.;4 weeks;Intermediate/Advanced;;;;Advanced Body-Sculpting Phase;;3;Week 5;5;Day 5 (Light Lower And Abs);5;;Reverse hyperextension;5;2;;15;15;25;;;;;;1, 0;;;
Strong & Sculpted;Brad Schoenfeld;A strength and hypertrophy program by Brad Schoenfeld.;4 weeks;Intermediate/Advanced;;;;Advanced Body-Sculpting Phase;;3;Week 5;5;Day 5 (Light Lower And Abs);5;;Machine seated calf raise;6;2;;15;15;25;;;;;;1, 0;;;
Strong & Sculpted;Brad Schoenfeld;A strength and hypertrophy program by Brad Schoenfeld.;4 weeks;Intermediate/Advanced;;;;Advanced Body-Sculpting Phase;;3;Week 5;5;Day 5 (Light Lower And Abs);5;;Toe press;7;2;;15;15;25;;;;;;1, 0;;;
Strong & Sculpted;Brad Schoenfeld;A strength and hypertrophy program by Brad Schoenfeld.;4 weeks;Intermediate/Advanced;;;;Advanced Body-Sculpting Phase;;3;Week 5;5;Day 5 (Light Lower And Abs);5;;Reverse crunch;8;2;;15;15;25;;;;;;1, 0;;;
Strong & Sculpted;Brad Schoenfeld;A strength and hypertrophy program by Brad Schoenfeld.;4 weeks;Intermediate/Advanced;;;;Advanced Body-Sculpting Phase;;3;Week 5;5;Day 5 (Light Lower And Abs);5;;Side bridge;9;2;;15;15;25;;;;;;1, 0;;;
Strong & Sculpted;Brad Schoenfeld;A strength and hypertrophy program by Brad Schoenfeld.;4 weeks;Intermediate/Advanced;;;;Advanced Body-Sculpting Phase;;3;Week 5;5;Day 6 (Light Upper);6;;Dumbbell decline press;1;2;;15;15;25;;;;;;1, 0;;;
Strong & Sculpted;Brad Schoenfeld;A strength and hypertrophy program by Brad Schoenfeld.;4 weeks;Intermediate/Advanced;;;;Advanced Body-Sculpting Phase;;3;Week 5;5;Day 6 (Light Upper);6;;Pec deck fly;2;2;;15;15;25;;;;;;1, 0;;;
Strong & Sculpted;Brad Schoenfeld;A strength and hypertrophy program by Brad Schoenfeld.;4 weeks;Intermediate/Advanced;;;;Advanced Body-Sculpting Phase;;3;Week 5;5;Day 6 (Light Upper);6;;Cross cable pull-down;3;2;;15;15;25;;;;;;1, 0;;;
Strong & Sculpted;Brad Schoenfeld;A strength and hypertrophy program by Brad Schoenfeld.;4 weeks;Intermediate/Advanced;;;;Advanced Body-Sculpting Phase;;3;Week 5;5;Day 6 (Light Upper);6;;Cable single-arm standing low row;4;2;;15;15;25;;;;;;1, 0;;;
Strong & Sculpted;Brad Schoenfeld;A strength and hypertrophy program by Brad Schoenfeld.;4 weeks;Intermediate/Advanced;;;;Advanced Body-Sculpting Phase;;3;Week 5;5;Day 6 (Light Upper);6;;Dumbbell upright row;5;2;;15;15;25;;;;;;1, 0;;;
Strong & Sculpted;Brad Schoenfeld;A strength and hypertrophy program by Brad Schoenfeld.;4 weeks;Intermediate/Advanced;;;;Advanced Body-Sculpting Phase;;3;Week 5;5;Day 6 (Light Upper);6;;Cable reverse fly;6;2;;15;15;25;;;;;;1, 0;;;
Strong & Sculpted;Brad Schoenfeld;A strength and hypertrophy program by Brad Schoenfeld.;4 weeks;Intermediate/Advanced;;;;Advanced Body-Sculpting Phase;;3;Week 5;5;Day 6 (Light Upper);6;;Cable curl;7;2;;15;15;25;;;;;;1, 0;;;
Strong & Sculpted;Brad Schoenfeld;A strength and hypertrophy program by Brad Schoenfeld.;4 weeks;Intermediate/Advanced;;;;Advanced Body-Sculpting Phase;;3;Week 5;5;Day 6 (Light Upper);6;;Barbell reverse curl;8;2;;15;15;25;;;;;;1, 0;;;
Strong & Sculpted;Brad Schoenfeld;A strength and hypertrophy program by Brad Schoenfeld.;4 weeks;Intermediate/Advanced;;;;Advanced Body-Sculpting Phase;;3;Week 5;5;Day 6 (Light Upper);6;;Dumbbell overhead triceps extension;9;2;;15;15;25;;;;;;1, 0;;;
Strong & Sculpted;Brad Schoenfeld;A strength and hypertrophy program by Brad Schoenfeld.;4 weeks;Intermediate/Advanced;;;;Advanced Body-Sculpting Phase;;3;Week 5;5;Day 6 (Light Upper);6;;Skull crusher;10;2;;15;12;15;;;;;;1, 0;;;
Strong & Sculpted;Brad Schoenfeld;A strength and hypertrophy program by Brad Schoenfeld.;4 weeks;Intermediate/Advanced;;;;Advanced Body-Sculpting Phase;;3;Week 6;6;Day 1 (Heavy Lower);1;;Goblet squat;1;5;;3;3;5;;;;;;1, 1, 1, 1, 0;;;
Strong & Sculpted;Brad Schoenfeld;A strength and hypertrophy program by Brad Schoenfeld.;4 weeks;Intermediate/Advanced;;;;Advanced Body-Sculpting Phase;;3;Week 6;6;Day 1 (Heavy Lower);1;;Deadlift;2;5;;3;3;5;;;;;;1, 1, 1, 1, 0;;;
Strong & Sculpted;Brad Schoenfeld;A strength and hypertrophy program by Brad Schoenfeld.;4 weeks;Intermediate/Advanced;;;;Advanced Body-Sculpting Phase;;3;Week 6;6;Day 1 (Heavy Lower);1;;Leg press;3;5;;3;3;5;;;;;;1, 1, 1, 1, 0;;;
Strong & Sculpted;Brad Schoenfeld;A strength and hypertrophy program by Brad Schoenfeld.;4 weeks;Intermediate/Advanced;;;;Advanced Body-Sculpting Phase;;3;Week 6;6;Day 1 (Heavy Lower);1;;Barbell glute bridge;4;4;;3;3;5;;;;;;1, 1, 1, 0;;;
Strong & Sculpted;Brad Schoenfeld;A strength and hypertrophy program by Brad Schoenfeld.;4 weeks;Intermediate/Advanced;;;;Advanced Body-Sculpting Phase;;3;Week 6;6;Day 1 (Heavy Lower);1;;Dumbbell stiff-leg deadlift;5;4;;3;3;5;;;;;;1, 1, 1, 0;;;
Strong & Sculpted;Brad Schoenfeld;A strength and hypertrophy program by Brad Schoenfeld.;4 weeks;Intermediate/Advanced;;;;Advanced Body-Sculpting Phase;;3;Week 6;6;Day 2 (Heavy Upper);2;;Barbell chest press;1;5;;3;3;5;;;;;;1, 1, 1, 1, 0;;;
Strong & Sculpted;Brad Schoenfeld;A strength and hypertrophy program by Brad Schoenfeld.;4 weeks;Intermediate/Advanced;;;;Advanced Body-Sculpting Phase;;3;Week 6;6;Day 2 (Heavy Upper);2;;Pull-up;2;5;;3;3;5;;;;;;1, 1, 1, 1, 0;;;
Strong & Sculpted;Brad Schoenfeld;A strength and hypertrophy program by Brad Schoenfeld.;4 weeks;Intermediate/Advanced;;;;Advanced Body-Sculpting Phase;;3;Week 6;6;Day 2 (Heavy Upper);2;;Machine shoulder press;3;5;;3;3;5;;;;;;1, 1, 1, 1, 0;;;
Strong & Sculpted;Brad Schoenfeld;A strength and hypertrophy program by Brad Schoenfeld.;4 weeks;Intermediate/Advanced;;;;Advanced Body-Sculpting Phase;;3;Week 6;6;Day 2 (Heavy Upper);2;;Barbell reverse bent row;4;5;;3;3;5;;;;;;1, 1, 1, 1, 0;;;
Strong & Sculpted;Brad Schoenfeld;A strength and hypertrophy program by Brad Schoenfeld.;4 weeks;Intermediate/Advanced;;;;Advanced Body-Sculpting Phase;;3;Week 6;6;Day 3 (Moderate Lower And Abs);3;;Barbell front squat;1;3;;8;8;12;;;;;;1, 1, 0;;;
Strong & Sculpted;Brad Schoenfeld;A strength and hypertrophy program by Brad Schoenfeld.;4 weeks;Intermediate/Advanced;;;;Advanced Body-Sculpting Phase;;3;Week 6;6;Day 3 (Moderate Lower And Abs);3;;Bulgarian split squat;2;3;;8;8;12;;;;;;1, 1, 0;;;
Strong & Sculpted;Brad Schoenfeld;A strength and hypertrophy program by Brad Schoenfeld.;4 weeks;Intermediate/Advanced;;;;Advanced Body-Sculpting Phase;;3;Week 6;6;Day 3 (Moderate Lower And Abs);3;;Barbell hip thrust;3;3;;8;8;12;;;;;;1, 1, 0;;;
Strong & Sculpted;Brad Schoenfeld;A strength and hypertrophy program by Brad Schoenfeld.;4 weeks;Intermediate/Advanced;;;;Advanced Body-Sculpting Phase;;3;Week 6;6;Day 3 (Moderate Lower And Abs);3;;Hyperextension;4;3;;8;8;12;;;;;;1, 1, 0;;;
Strong & Sculpted;Brad Schoenfeld;A strength and hypertrophy program by Brad Schoenfeld.;4 weeks;Intermediate/Advanced;;;;Advanced Body-Sculpting Phase;;3;Week 6;6;Day 3 (Moderate Lower And Abs);3;;Lying leg curl;5;2;;8;8;12;;;;;;1, 0;;;
Strong & Sculpted;Brad Schoenfeld;A strength and hypertrophy program by Brad Schoenfeld.;4 weeks;Intermediate/Advanced;;;;Advanced Body-Sculpting Phase;;3;Week 6;6;Day 3 (Moderate Lower And Abs);3;;Machine standing calf raise;6;2;;8;8;12;;;;;;1, 0;;;
Strong & Sculpted;Brad Schoenfeld;A strength and hypertrophy program by Brad Schoenfeld.;4 weeks;Intermediate/Advanced;;;;Advanced Body-Sculpting Phase;;3;Week 6;6;Day 3 (Moderate Lower And Abs);3;;Barbell kneeling rollout;7;2;;8;8;12;;;;;;1, 0;;;
Strong & Sculpted;Brad Schoenfeld;A strength and hypertrophy program by Brad Schoenfeld.;4 weeks;Intermediate/Advanced;;;;Advanced Body-Sculpting Phase;;3;Week 6;6;Day 3 (Moderate Lower And Abs);3;;Cable side bend;8;2;;8;8;12;;;;;;1, 0;;;
Strong & Sculpted;Brad Schoenfeld;A strength and hypertrophy program by Brad Schoenfeld.;4 weeks;Intermediate/Advanced;;;;Advanced Body-Sculpting Phase;;3;Week 6;6;Day 4 (Moderate Upper);4;;Machine incline press;1;3;;8;8;12;;;;;;1, 1, 0;;;
Strong & Sculpted;Brad Schoenfeld;A strength and hypertrophy program by Brad Schoenfeld.;4 weeks;Intermediate/Advanced;;;;Advanced Body-Sculpting Phase;;3;Week 6;6;Day 4 (Moderate Upper);4;;Flat dumbbell fly;2;3;;8;8;12;;;;;;1, 1, 0;;;
Strong & Sculpted;Brad Schoenfeld;A strength and hypertrophy program by Brad Schoenfeld.;4 weeks;Intermediate/Advanced;;;;Advanced Body-Sculpting Phase;;3;Week 6;6;Day 4 (Moderate Upper);4;;Lat pull-down;3;3;;8;8;12;;;;;;1, 1, 0;;;
Strong & Sculpted;Brad Schoenfeld;A strength and hypertrophy program by Brad Schoenfeld.;4 weeks;Intermediate/Advanced;;;;Advanced Body-Sculpting Phase;;3;Week 6;6;Day 4 (Moderate Upper);4;;Cable wide-grip seated row;4;3;;8;8;12;;;;;;1, 1, 0;;;
Strong & Sculpted;Brad Schoenfeld;A strength and hypertrophy program by Brad Schoenfeld.;4 weeks;Intermediate/Advanced;;;;Advanced Body-Sculpting Phase;;3;Week 6;6;Day 4 (Moderate Upper);4;;Dumbbell shoulder press;5;3;;8;8;12;;;;;;1, 1, 0;;;
Strong & Sculpted;Brad Schoenfeld;A strength and hypertrophy program by Brad Schoenfeld.;4 weeks;Intermediate/Advanced;;;;Advanced Body-Sculpting Phase;;3;Week 6;6;Day 4 (Moderate Upper);4;;Cable lateral raise;6;3;;8;8;12;;;;;;1, 1, 0;;;
Strong & Sculpted;Brad Schoenfeld;A strength and hypertrophy program by Brad Schoenfeld.;4 weeks;Intermediate/Advanced;;;;Advanced Body-Sculpting Phase;;3;Week 6;6;Day 4 (Moderate Upper);4;;Barbell drag curl;7;2;;8;8;12;;;;;;1, 0;;;
Strong & Sculpted;Brad Schoenfeld;A strength and hypertrophy program by Brad Schoenfeld.;4 weeks;Intermediate/Advanced;;;;Advanced Body-Sculpting Phase;;3;Week 6;6;Day 4 (Moderate Upper);4;;Dumbbell prone incline curl;8;2;;8;8;12;;;;;;1, 0;;;
Strong & Sculpted;Brad Schoenfeld;A strength and hypertrophy program by Brad Schoenfeld.;4 weeks;Intermediate/Advanced;;;;Advanced Body-Sculpting Phase;;3;Week 6;6;Day 4 (Moderate Upper);4;;Machine overhead triceps extension;9;2;;8;8;12;;;;;;1, 0;;;
Strong & Sculpted;Brad Schoenfeld;A strength and hypertrophy program by Brad Schoenfeld.;4 weeks;Intermediate/Advanced;;;;Advanced Body-Sculpting Phase;;3;Week 6;6;Day 4 (Moderate Upper);4;;Triceps dip;10;2;;8;8;12;;;;;;1, 0;;;
Strong & Sculpted;Brad Schoenfeld;A strength and hypertrophy program by Brad Schoenfeld.;4 weeks;Intermediate/Advanced;;;;Advanced Body-Sculpting Phase;;3;Week 6;6;Day 5 (Light Lower And Abs);5;;Dumbbell reverse lunge;1;2;;15;15;25;;;;;;1, 0;;;
Strong & Sculpted;Brad Schoenfeld;A strength and hypertrophy program by Brad Schoenfeld.;4 weeks;Intermediate/Advanced;;;;Advanced Body-Sculpting Phase;;3;Week 6;6;Day 5 (Light Lower And Abs);5;;Single-leg extension;2;2;;15;15;25;;;;;;1, 0;;;
Strong & Sculpted;Brad Schoenfeld;A strength and hypertrophy program by Brad Schoenfeld.;4 weeks;Intermediate/Advanced;;;;Advanced Body-Sculpting Phase;;3;Week 6;6;Day 5 (Light Lower And Abs);5;;Cable standing abduction;3;2;;15;15;25;;;;;;1, 0;;;
Strong & Sculpted;Brad Schoenfeld;A strength and hypertrophy program by Brad Schoenfeld.;4 weeks;Intermediate/Advanced;;;;Advanced Body-Sculpting Phase;;3;Week 6;6;Day 5 (Light Lower And Abs);5;;Machine seated leg curl;4;2;;15;15;25;;;;;;1, 0;;;
Strong & Sculpted;Brad Schoenfeld;A strength and hypertrophy program by Brad Schoenfeld.;4 weeks;Intermediate/Advanced;;;;Advanced Body-Sculpting Phase;;3;Week 6;6;Day 5 (Light Lower And Abs);5;;Reverse hyperextension;5;2;;15;15;25;;;;;;1, 0;;;
Strong & Sculpted;Brad Schoenfeld;A strength and hypertrophy program by Brad Schoenfeld.;4 weeks;Intermediate/Advanced;;;;Advanced Body-Sculpting Phase;;3;Week 6;6;Day 5 (Light Lower And Abs);5;;Machine seated calf raise;6;2;;15;15;25;;;;;;1, 0;;;
Strong & Sculpted;Brad Schoenfeld;A strength and hypertrophy program by Brad Schoenfeld.;4 weeks;Intermediate/Advanced;;;;Advanced Body-Sculpting Phase;;3;Week 6;6;Day 5 (Light Lower And Abs);5;;Toe press;7;2;;15;15;25;;;;;;1, 0;;;
Strong & Sculpted;Brad Schoenfeld;A strength and hypertrophy program by Brad Schoenfeld.;4 weeks;Intermediate/Advanced;;;;Advanced Body-Sculpting Phase;;3;Week 6;6;Day 5 (Light Lower And Abs);5;;Reverse crunch;8;2;;15;15;25;;;;;;1, 0;;;
Strong & Sculpted;Brad Schoenfeld;A strength and hypertrophy program by Brad Schoenfeld.;4 weeks;Intermediate/Advanced;;;;Advanced Body-Sculpting Phase;;3;Week 6;6;Day 5 (Light Lower And Abs);5;;Side bridge;9;2;;15;15;25;;;;;;1, 0;;;
Strong & Sculpted;Brad Schoenfeld;A strength and hypertrophy program by Brad Schoenfeld.;4 weeks;Intermediate/Advanced;;;;Advanced Body-Sculpting Phase;;3;Week 6;6;Day 6 (Light Upper);6;;Dumbbell decline press;1;2;;15;15;25;;;;;;1, 0;;;
Strong & Sculpted;Brad Schoenfeld;A strength and hypertrophy program by Brad Schoenfeld.;4 weeks;Intermediate/Advanced;;;;Advanced Body-Sculpting Phase;;3;Week 6;6;Day 6 (Light Upper);6;;Pec deck fly;2;2;;15;15;25;;;;;;1, 0;;;
Strong & Sculpted;Brad Schoenfeld;A strength and hypertrophy program by Brad Schoenfeld.;4 weeks;Intermediate/Advanced;;;;Advanced Body-Sculpting Phase;;3;Week 6;6;Day 6 (Light Upper);6;;Cross cable pull-down;3;2;;15;15;25;;;;;;1, 0;;;
Strong & Sculpted;Brad Schoenfeld;A strength and hypertrophy program by Brad Schoenfeld.;4 weeks;Intermediate/Advanced;;;;Advanced Body-Sculpting Phase;;3;Week 6;6;Day 6 (Light Upper);6;;Cable single-arm standing low row;4;2;;15;15;25;;;;;;1, 0;;;
Strong & Sculpted;Brad Schoenfeld;A strength and hypertrophy program by Brad Schoenfeld.;4 weeks;Intermediate/Advanced;;;;Advanced Body-Sculpting Phase;;3;Week 6;6;Day 6 (Light Upper);6;;Dumbbell upright row;5;2;;15;15;25;;;;;;1, 0;;;
Strong & Sculpted;Brad Schoenfeld;A strength and hypertrophy program by Brad Schoenfeld.;4 weeks;Intermediate/Advanced;;;;Advanced Body-Sculpting Phase;;3;Week 6;6;Day 6 (Light Upper);6;;Cable reverse fly;6;2;;15;15;25;;;;;;1, 0;;;
Strong & Sculpted;Brad Schoenfeld;A strength and hypertrophy program by Brad Schoenfeld.;4 weeks;Intermediate/Advanced;;;;Advanced Body-Sculpting Phase;;3;Week 6;6;Day 6 (Light Upper);6;;Cable curl;7;2;;15;15;25;;;;;;1, 0;;;
Strong & Sculpted;Brad Schoenfeld;A strength and hypertrophy program by Brad Schoenfeld.;4 weeks;Intermediate/Advanced;;;;Advanced Body-Sculpting Phase;;3;Week 6;6;Day 6 (Light Upper);6;;Barbell reverse curl;8;2;;15;15;25;;;;;;1, 0;;;
Strong & Sculpted;Brad Schoenfeld;A strength and hypertrophy program by Brad Schoenfeld.;4 weeks;Intermediate/Advanced;;;;Advanced Body-Sculpting Phase;;3;Week 6;6;Day 6 (Light Upper);6;;Dumbbell overhead triceps extension;9;2;;15;15;25;;;;;;1, 0;;;
Strong & Sculpted;Brad Schoenfeld;A strength and hypertrophy program by Brad Schoenfeld.;4 weeks;Intermediate/Advanced;;;;Advanced Body-Sculpting Phase;;3;Week 6;6;Day 6 (Light Upper);6;;Skull crusher;10;2;;15;12;15;;;;;;1, 0;;;
Strong & Sculpted;Brad Schoenfeld;A strength and hypertrophy program by Brad Schoenfeld.;4 weeks;Intermediate/Advanced;;;;Advanced Body-Sculpting Phase;;3;Week 7;7;Day 1 (Heavy Lower);1;;Goblet squat;1;5;;3;3;5;;;;;;1, 1, 1, 1, 0;;;
Strong & Sculpted;Brad Schoenfeld;A strength and hypertrophy program by Brad Schoenfeld.;4 weeks;Intermediate/Advanced;;;;Advanced Body-Sculpting Phase;;3;Week 7;7;Day 1 (Heavy Lower);1;;Deadlift;2;5;;3;3;5;;;;;;1, 1, 1, 1, 0;;;
Strong & Sculpted;Brad Schoenfeld;A strength and hypertrophy program by Brad Schoenfeld.;4 weeks;Intermediate/Advanced;;;;Advanced Body-Sculpting Phase;;3;Week 7;7;Day 1 (Heavy Lower);1;;Leg press;3;5;;3;3;5;;;;;;1, 1, 1, 1, 0;;;
Strong & Sculpted;Brad Schoenfeld;A strength and hypertrophy program by Brad Schoenfeld.;4 weeks;Intermediate/Advanced;;;;Advanced Body-Sculpting Phase;;3;Week 7;7;Day 1 (Heavy Lower);1;;Barbell glute bridge;4;4;;3;3;5;;;;;;1, 1, 1, 0;;;
Strong & Sculpted;Brad Schoenfeld;A strength and hypertrophy program by Brad Schoenfeld.;4 weeks;Intermediate/Advanced;;;;Advanced Body-Sculpting Phase;;3;Week 7;7;Day 1 (Heavy Lower);1;;Dumbbell stiff-leg deadlift;5;4;;3;3;5;;;;;;1, 1, 1, 0;;;
Strong & Sculpted;Brad Schoenfeld;A strength and hypertrophy program by Brad Schoenfeld.;4 weeks;Intermediate/Advanced;;;;Advanced Body-Sculpting Phase;;3;Week 7;7;Day 2 (Heavy Upper);2;;Barbell chest press;1;5;;3;3;5;;;;;;1, 1, 1, 1, 0;;;
Strong & Sculpted;Brad Schoenfeld;A strength and hypertrophy program by Brad Schoenfeld.;4 weeks;Intermediate/Advanced;;;;Advanced Body-Sculpting Phase;;3;Week 7;7;Day 2 (Heavy Upper);2;;Pull-up;2;5;;3;3;5;;;;;;1, 1, 1, 1, 0;;;
Strong & Sculpted;Brad Schoenfeld;A strength and hypertrophy program by Brad Schoenfeld.;4 weeks;Intermediate/Advanced;;;;Advanced Body-Sculpting Phase;;3;Week 7;7;Day 2 (Heavy Upper);2;;Machine shoulder press;3;5;;3;3;5;;;;;;1, 1, 1, 1, 0;;;
Strong & Sculpted;Brad Schoenfeld;A strength and hypertrophy program by Brad Schoenfeld.;4 weeks;Intermediate/Advanced;;;;Advanced Body-Sculpting Phase;;3;Week 7;7;Day 2 (Heavy Upper);2;;Barbell reverse bent row;4;5;;3;3;5;;;;;;1, 1, 1, 1, 0;;;
Strong & Sculpted;Brad Schoenfeld;A strength and hypertrophy program by Brad Schoenfeld.;4 weeks;Intermediate/Advanced;;;;Advanced Body-Sculpting Phase;;3;Week 7;7;Day 3 (Moderate Lower And Abs);3;;Barbell front squat;1;3;;8;8;12;;;;;;1, 1, 0;;;
Strong & Sculpted;Brad Schoenfeld;A strength and hypertrophy program by Brad Schoenfeld.;4 weeks;Intermediate/Advanced;;;;Advanced Body-Sculpting Phase;;3;Week 7;7;Day 3 (Moderate Lower And Abs);3;;Bulgarian split squat;2;3;;8;8;12;;;;;;1, 1, 0;;;
Strong & Sculpted;Brad Schoenfeld;A strength and hypertrophy program by Brad Schoenfeld.;4 weeks;Intermediate/Advanced;;;;Advanced Body-Sculpting Phase;;3;Week 7;7;Day 3 (Moderate Lower And Abs);3;;Barbell hip thrust;3;3;;8;8;12;;;;;;1, 1, 0;;;
Strong & Sculpted;Brad Schoenfeld;A strength and hypertrophy program by Brad Schoenfeld.;4 weeks;Intermediate/Advanced;;;;Advanced Body-Sculpting Phase;;3;Week 7;7;Day 3 (Moderate Lower And Abs);3;;Hyperextension;4;3;;8;8;12;;;;;;1, 1, 0;;;
Strong & Sculpted;Brad Schoenfeld;A strength and hypertrophy program by Brad Schoenfeld.;4 weeks;Intermediate/Advanced;;;;Advanced Body-Sculpting Phase;;3;Week 7;7;Day 3 (Moderate Lower And Abs);3;;Lying leg curl;5;2;;8;8;12;;;;;;1, 0;;;
Strong & Sculpted;Brad Schoenfeld;A strength and hypertrophy program by Brad Schoenfeld.;4 weeks;Intermediate/Advanced;;;;Advanced Body-Sculpting Phase;;3;Week 7;7;Day 3 (Moderate Lower And Abs);3;;Machine standing calf raise;6;2;;8;8;12;;;;;;1, 0;;;
Strong & Sculpted;Brad Schoenfeld;A strength and hypertrophy program by Brad Schoenfeld.;4 weeks;Intermediate/Advanced;;;;Advanced Body-Sculpting Phase;;3;Week 7;7;Day 3 (Moderate Lower And Abs);3;;Barbell kneeling rollout;7;2;;8;8;12;;;;;;1, 0;;;
Strong & Sculpted;Brad Schoenfeld;A strength and hypertrophy program by Brad Schoenfeld.;4 weeks;Intermediate/Advanced;;;;Advanced Body-Sculpting Phase;;3;Week 7;7;Day 3 (Moderate Lower And Abs);3;;Cable side bend;8;2;;8;8;12;;;;;;1, 0;;;
Strong & Sculpted;Brad Schoenfeld;A strength and hypertrophy program by Brad Schoenfeld.;4 weeks;Intermediate/Advanced;;;;Advanced Body-Sculpting Phase;;3;Week 7;7;Day 4 (Moderate Upper);4;;Machine incline press;1;3;;8;8;12;;;;;;1, 1, 0;;;
Strong & Sculpted;Brad Schoenfeld;A strength and hypertrophy program by Brad Schoenfeld.;4 weeks;Intermediate/Advanced;;;;Advanced Body-Sculpting Phase;;3;Week 7;7;Day 4 (Moderate Upper);4;;Flat dumbbell fly;2;3;;8;8;12;;;;;;1, 1, 0;;;
Strong & Sculpted;Brad Schoenfeld;A strength and hypertrophy program by Brad Schoenfeld.;4 weeks;Intermediate/Advanced;;;;Advanced Body-Sculpting Phase;;3;Week 7;7;Day 4 (Moderate Upper);4;;Lat pull-down;3;3;;8;8;12;;;;;;1, 1, 0;;;
Strong & Sculpted;Brad Schoenfeld;A strength and hypertrophy program by Brad Schoenfeld.;4 weeks;Intermediate/Advanced;;;;Advanced Body-Sculpting Phase;;3;Week 7;7;Day 4 (Moderate Upper);4;;Cable wide-grip seated row;4;3;;8;8;12;;;;;;1, 1, 0;;;
Strong & Sculpted;Brad Schoenfeld;A strength and hypertrophy program by Brad Schoenfeld.;4 weeks;Intermediate/Advanced;;;;Advanced Body-Sculpting Phase;;3;Week 7;7;Day 4 (Moderate Upper);4;;Dumbbell shoulder press;5;3;;8;8;12;;;;;;1, 1, 0;;;
Strong & Sculpted;Brad Schoenfeld;A strength and hypertrophy program by Brad Schoenfeld.;4 weeks;Intermediate/Advanced;;;;Advanced Body-Sculpting Phase;;3;Week 7;7;Day 4 (Moderate Upper);4;;Cable lateral raise;6;3;;8;8;12;;;;;;1, 1, 0;;;
Strong & Sculpted;Brad Schoenfeld;A strength and hypertrophy program by Brad Schoenfeld.;4 weeks;Intermediate/Advanced;;;;Advanced Body-Sculpting Phase;;3;Week 7;7;Day 4 (Moderate Upper);4;;Barbell drag curl;7;2;;8;8;12;;;;;;1, 0;;;
Strong & Sculpted;Brad Schoenfeld;A strength and hypertrophy program by Brad Schoenfeld.;4 weeks;Intermediate/Advanced;;;;Advanced Body-Sculpting Phase;;3;Week 7;7;Day 4 (Moderate Upper);4;;Dumbbell prone incline curl;8;2;;8;8;12;;;;;;1, 0;;;
Strong & Sculpted;Brad Schoenfeld;A strength and hypertrophy program by Brad Schoenfeld.;4 weeks;Intermediate/Advanced;;;;Advanced Body-Sculpting Phase;;3;Week 7;7;Day 4 (Moderate Upper);4;;Machine overhead triceps extension;9;2;;8;8;12;;;;;;1, 0;;;
Strong & Sculpted;Brad Schoenfeld;A strength and hypertrophy program by Brad Schoenfeld.;4 weeks;Intermediate/Advanced;;;;Advanced Body-Sculpting Phase;;3;Week 7;7;Day 4 (Moderate Upper);4;;Triceps dip;10;2;;8;8;12;;;;;;1, 0;;;
Strong & Sculpted;Brad Schoenfeld;A strength and hypertrophy program by Brad Schoenfeld.;4 weeks;Intermediate/Advanced;;;;Advanced Body-Sculpting Phase;;3;Week 7;7;Day 5 (Light Lower And Abs);5;;Dumbbell reverse lunge;1;2;;15;15;25;;;;;;1, 0;;;
Strong & Sculpted;Brad Schoenfeld;A strength and hypertrophy program by Brad Schoenfeld.;4 weeks;Intermediate/Advanced;;;;Advanced Body-Sculpting Phase;;3;Week 7;7;Day 5 (Light Lower And Abs);5;;Single-leg extension;2;2;;15;15;25;;;;;;1, 0;;;
Strong & Sculpted;Brad Schoenfeld;A strength and hypertrophy program by Brad Schoenfeld.;4 weeks;Intermediate/Advanced;;;;Advanced Body-Sculpting Phase;;3;Week 7;7;Day 5 (Light Lower And Abs);5;;Cable standing abduction;3;2;;15;15;25;;;;;;1, 0;;;
Strong & Sculpted;Brad Schoenfeld;A strength and hypertrophy program by Brad Schoenfeld.;4 weeks;Intermediate/Advanced;;;;Advanced Body-Sculpting Phase;;3;Week 7;7;Day 5 (Light Lower And Abs);5;;Machine seated leg curl;4;2;;15;15;25;;;;;;1, 0;;;
Strong & Sculpted;Brad Schoenfeld;A strength and hypertrophy program by Brad Schoenfeld.;4 weeks;Intermediate/Advanced;;;;Advanced Body-Sculpting Phase;;3;Week 7;7;Day 5 (Light Lower And Abs);5;;Reverse hyperextension;5;2;;15;15;25;;;;;;1, 0;;;
Strong & Sculpted;Brad Schoenfeld;A strength and hypertrophy program by Brad Schoenfeld.;4 weeks;Intermediate/Advanced;;;;Advanced Body-Sculpting Phase;;3;Week 7;7;Day 5 (Light Lower And Abs);5;;Machine seated calf raise;6;2;;15;15;25;;;;;;1, 0;;;
Strong & Sculpted;Brad Schoenfeld;A strength and hypertrophy program by Brad Schoenfeld.;4 weeks;Intermediate/Advanced;;;;Advanced Body-Sculpting Phase;;3;Week 7;7;Day 5 (Light Lower And Abs);5;;Toe press;7;2;;15;15;25;;;;;;1, 0;;;
Strong & Sculpted;Brad Schoenfeld;A strength and hypertrophy program by Brad Schoenfeld.;4 weeks;Intermediate/Advanced;;;;Advanced Body-Sculpting Phase;;3;Week 7;7;Day 5 (Light Lower And Abs);5;;Reverse crunch;8;2;;15;15;25;;;;;;1, 0;;;
Strong & Sculpted;Brad Schoenfeld;A strength and hypertrophy program by Brad Schoenfeld.;4 weeks;Intermediate/Advanced;;;;Advanced Body-Sculpting Phase;;3;Week 7;7;Day 5 (Light Lower And Abs);5;;Side bridge;9;2;;15;15;25;;;;;;1, 0;;;
Strong & Sculpted;Brad Schoenfeld;A strength and hypertrophy program by Brad Schoenfeld.;4 weeks;Intermediate/Advanced;;;;Advanced Body-Sculpting Phase;;3;Week 7;7;Day 6 (Light Upper);6;;Dumbbell decline press;1;2;;15;15;25;;;;;;1, 0;;;
Strong & Sculpted;Brad Schoenfeld;A strength and hypertrophy program by Brad Schoenfeld.;4 weeks;Intermediate/Advanced;;;;Advanced Body-Sculpting Phase;;3;Week 7;7;Day 6 (Light Upper);6;;Pec deck fly;2;2;;15;15;25;;;;;;1, 0;;;
Strong & Sculpted;Brad Schoenfeld;A strength and hypertrophy program by Brad Schoenfeld.;4 weeks;Intermediate/Advanced;;;;Advanced Body-Sculpting Phase;;3;Week 7;7;Day 6 (Light Upper);6;;Cross cable pull-down;3;2;;15;15;25;;;;;;1, 0;;;
Strong & Sculpted;Brad Schoenfeld;A strength and hypertrophy program by Brad Schoenfeld.;4 weeks;Intermediate/Advanced;;;;Advanced Body-Sculpting Phase;;3;Week 7;7;Day 6 (Light Upper);6;;Cable single-arm standing low row;4;2;;15;15;25;;;;;;1, 0;;;
Strong & Sculpted;Brad Schoenfeld;A strength and hypertrophy program by Brad Schoenfeld.;4 weeks;Intermediate/Advanced;;;;Advanced Body-Sculpting Phase;;3;Week 7;7;Day 6 (Light Upper);6;;Dumbbell upright row;5;2;;15;15;25;;;;;;1, 0;;;
Strong & Sculpted;Brad Schoenfeld;A strength and hypertrophy program by Brad Schoenfeld.;4 weeks;Intermediate/Advanced;;;;Advanced Body-Sculpting Phase;;3;Week 7;7;Day 6 (Light Upper);6;;Cable reverse fly;6;2;;15;15;25;;;;;;1, 0;;;
Strong & Sculpted;Brad Schoenfeld;A strength and hypertrophy program by Brad Schoenfeld.;4 weeks;Intermediate/Advanced;;;;Advanced Body-Sculpting Phase;;3;Week 7;7;Day 6 (Light Upper);6;;Cable curl;7;2;;15;15;25;;;;;;1, 0;;;
Strong & Sculpted;Brad Schoenfeld;A strength and hypertrophy program by Brad Schoenfeld.;4 weeks;Intermediate/Advanced;;;;Advanced Body-Sculpting Phase;;3;Week 7;7;Day 6 (Light Upper);6;;Barbell reverse curl;8;2;;15;15;25;;;;;;1, 0;;;
Strong & Sculpted;Brad Schoenfeld;A strength and hypertrophy program by Brad Schoenfeld.;4 weeks;Intermediate/Advanced;;;;Advanced Body-Sculpting Phase;;3;Week 7;7;Day 6 (Light Upper);6;;Dumbbell overhead triceps extension;9;2;;15;15;25;;;;;;1, 0;;;
Strong & Sculpted;Brad Schoenfeld;A strength and hypertrophy program by Brad Schoenfeld.;4 weeks;Intermediate/Advanced;;;;Advanced Body-Sculpting Phase;;3;Week 7;7;Day 6 (Light Upper);6;;Skull crusher;10;2;;15;12;15;;;;;;1, 0;;;
Strong & Sculpted;Brad Schoenfeld;A strength and hypertrophy program by Brad Schoenfeld.;4 weeks;Intermediate/Advanced;;;;Advanced Body-Sculpting Phase;;3;Week 8;8;Day 1 (Deload);1;;Dumbbell chest press;1;2;;15;15;20;;;;;;4;;;
Strong & Sculpted;Brad Schoenfeld;A strength and hypertrophy program by Brad Schoenfeld.;4 weeks;Intermediate/Advanced;;;;Advanced Body-Sculpting Phase;;3;Week 8;8;Day 1 (Deload);1;;Dumbbell single-arm row;2;2;;15;15;20;;;;;;4;;;
Strong & Sculpted;Brad Schoenfeld;A strength and hypertrophy program by Brad Schoenfeld.;4 weeks;Intermediate/Advanced;;;;Advanced Body-Sculpting Phase;;3;Week 8;8;Day 1 (Deload);1;;Military press;3;2;;15;15;20;;;;;;4;;;
Strong & Sculpted;Brad Schoenfeld;A strength and hypertrophy program by Brad Schoenfeld.;4 weeks;Intermediate/Advanced;;;;Advanced Body-Sculpting Phase;;3;Week 8;8;Day 1 (Deload);1;;Barbell back squat;4;2;;15;15;20;;;;;;4;;;
Strong & Sculpted;Brad Schoenfeld;A strength and hypertrophy program by Brad Schoenfeld.;4 weeks;Intermediate/Advanced;;;;Advanced Body-Sculpting Phase;;3;Week 8;8;Day 1 (Deload);1;;Dumbbell lunge;5;2;;15;15;20;;;;;;4;;;
Strong & Sculpted;Brad Schoenfeld;A strength and hypertrophy program by Brad Schoenfeld.;4 weeks;Intermediate/Advanced;;;;Advanced Body-Sculpting Phase;;3;Week 8;8;Day 1 (Deload);1;;Dumbbell stiff-leg deadlift;6;2;;15;15;20;;;;;;4;;;
Strong & Sculpted;Brad Schoenfeld;A strength and hypertrophy program by Brad Schoenfeld.;4 weeks;Intermediate/Advanced;;;;Advanced Body-Sculpting Phase;;3;Week 8;8;Day 2 (Deload);2;;Dumbbell chest press;1;2;;15;15;20;;;;;;4;;;
Strong & Sculpted;Brad Schoenfeld;A strength and hypertrophy program by Brad Schoenfeld.;4 weeks;Intermediate/Advanced;;;;Advanced Body-Sculpting Phase;;3;Week 8;8;Day 2 (Deload);2;;Dumbbell single-arm row;2;2;;15;15;20;;;;;;4;;;
Strong & Sculpted;Brad Schoenfeld;A strength and hypertrophy program by Brad Schoenfeld.;4 weeks;Intermediate/Advanced;;;;Advanced Body-Sculpting Phase;;3;Week 8;8;Day 2 (Deload);2;;Military press;3;2;;15;15;20;;;;;;4;;;
Strong & Sculpted;Brad Schoenfeld;A strength and hypertrophy program by Brad Schoenfeld.;4 weeks;Intermediate/Advanced;;;;Advanced Body-Sculpting Phase;;3;Week 8;8;Day 2 (Deload);2;;Barbell back squat;4;2;;15;15;20;;;;;;4;;;
Strong & Sculpted;Brad Schoenfeld;A strength and hypertrophy program by Brad Schoenfeld.;4 weeks;Intermediate/Advanced;;;;Advanced Body-Sculpting Phase;;3;Week 8;8;Day 2 (Deload);2;;Dumbbell lunge;5;2;;15;15;20;;;;;;4;;;
Strong & Sculpted;Brad Schoenfeld;A strength and hypertrophy program by Brad Schoenfeld.;4 weeks;Intermediate/Advanced;;;;Advanced Body-Sculpting Phase;;3;Week 8;8;Day 2 (Deload);2;;Dumbbell stiff-leg deadlift;6;2;;15;15;20;;;;;;4;;;
Strong & Sculpted;Brad Schoenfeld;A strength and hypertrophy program by Brad Schoenfeld.;4 weeks;Intermediate/Advanced;;;;Peak Physique Phase;;4;Week 1;1;Day 1 (Back, Chest, Abs);1;;Reverse-Grip Lat Pull-Down;1;4;;10;10;15;;;;;;1, 1, 1, 0;;;
Strong & Sculpted;Brad Schoenfeld;A strength and hypertrophy program by Brad Schoenfeld.;4 weeks;Intermediate/Advanced;;;;Peak Physique Phase;;4;Week 1;1;Day 1 (Back, Chest, Abs);1;;Machine Seated Row;2;4;;10;10;15;;;;;;1, 1, 1, 0;;;
Strong & Sculpted;Brad Schoenfeld;A strength and hypertrophy program by Brad Schoenfeld.;4 weeks;Intermediate/Advanced;;;;Peak Physique Phase;;4;Week 1;1;Day 1 (Back, Chest, Abs);1;;Dumbbell Pullover;3;3;;10;10;15;;;;;;1, 1, 0;;;
Strong & Sculpted;Brad Schoenfeld;A strength and hypertrophy program by Brad Schoenfeld.;4 weeks;Intermediate/Advanced;;;;Peak Physique Phase;;4;Week 1;1;Day 1 (Back, Chest, Abs);1;;Dumbbell Incline Press;4;4;;10;10;15;;;;;;1, 1, 1, 0;;;
Strong & Sculpted;Brad Schoenfeld;A strength and hypertrophy program by Brad Schoenfeld.;4 weeks;Intermediate/Advanced;;;;Peak Physique Phase;;4;Week 1;1;Day 1 (Back, Chest, Abs);1;;Barbell Decline Press;5;3;;10;10;15;;;;;;1, 1, 0;;;
Strong & Sculpted;Brad Schoenfeld;A strength and hypertrophy program by Brad Schoenfeld.;4 weeks;Intermediate/Advanced;;;;Peak Physique Phase;;4;Week 1;1;Day 1 (Back, Chest, Abs);1;;Mid Cable Fly;6;3;;10;10;15;;;;;;1, 1, 0;;;
Strong & Sculpted;Brad Schoenfeld;A strength and hypertrophy program by Brad Schoenfeld.;4 weeks;Intermediate/Advanced;;;;Peak Physique Phase;;4;Week 1;1;Day 1 (Back, Chest, Abs);1;;Hanging Knee Raise;7;3;;10;10;15;;;;;;1, 1, 0;;;
Strong & Sculpted;Brad Schoenfeld;A strength and hypertrophy program by Brad Schoenfeld.;4 weeks;Intermediate/Advanced;;;;Peak Physique Phase;;4;Week 1;1;Day 1 (Back, Chest, Abs);1;;Bicycle Crunch;8;3;;10;10;15;;;;;;1, 1, 0;;;
Strong & Sculpted;Brad Schoenfeld;A strength and hypertrophy program by Brad Schoenfeld.;4 weeks;Intermediate/Advanced;;;;Peak Physique Phase;;4;Week 1;1;Day 2 (Lower Body);2;;Barbell Front Squat;1;4;;10;10;15;;;;;;1, 1, 1, 0;;;
Strong & Sculpted;Brad Schoenfeld;A strength and hypertrophy program by Brad Schoenfeld.;4 weeks;Intermediate/Advanced;;;;Peak Physique Phase;;4;Week 1;1;Day 2 (Lower Body);2;;Dumbbell Side Lunge;2;4;;10;10;15;;;;;;1, 1, 1, 0;;;
Strong & Sculpted;Brad Schoenfeld;A strength and hypertrophy program by Brad Schoenfeld.;4 weeks;Intermediate/Advanced;;;;Peak Physique Phase;;4;Week 1;1;Day 2 (Lower Body);2;;Sissy Squat;3;3;;10;10;15;;;;;;1, 1, 0;;;
Strong & Sculpted;Brad Schoenfeld;A strength and hypertrophy program by Brad Schoenfeld.;4 weeks;Intermediate/Advanced;;;;Peak Physique Phase;;4;Week 1;1;Day 2 (Lower Body);2;;Good Morning;4;4;;10;10;15;;;;;;1, 1, 1, 0;;;
Strong & Sculpted;Brad Schoenfeld;A strength and hypertrophy program by Brad Schoenfeld.;4 weeks;Intermediate/Advanced;;;;Peak Physique Phase;;4;Week 1;1;Day 2 (Lower Body);2;;Stability Ball Leg Curl;5;4;;10;10;15;;;;;;1, 1, 1, 0;;;
Strong & Sculpted;Brad Schoenfeld;A strength and hypertrophy program by Brad Schoenfeld.;4 weeks;Intermediate/Advanced;;;;Peak Physique Phase;;4;Week 1;1;Day 2 (Lower Body);2;;Dumbbell Single-Leg Standing Calf Raise;6;4;;10;10;15;;;;;;1, 1, 1, 0;;;
Strong & Sculpted;Brad Schoenfeld;A strength and hypertrophy program by Brad Schoenfeld.;4 weeks;Intermediate/Advanced;;;;Peak Physique Phase;;4;Week 1;1;Day 2 (Lower Body);2;;Machine Seated Calf Raise;7;3;;10;10;15;;;;;;1, 1, 0;;;
Strong & Sculpted;Brad Schoenfeld;A strength and hypertrophy program by Brad Schoenfeld.;4 weeks;Intermediate/Advanced;;;;Peak Physique Phase;;4;Week 1;1;Day 3 (Shoulders, Arms);3;;Dumbbell Shoulder Press;1;4;;10;10;15;;;;;;1, 1, 1, 0;;;
Strong & Sculpted;Brad Schoenfeld;A strength and hypertrophy program by Brad Schoenfeld.;4 weeks;Intermediate/Advanced;;;;Peak Physique Phase;;4;Week 1;1;Day 3 (Shoulders, Arms);3;;Cable Lateral Raise;2;3;;10;10;15;;;;;;1, 1, 0;;;
Strong & Sculpted;Brad Schoenfeld;A strength and hypertrophy program by Brad Schoenfeld.;4 weeks;Intermediate/Advanced;;;;Peak Physique Phase;;4;Week 1;1;Day 3 (Shoulders, Arms);3;;Machine Rear Deltoid Fly;3;3;;10;10;15;;;;;;1, 1, 0;;;
Strong & Sculpted;Brad Schoenfeld;A strength and hypertrophy program by Brad Schoenfeld.;4 weeks;Intermediate/Advanced;;;;Peak Physique Phase;;4;Week 1;1;Day 3 (Shoulders, Arms);3;;Dumbbell Biceps Curl;4;3;;10;10;15;;;;;;1, 1, 0;;;
Strong & Sculpted;Brad Schoenfeld;A strength and hypertrophy program by Brad Schoenfeld.;4 weeks;Intermediate/Advanced;;;;Peak Physique Phase;;4;Week 1;1;Day 3 (Shoulders, Arms);3;;Cable Rope Hammer Curl;5;3;;10;10;15;;;;;;1, 1, 0;;;
Strong & Sculpted;Brad Schoenfeld;A strength and hypertrophy program by Brad Schoenfeld.;4 weeks;Intermediate/Advanced;;;;Peak Physique Phase;;4;Week 1;1;Day 3 (Shoulders, Arms);3;;Cable Rope Overhead Triceps Extension;6;3;;10;10;15;;;;;;1, 1, 0;;;
Strong & Sculpted;Brad Schoenfeld;A strength and hypertrophy program by Brad Schoenfeld.;4 weeks;Intermediate/Advanced;;;;Peak Physique Phase;;4;Week 1;1;Day 3 (Shoulders, Arms);3;;Dumbbell Triceps Kickback;7;2;;10;10;15;;;;;;1, 0;;;
Strong & Sculpted;Brad Schoenfeld;A strength and hypertrophy program by Brad Schoenfeld.;4 weeks;Intermediate/Advanced;;;;Peak Physique Phase;;4;Week 1;1;Day 3 (Shoulders, Arms);3;;Close-Grip Bench Press;8;2;;10;10;15;;;;;;1, 0;;;
Strong & Sculpted;Brad Schoenfeld;A strength and hypertrophy program by Brad Schoenfeld.;4 weeks;Intermediate/Advanced;;;;Peak Physique Phase;;4;Week 1;1;Day 4 (Back, Chest, Abs);4;;Reverse-Grip Lat Pull-Down;1;4;;10;10;15;;;;;;1, 1, 1, 0;;;
Strong & Sculpted;Brad Schoenfeld;A strength and hypertrophy program by Brad Schoenfeld.;4 weeks;Intermediate/Advanced;;;;Peak Physique Phase;;4;Week 1;1;Day 4 (Back, Chest, Abs);4;;Machine Seated Row;2;4;;10;10;15;;;;;;1, 1, 1, 0;;;
Strong & Sculpted;Brad Schoenfeld;A strength and hypertrophy program by Brad Schoenfeld.;4 weeks;Intermediate/Advanced;;;;Peak Physique Phase;;4;Week 1;1;Day 4 (Back, Chest, Abs);4;;Dumbbell Pullover;3;3;;10;10;15;;;;;;1, 1, 0;;;
Strong & Sculpted;Brad Schoenfeld;A strength and hypertrophy program by Brad Schoenfeld.;4 weeks;Intermediate/Advanced;;;;Peak Physique Phase;;4;Week 1;1;Day 4 (Back, Chest, Abs);4;;Dumbbell Incline Press;4;4;;10;10;15;;;;;;1, 1, 1, 0;;;
Strong & Sculpted;Brad Schoenfeld;A strength and hypertrophy program by Brad Schoenfeld.;4 weeks;Intermediate/Advanced;;;;Peak Physique Phase;;4;Week 1;1;Day 4 (Back, Chest, Abs);4;;Barbell Decline Press;5;3;;10;10;15;;;;;;1, 1, 0;;;
Strong & Sculpted;Brad Schoenfeld;A strength and hypertrophy program by Brad Schoenfeld.;4 weeks;Intermediate/Advanced;;;;Peak Physique Phase;;4;Week 1;1;Day 4 (Back, Chest, Abs);4;;Mid Cable Fly;6;3;;10;10;15;;;;;;1, 1, 0;;;
Strong & Sculpted;Brad Schoenfeld;A strength and hypertrophy program by Brad Schoenfeld.;4 weeks;Intermediate/Advanced;;;;Peak Physique Phase;;4;Week 1;1;Day 4 (Back, Chest, Abs);4;;Hanging Knee Raise;7;3;;10;10;15;;;;;;1, 1, 0;;;
Strong & Sculpted;Brad Schoenfeld;A strength and hypertrophy program by Brad Schoenfeld.;4 weeks;Intermediate/Advanced;;;;Peak Physique Phase;;4;Week 1;1;Day 4 (Back, Chest, Abs);4;;Bicycle Crunch;8;3;;10;10;15;;;;;;1, 1, 0;;;
Strong & Sculpted;Brad Schoenfeld;A strength and hypertrophy program by Brad Schoenfeld.;4 weeks;Intermediate/Advanced;;;;Peak Physique Phase;;4;Week 1;1;Day 5 (Lower Body);5;;Barbell Front Squat;1;4;;10;10;15;;;;;;1, 1, 1, 0;;;
Strong & Sculpted;Brad Schoenfeld;A strength and hypertrophy program by Brad Schoenfeld.;4 weeks;Intermediate/Advanced;;;;Peak Physique Phase;;4;Week 1;1;Day 5 (Lower Body);5;;Dumbbell Side Lunge;2;4;;10;10;15;;;;;;1, 1, 1, 0;;;
Strong & Sculpted;Brad Schoenfeld;A strength and hypertrophy program by Brad Schoenfeld.;4 weeks;Intermediate/Advanced;;;;Peak Physique Phase;;4;Week 1;1;Day 5 (Lower Body);5;;Sissy Squat;3;3;;10;10;15;;;;;;1, 1, 0;;;
Strong & Sculpted;Brad Schoenfeld;A strength and hypertrophy program by Brad Schoenfeld.;4 weeks;Intermediate/Advanced;;;;Peak Physique Phase;;4;Week 1;1;Day 5 (Lower Body);5;;Good Morning;4;4;;10;10;15;;;;;;1, 1, 1, 0;;;
Strong & Sculpted;Brad Schoenfeld;A strength and hypertrophy program by Brad Schoenfeld.;4 weeks;Intermediate/Advanced;;;;Peak Physique Phase;;4;Week 1;1;Day 5 (Lower Body);5;;Stability Ball Leg Curl;5;4;;10;10;15;;;;;;1, 1, 1, 0;;;
Strong & Sculpted;Brad Schoenfeld;A strength and hypertrophy program by Brad Schoenfeld.;4 weeks;Intermediate/Advanced;;;;Peak Physique Phase;;4;Week 1;1;Day 5 (Lower Body);5;;Dumbbell Single-Leg Standing Calf Raise;6;4;;10;10;15;;;;;;1, 1, 1, 0;;;
Strong & Sculpted;Brad Schoenfeld;A strength and hypertrophy program by Brad Schoenfeld.;4 weeks;Intermediate/Advanced;;;;Peak Physique Phase;;4;Week 1;1;Day 5 (Lower Body);5;;Machine Seated Calf Raise;7;3;;10;10;15;;;;;;1, 1, 0;;;
Strong & Sculpted;Brad Schoenfeld;A strength and hypertrophy program by Brad Schoenfeld.;4 weeks;Intermediate/Advanced;;;;Peak Physique Phase;;4;Week 1;1;Day 6 (Shoulders, Arms);6;;Dumbbell Shoulder Press;1;4;;10;10;15;;;;;;1, 1, 1, 0;;;
Strong & Sculpted;Brad Schoenfeld;A strength and hypertrophy program by Brad Schoenfeld.;4 weeks;Intermediate/Advanced;;;;Peak Physique Phase;;4;Week 1;1;Day 6 (Shoulders, Arms);6;;Cable Lateral Raise;2;3;;10;10;15;;;;;;1, 1, 0;;;
Strong & Sculpted;Brad Schoenfeld;A strength and hypertrophy program by Brad Schoenfeld.;4 weeks;Intermediate/Advanced;;;;Peak Physique Phase;;4;Week 1;1;Day 6 (Shoulders, Arms);6;;Machine Rear Deltoid Fly;3;3;;10;10;15;;;;;;1, 1, 0;;;
Strong & Sculpted;Brad Schoenfeld;A strength and hypertrophy program by Brad Schoenfeld.;4 weeks;Intermediate/Advanced;;;;Peak Physique Phase;;4;Week 1;1;Day 6 (Shoulders, Arms);6;;Dumbbell Biceps Curl;4;3;;10;10;15;;;;;;1, 1, 0;;;
Strong & Sculpted;Brad Schoenfeld;A strength and hypertrophy program by Brad Schoenfeld.;4 weeks;Intermediate/Advanced;;;;Peak Physique Phase;;4;Week 1;1;Day 6 (Shoulders, Arms);6;;Cable Rope Hammer Curl;5;3;;10;10;15;;;;;;1, 1, 0;;;
Strong & Sculpted;Brad Schoenfeld;A strength and hypertrophy program by Brad Schoenfeld.;4 weeks;Intermediate/Advanced;;;;Peak Physique Phase;;4;Week 1;1;Day 6 (Shoulders, Arms);6;;Cable Rope Overhead Triceps Extension;6;3;;10;10;15;;;;;;1, 1, 0;;;
Strong & Sculpted;Brad Schoenfeld;A strength and hypertrophy program by Brad Schoenfeld.;4 weeks;Intermediate/Advanced;;;;Peak Physique Phase;;4;Week 1;1;Day 6 (Shoulders, Arms);6;;Dumbbell Triceps Kickback;7;2;;10;10;15;;;;;;1, 0;;;
Strong & Sculpted;Brad Schoenfeld;A strength and hypertrophy program by Brad Schoenfeld.;4 weeks;Intermediate/Advanced;;;;Peak Physique Phase;;4;Week 1;1;Day 6 (Shoulders, Arms);6;;Close-Grip Bench Press;8;2;;10;10;15;;;;;;1, 0;;;
Strong & Sculpted;Brad Schoenfeld;A strength and hypertrophy program by Brad Schoenfeld.;4 weeks;Intermediate/Advanced;;;;Peak Physique Phase;;4;Week 2;2;Day 1 (Back, Chest, Abs);1;;Lat Pull-Down;1;4;;8;8;10;;;;;;1, 1, 1, 0;;;
Strong & Sculpted;Brad Schoenfeld;A strength and hypertrophy program by Brad Schoenfeld.;4 weeks;Intermediate/Advanced;;;;Peak Physique Phase;;4;Week 2;2;Day 1 (Back, Chest, Abs);1;;T-Bar Row;2;4;;8;8;10;;;;;;1, 1, 1, 0;;;
Strong & Sculpted;Brad Schoenfeld;A strength and hypertrophy program by Brad Schoenfeld.;4 weeks;Intermediate/Advanced;;;;Peak Physique Phase;;4;Week 2;2;Day 1 (Back, Chest, Abs);1;;Cable Straight-Arm Pulldown;3;3;;8;8;10;;;;;;1, 1, 0;;;
Strong & Sculpted;Brad Schoenfeld;A strength and hypertrophy program by Brad Schoenfeld.;4 weeks;Intermediate/Advanced;;;;Peak Physique Phase;;4;Week 2;2;Day 1 (Back, Chest, Abs);1;;Machine Incline Press;4;4;;8;8;10;;;;;;1, 1, 1, 0;;;
Strong & Sculpted;Brad Schoenfeld;A strength and hypertrophy program by Brad Schoenfeld.;4 weeks;Intermediate/Advanced;;;;Peak Physique Phase;;4;Week 2;2;Day 1 (Back, Chest, Abs);1;;Dumbbell Decline Press;5;3;;8;8;10;;;;;;1, 1, 0;;;
Strong & Sculpted;Brad Schoenfeld;A strength and hypertrophy program by Brad Schoenfeld.;4 weeks;Intermediate/Advanced;;;;Peak Physique Phase;;4;Week 2;2;Day 1 (Back, Chest, Abs);1;;Low Cable Fly;6;3;;8;8;10;;;;;;1, 1, 0;;;
Strong & Sculpted;Brad Schoenfeld;A strength and hypertrophy program by Brad Schoenfeld.;4 weeks;Intermediate/Advanced;;;;Peak Physique Phase;;4;Week 2;2;Day 1 (Back, Chest, Abs);1;;Crunch;7;3;;8;8;10;;;;;;1, 1, 0;;;
Strong & Sculpted;Brad Schoenfeld;A strength and hypertrophy program by Brad Schoenfeld.;4 weeks;Intermediate/Advanced;;;;Peak Physique Phase;;4;Week 2;2;Day 1 (Back, Chest, Abs);1;;Stability Ball Side Crunch;8;3;;8;8;10;;;;;;1, 1, 0;;;
Strong & Sculpted;Brad Schoenfeld;A strength and hypertrophy program by Brad Schoenfeld.;4 weeks;Intermediate/Advanced;;;;Peak Physique Phase;;4;Week 2;2;Day 2 (Lower Body);2;;Leg Press;1;4;;8;8;10;;;;;;1, 1, 1, 0;;;
Strong & Sculpted;Brad Schoenfeld;A strength and hypertrophy program by Brad Schoenfeld.;4 weeks;Intermediate/Advanced;;;;Peak Physique Phase;;4;Week 2;2;Day 2 (Lower Body);2;;Dumbbell Step-Up;2;4;;8;8;10;;;;;;1, 1, 1, 0;;;
Strong & Sculpted;Brad Schoenfeld;A strength and hypertrophy program by Brad Schoenfeld.;4 weeks;Intermediate/Advanced;;;;Peak Physique Phase;;4;Week 2;2;Day 2 (Lower Body);2;;Single-Leg Extension;3;3;;8;8;10;;;;;;1, 1, 0;;;
Strong & Sculpted;Brad Schoenfeld;A strength and hypertrophy program by Brad Schoenfeld.;4 weeks;Intermediate/Advanced;;;;Peak Physique Phase;;4;Week 2;2;Day 2 (Lower Body);2;;Barbell Hip Thrust;4;4;;8;8;10;;;;;;1, 1, 1, 0;;;
Strong & Sculpted;Brad Schoenfeld;A strength and hypertrophy program by Brad Schoenfeld.;4 weeks;Intermediate/Advanced;;;;Peak Physique Phase;;4;Week 2;2;Day 2 (Lower Body);2;;Machine Kneeling Leg Curl;5;4;;8;8;10;;;;;;1, 1, 1, 0;;;
Strong & Sculpted;Brad Schoenfeld;A strength and hypertrophy program by Brad Schoenfeld.;4 weeks;Intermediate/Advanced;;;;Peak Physique Phase;;4;Week 2;2;Day 2 (Lower Body);2;;Toe Press;6;3;;8;8;10;;;;;;1, 1, 0;;;
Strong & Sculpted;Brad Schoenfeld;A strength and hypertrophy program by Brad Schoenfeld.;4 weeks;Intermediate/Advanced;;;;Peak Physique Phase;;4;Week 2;2;Day 2 (Lower Body);2;;Machine Single-Leg Seated Calf Raise;7;3;;8;8;10;;;;;;1, 1, 0;;;
Strong & Sculpted;Brad Schoenfeld;A strength and hypertrophy program by Brad Schoenfeld.;4 weeks;Intermediate/Advanced;;;;Peak Physique Phase;;4;Week 2;2;Day 3 (Shoulders, Arms);3;;Cable Upright Row;1;4;;8;8;10;;;;;;1, 1, 1, 0;;;
Strong & Sculpted;Brad Schoenfeld;A strength and hypertrophy program by Brad Schoenfeld.;4 weeks;Intermediate/Advanced;;;;Peak Physique Phase;;4;Week 2;2;Day 3 (Shoulders, Arms);3;;Dumbbell Lateral Raise;2;4;;8;8;10;;;;;;1, 1, 1, 0;;;
Strong & Sculpted;Brad Schoenfeld;A strength and hypertrophy program by Brad Schoenfeld.;4 weeks;Intermediate/Advanced;;;;Peak Physique Phase;;4;Week 2;2;Day 3 (Shoulders, Arms);3;;Cable Kneeling Bent Reverse Fly;3;3;;8;8;10;;;;;;1, 1, 0;;;
Strong & Sculpted;Brad Schoenfeld;A strength and hypertrophy program by Brad Schoenfeld.;4 weeks;Intermediate/Advanced;;;;Peak Physique Phase;;4;Week 2;2;Day 3 (Shoulders, Arms);3;;Barbell Curl;4;2;;8;8;10;;;;;;1, 0;;;
Strong & Sculpted;Brad Schoenfeld;A strength and hypertrophy program by Brad Schoenfeld.;4 weeks;Intermediate/Advanced;;;;Peak Physique Phase;;4;Week 2;2;Day 3 (Shoulders, Arms);3;;Concentration Curl;5;2;;8;8;10;;;;;;1, 0;;;
Strong & Sculpted;Brad Schoenfeld;A strength and hypertrophy program by Brad Schoenfeld.;4 weeks;Intermediate/Advanced;;;;Peak Physique Phase;;4;Week 2;2;Day 3 (Shoulders, Arms);3;;Dumbbell Hammer Curl;6;2;;8;8;10;;;;;;1, 0;;;
Strong & Sculpted;Brad Schoenfeld;A strength and hypertrophy program by Brad Schoenfeld.;4 weeks;Intermediate/Advanced;;;;Peak Physique Phase;;4;Week 2;2;Day 3 (Shoulders, Arms);3;;Machine Overhead Triceps Extension;7;3;;8;8;10;;;;;;1, 1, 0;;;
Strong & Sculpted;Brad Schoenfeld;A strength and hypertrophy program by Brad Schoenfeld.;4 weeks;Intermediate/Advanced;;;;Peak Physique Phase;;4;Week 2;2;Day 3 (Shoulders, Arms);3;;Dumbbell Lying Triceps Extension;8;3;;8;8;10;;;;;;1, 1, 0;;;
Strong & Sculpted;Brad Schoenfeld;A strength and hypertrophy program by Brad Schoenfeld.;4 weeks;Intermediate/Advanced;;;;Peak Physique Phase;;4;Week 2;2;Day 4 (Back, Chest, Abs);4;;Lat Pull-Down;1;4;;8;8;10;;;;;;1, 1, 1, 0;;;
Strong & Sculpted;Brad Schoenfeld;A strength and hypertrophy program by Brad Schoenfeld.;4 weeks;Intermediate/Advanced;;;;Peak Physique Phase;;4;Week 2;2;Day 4 (Back, Chest, Abs);4;;T-Bar Row;2;4;;8;8;10;;;;;;1, 1, 1, 0;;;
Strong & Sculpted;Brad Schoenfeld;A strength and hypertrophy program by Brad Schoenfeld.;4 weeks;Intermediate/Advanced;;;;Peak Physique Phase;;4;Week 2;2;Day 4 (Back, Chest, Abs);4;;Cable Straight-Arm Pulldown;3;3;;8;8;10;;;;;;1, 1, 0;;;
Strong & Sculpted;Brad Schoenfeld;A strength and hypertrophy program by Brad Schoenfeld.;4 weeks;Intermediate/Advanced;;;;Peak Physique Phase;;4;Week 2;2;Day 4 (Back, Chest, Abs);4;;Machine Incline Press;4;4;;8;8;10;;;;;;1, 1, 1, 0;;;
Strong & Sculpted;Brad Schoenfeld;A strength and hypertrophy program by Brad Schoenfeld.;4 weeks;Intermediate/Advanced;;;;Peak Physique Phase;;4;Week 2;2;Day 4 (Back, Chest, Abs);4;;Dumbbell Decline Press;5;3;;8;8;10;;;;;;1, 1, 0;;;
Strong & Sculpted;Brad Schoenfeld;A strength and hypertrophy program by Brad Schoenfeld.;4 weeks;Intermediate/Advanced;;;;Peak Physique Phase;;4;Week 2;2;Day 4 (Back, Chest, Abs);4;;Low Cable Fly;6;3;;8;8;10;;;;;;1, 1, 0;;;
Strong & Sculpted;Brad Schoenfeld;A strength and hypertrophy program by Brad Schoenfeld.;4 weeks;Intermediate/Advanced;;;;Peak Physique Phase;;4;Week 2;2;Day 4 (Back, Chest, Abs);4;;Crunch;7;3;;8;8;10;;;;;;1, 1, 0;;;
Strong & Sculpted;Brad Schoenfeld;A strength and hypertrophy program by Brad Schoenfeld.;4 weeks;Intermediate/Advanced;;;;Peak Physique Phase;;4;Week 2;2;Day 4 (Back, Chest, Abs);4;;Stability Ball Side Crunch;8;3;;8;8;10;;;;;;1, 1, 0;;;
Strong & Sculpted;Brad Schoenfeld;A strength and hypertrophy program by Brad Schoenfeld.;4 weeks;Intermediate/Advanced;;;;Peak Physique Phase;;4;Week 2;2;Day 5 (Lower Body);5;;Leg Press;1;4;;8;8;10;;;;;;1, 1, 1, 0;;;
Strong & Sculpted;Brad Schoenfeld;A strength and hypertrophy program by Brad Schoenfeld.;4 weeks;Intermediate/Advanced;;;;Peak Physique Phase;;4;Week 2;2;Day 5 (Lower Body);5;;Dumbbell Step-Up;2;4;;8;8;10;;;;;;1, 1, 1, 0;;;
Strong & Sculpted;Brad Schoenfeld;A strength and hypertrophy program by Brad Schoenfeld.;4 weeks;Intermediate/Advanced;;;;Peak Physique Phase;;4;Week 2;2;Day 5 (Lower Body);5;;Single-Leg Extension;3;3;;8;8;10;;;;;;1, 1, 0;;;
Strong & Sculpted;Brad Schoenfeld;A strength and hypertrophy program by Brad Schoenfeld.;4 weeks;Intermediate/Advanced;;;;Peak Physique Phase;;4;Week 2;2;Day 5 (Lower Body);5;;Barbell Hip Thrust;4;4;;8;8;10;;;;;;1, 1, 1, 0;;;
Strong & Sculpted;Brad Schoenfeld;A strength and hypertrophy program by Brad Schoenfeld.;4 weeks;Intermediate/Advanced;;;;Peak Physique Phase;;4;Week 2;2;Day 5 (Lower Body);5;;Machine Kneeling Leg Curl;5;4;;8;8;10;;;;;;1, 1, 1, 0;;;
Strong & Sculpted;Brad Schoenfeld;A strength and hypertrophy program by Brad Schoenfeld.;4 weeks;Intermediate/Advanced;;;;Peak Physique Phase;;4;Week 2;2;Day 5 (Lower Body);5;;Toe Press;6;3;;8;8;10;;;;;;1, 1, 0;;;
Strong & Sculpted;Brad Schoenfeld;A strength and hypertrophy program by Brad Schoenfeld.;4 weeks;Intermediate/Advanced;;;;Peak Physique Phase;;4;Week 2;2;Day 5 (Lower Body);5;;Machine Single-Leg Seated Calf Raise;7;3;;8;8;10;;;;;;1, 1, 0;;;
Strong & Sculpted;Brad Schoenfeld;A strength and hypertrophy program by Brad Schoenfeld.;4 weeks;Intermediate/Advanced;;;;Peak Physique Phase;;4;Week 2;2;Day 6 (Shoulders, Arms);6;;Cable Upright Row;1;4;;8;8;10;;;;;;1, 1, 1, 0;;;
Strong & Sculpted;Brad Schoenfeld;A strength and hypertrophy program by Brad Schoenfeld.;4 weeks;Intermediate/Advanced;;;;Peak Physique Phase;;4;Week 2;2;Day 6 (Shoulders, Arms);6;;Dumbbell Lateral Raise;2;4;;8;8;10;;;;;;1, 1, 1, 0;;;
Strong & Sculpted;Brad Schoenfeld;A strength and hypertrophy program by Brad Schoenfeld.;4 weeks;Intermediate/Advanced;;;;Peak Physique Phase;;4;Week 2;2;Day 6 (Shoulders, Arms);6;;Cable Kneeling Bent Reverse Fly;3;3;;8;8;10;;;;;;1, 1, 0;;;
Strong & Sculpted;Brad Schoenfeld;A strength and hypertrophy program by Brad Schoenfeld.;4 weeks;Intermediate/Advanced;;;;Peak Physique Phase;;4;Week 2;2;Day 6 (Shoulders, Arms);6;;Barbell Curl;4;2;;8;8;10;;;;;;1, 0;;;
Strong & Sculpted;Brad Schoenfeld;A strength and hypertrophy program by Brad Schoenfeld.;4 weeks;Intermediate/Advanced;;;;Peak Physique Phase;;4;Week 2;2;Day 6 (Shoulders, Arms);6;;Concentration Curl;5;2;;8;8;10;;;;;;1, 0;;;
Strong & Sculpted;Brad Schoenfeld;A strength and hypertrophy program by Brad Schoenfeld.;4 weeks;Intermediate/Advanced;;;;Peak Physique Phase;;4;Week 2;2;Day 6 (Shoulders, Arms);6;;Dumbbell Hammer Curl;6;2;;8;8;10;;;;;;1, 0;;;
Strong & Sculpted;Brad Schoenfeld;A strength and hypertrophy program by Brad Schoenfeld.;4 weeks;Intermediate/Advanced;;;;Peak Physique Phase;;4;Week 2;2;Day 6 (Shoulders, Arms);6;;Machine Overhead Triceps Extension;7;3;;8;8;10;;;;;;1, 1, 0;;;
Strong & Sculpted;Brad Schoenfeld;A strength and hypertrophy program by Brad Schoenfeld.;4 weeks;Intermediate/Advanced;;;;Peak Physique Phase;;4;Week 2;2;Day 6 (Shoulders, Arms);6;;Dumbbell Lying Triceps Extension;8;3;;8;8;10;;;;;;1, 1, 0;;;
Strong & Sculpted;Brad Schoenfeld;A strength and hypertrophy program by Brad Schoenfeld.;4 weeks;Intermediate/Advanced;;;;Peak Physique Phase;;4;Week 3;3;Day 1 (Back, Chest, Abs);1;;Chin-Up;1;4;;6;6;8;;;;;;0;;;
Strong & Sculpted;Brad Schoenfeld;A strength and hypertrophy program by Brad Schoenfeld.;4 weeks;Intermediate/Advanced;;;;Peak Physique Phase;;4;Week 3;3;Day 1 (Back, Chest, Abs);1;;Machine Wide-Grip Seated Row;2;4;;6;6;8;;;;;;0;;;
Strong & Sculpted;Brad Schoenfeld;A strength and hypertrophy program by Brad Schoenfeld.;4 weeks;Intermediate/Advanced;;;;Peak Physique Phase;;4;Week 3;3;Day 1 (Back, Chest, Abs);1;;Dumbbell Pullover;3;3;;6;6;8;;;;;;0;;;
Strong & Sculpted;Brad Schoenfeld;A strength and hypertrophy program by Brad Schoenfeld.;4 weeks;Intermediate/Advanced;;;;Peak Physique Phase;;4;Week 3;3;Day 1 (Back, Chest, Abs);1;;Barbell Incline Press;4;4;;6;6;8;;;;;;0;;;
Strong & Sculpted;Brad Schoenfeld;A strength and hypertrophy program by Brad Schoenfeld.;4 weeks;Intermediate/Advanced;;;;Peak Physique Phase;;4;Week 3;3;Day 1 (Back, Chest, Abs);1;;Machine Chest Press;5;3;;6;6;8;;;;;;0;;;
Strong & Sculpted;Brad Schoenfeld;A strength and hypertrophy program by Brad Schoenfeld.;4 weeks;Intermediate/Advanced;;;;Peak Physique Phase;;4;Week 3;3;Day 1 (Back, Chest, Abs);1;;Dumbbell Incline Fly;6;3;;6;6;8;;;;;;0;;;
Strong & Sculpted;Brad Schoenfeld;A strength and hypertrophy program by Brad Schoenfeld.;4 weeks;Intermediate/Advanced;;;;Peak Physique Phase;;4;Week 3;3;Day 1 (Back, Chest, Abs);1;;Cable Kneeling Rope Crunch;7;3;;6;6;8;;;;;;0;;;
Strong & Sculpted;Brad Schoenfeld;A strength and hypertrophy program by Brad Schoenfeld.;4 weeks;Intermediate/Advanced;;;;Peak Physique Phase;;4;Week 3;3;Day 1 (Back, Chest, Abs);1;;Antirotation Press;8;3;;6;6;8;;;;;;0;;;
Strong & Sculpted;Brad Schoenfeld;A strength and hypertrophy program by Brad Schoenfeld.;4 weeks;Intermediate/Advanced;;;;Peak Physique Phase;;4;Week 3;3;Day 2 (Lower Body);2;;Barbell Back Squat;1;4;;6;6;8;;;;;;0;;;
Strong & Sculpted;Brad Schoenfeld;A strength and hypertrophy program by Brad Schoenfeld.;4 weeks;Intermediate/Advanced;;;;Peak Physique Phase;;4;Week 3;3;Day 2 (Lower Body);2;;Dumbbell Lunge;2;4;;6;6;8;;;;;;0;;;
Strong & Sculpted;Brad Schoenfeld;A strength and hypertrophy program by Brad Schoenfeld.;4 weeks;Intermediate/Advanced;;;;Peak Physique Phase;;4;Week 3;3;Day 2 (Lower Body);2;;Leg Extension;3;3;;6;6;8;;;;;;0;;;
Strong & Sculpted;Brad Schoenfeld;A strength and hypertrophy program by Brad Schoenfeld.;4 weeks;Intermediate/Advanced;;;;Peak Physique Phase;;4;Week 3;3;Day 2 (Lower Body);2;;Barbell Stiff-Leg Deadlift;4;4;;6;6;8;;;;;;0;;;
Strong & Sculpted;Brad Schoenfeld;A strength and hypertrophy program by Brad Schoenfeld.;4 weeks;Intermediate/Advanced;;;;Peak Physique Phase;;4;Week 3;3;Day 2 (Lower Body);2;;Machine Seated Leg Curl;5;3;;6;6;8;;;;;;0;;;
Strong & Sculpted;Brad Schoenfeld;A strength and hypertrophy program by Brad Schoenfeld.;4 weeks;Intermediate/Advanced;;;;Peak Physique Phase;;4;Week 3;3;Day 2 (Lower Body);2;;Machine Standing Calf Raise;6;3;;6;6;8;;;;;;0;;;
Strong & Sculpted;Brad Schoenfeld;A strength and hypertrophy program by Brad Schoenfeld.;4 weeks;Intermediate/Advanced;;;;Peak Physique Phase;;4;Week 3;3;Day 2 (Lower Body);2;;Machine Seated Calf Raise;7;3;;6;6;8;;;;;;0;;;
Strong & Sculpted;Brad Schoenfeld;A strength and hypertrophy program by Brad Schoenfeld.;4 weeks;Intermediate/Advanced;;;;Peak Physique Phase;;4;Week 3;3;Day 3 (Shoulders, Arms);3;;Military Press;1;3;;6;6;8;;;;;;0;;;
Strong & Sculpted;Brad Schoenfeld;A strength and hypertrophy program by Brad Schoenfeld.;4 weeks;Intermediate/Advanced;;;;Peak Physique Phase;;4;Week 3;3;Day 3 (Shoulders, Arms);3;;Machine Lateral Raise;2;4;;6;6;8;;;;;;0;;;
Strong & Sculpted;Brad Schoenfeld;A strength and hypertrophy program by Brad Schoenfeld.;4 weeks;Intermediate/Advanced;;;;Peak Physique Phase;;4;Week 3;3;Day 3 (Shoulders, Arms);3;;Dumbbell Seated Bent Reverse Fly;3;3;;6;6;8;;;;;;0;;;
Strong & Sculpted;Brad Schoenfeld;A strength and hypertrophy program by Brad Schoenfeld.;4 weeks;Intermediate/Advanced;;;;Peak Physique Phase;;4;Week 3;3;Day 3 (Shoulders, Arms);3;;Dumbbell Incline Biceps Curl;4;3;;6;6;8;;;;;;0;;;
Strong & Sculpted;Brad Schoenfeld;A strength and hypertrophy program by Brad Schoenfeld.;4 weeks;Intermediate/Advanced;;;;Peak Physique Phase;;4;Week 3;3;Day 3 (Shoulders, Arms);3;;High-Pulley Cable Curl;5;3;;6;6;8;;;;;;0;;;
Strong & Sculpted;Brad Schoenfeld;A strength and hypertrophy program by Brad Schoenfeld.;4 weeks;Intermediate/Advanced;;;;Peak Physique Phase;;4;Week 3;3;Day 3 (Shoulders, Arms);3;;Dumbbell Overhead Triceps Extension;6;3;;6;6;8;;;;;;0;;;
Strong & Sculpted;Brad Schoenfeld;A strength and hypertrophy program by Brad Schoenfeld.;4 weeks;Intermediate/Advanced;;;;Peak Physique Phase;;4;Week 3;3;Day 3 (Shoulders, Arms);3;;Cable Triceps Press-Down;7;2;;6;6;8;;;;;;0;;;
Strong & Sculpted;Brad Schoenfeld;A strength and hypertrophy program by Brad Schoenfeld.;4 weeks;Intermediate/Advanced;;;;Peak Physique Phase;;4;Week 3;3;Day 3 (Shoulders, Arms);3;;Skull Crusher;8;2;;6;6;8;;;;;;0;;;
Strong & Sculpted;Brad Schoenfeld;A strength and hypertrophy program by Brad Schoenfeld.;4 weeks;Intermediate/Advanced;;;;Peak Physique Phase;;4;Week 3;3;Day 4 (Back, Chest, Abs);4;;Chin-Up;1;4;;6;6;8;;;;;;0;;;
Strong & Sculpted;Brad Schoenfeld;A strength and hypertrophy program by Brad Schoenfeld.;4 weeks;Intermediate/Advanced;;;;Peak Physique Phase;;4;Week 3;3;Day 4 (Back, Chest, Abs);4;;Machine Wide-Grip Seated Row;2;4;;6;6;8;;;;;;0;;;
Strong & Sculpted;Brad Schoenfeld;A strength and hypertrophy program by Brad Schoenfeld.;4 weeks;Intermediate/Advanced;;;;Peak Physique Phase;;4;Week 3;3;Day 4 (Back, Chest, Abs);4;;Dumbbell Pullover;3;3;;6;6;8;;;;;;0;;;
Strong & Sculpted;Brad Schoenfeld;A strength and hypertrophy program by Brad Schoenfeld.;4 weeks;Intermediate/Advanced;;;;Peak Physique Phase;;4;Week 3;3;Day 4 (Back, Chest, Abs);4;;Barbell Incline Press;4;4;;6;6;8;;;;;;0;;;
Strong & Sculpted;Brad Schoenfeld;A strength and hypertrophy program by Brad Schoenfeld.;4 weeks;Intermediate/Advanced;;;;Peak Physique Phase;;4;Week 3;3;Day 4 (Back, Chest, Abs);4;;Machine Chest Press;5;3;;6;6;8;;;;;;0;;;
Strong & Sculpted;Brad Schoenfeld;A strength and hypertrophy program by Brad Schoenfeld.;4 weeks;Intermediate/Advanced;;;;Peak Physique Phase;;4;Week 3;3;Day 4 (Back, Chest, Abs);4;;Dumbbell Incline Fly;6;3;;6;6;8;;;;;;0;;;
Strong & Sculpted;Brad Schoenfeld;A strength and hypertrophy program by Brad Schoenfeld.;4 weeks;Intermediate/Advanced;;;;Peak Physique Phase;;4;Week 3;3;Day 4 (Back, Chest, Abs);4;;Cable Kneeling Rope Crunch;7;3;;6;6;8;;;;;;0;;;
Strong & Sculpted;Brad Schoenfeld;A strength and hypertrophy program by Brad Schoenfeld.;4 weeks;Intermediate/Advanced;;;;Peak Physique Phase;;4;Week 3;3;Day 4 (Back, Chest, Abs);4;;Antirotation Press;8;3;;6;6;8;;;;;;0;;;
Strong & Sculpted;Brad Schoenfeld;A strength and hypertrophy program by Brad Schoenfeld.;4 weeks;Intermediate/Advanced;;;;Peak Physique Phase;;4;Week 3;3;Day 5 (Lower Body);5;;Barbell Back Squat;1;4;;6;6;8;;;;;;0;;;
Strong & Sculpted;Brad Schoenfeld;A strength and hypertrophy program by Brad Schoenfeld.;4 weeks;Intermediate/Advanced;;;;Peak Physique Phase;;4;Week 3;3;Day 5 (Lower Body);5;;Dumbbell Lunge;2;4;;6;6;8;;;;;;0;;;
Strong & Sculpted;Brad Schoenfeld;A strength and hypertrophy program by Brad Schoenfeld.;4 weeks;Intermediate/Advanced;;;;Peak Physique Phase;;4;Week 3;3;Day 5 (Lower Body);5;;Leg Extension;3;3;;6;6;8;;;;;;0;;;
Strong & Sculpted;Brad Schoenfeld;A strength and hypertrophy program by Brad Schoenfeld.;4 weeks;Intermediate/Advanced;;;;Peak Physique Phase;;4;Week 3;3;Day 5 (Lower Body);5;;Barbell Stiff-Leg Deadlift;4;4;;6;6;8;;;;;;0;;;
Strong & Sculpted;Brad Schoenfeld;A strength and hypertrophy program by Brad Schoenfeld.;4 weeks;Intermediate/Advanced;;;;Peak Physique Phase;;4;Week 3;3;Day 5 (Lower Body);5;;Machine Seated Leg Curl;5;3;;6;6;8;;;;;;0;;;
Strong & Sculpted;Brad Schoenfeld;A strength and hypertrophy program by Brad Schoenfeld.;4 weeks;Intermediate/Advanced;;;;Peak Physique Phase;;4;Week 3;3;Day 5 (Lower Body);5;;Machine Standing Calf Raise;6;3;;6;6;8;;;;;;0;;;
Strong & Sculpted;Brad Schoenfeld;A strength and hypertrophy program by Brad Schoenfeld.;4 weeks;Intermediate/Advanced;;;;Peak Physique Phase;;4;Week 3;3;Day 5 (Lower Body);5;;Machine Seated Calf Raise;7;3;;6;6;8;;;;;;0;;;
Strong & Sculpted;Brad Schoenfeld;A strength and hypertrophy program by Brad Schoenfeld.;4 weeks;Intermediate/Advanced;;;;Peak Physique Phase;;4;Week 3;3;Day 6 (Shoulders, Arms);6;;Military Press;1;3;;6;6;8;;;;;;0;;;
Strong & Sculpted;Brad Schoenfeld;A strength and hypertrophy program by Brad Schoenfeld.;4 weeks;Intermediate/Advanced;;;;Peak Physique Phase;;4;Week 3;3;Day 6 (Shoulders, Arms);6;;Machine Lateral Raise;2;4;;6;6;8;;;;;;0;;;
Strong & Sculpted;Brad Schoenfeld;A strength and hypertrophy program by Brad Schoenfeld.;4 weeks;Intermediate/Advanced;;;;Peak Physique Phase;;4;Week 3;3;Day 6 (Shoulders, Arms);6;;Dumbbell Seated Bent Reverse Fly;3;3;;6;6;8;;;;;;0;;;
Strong & Sculpted;Brad Schoenfeld;A strength and hypertrophy program by Brad Schoenfeld.;4 weeks;Intermediate/Advanced;;;;Peak Physique Phase;;4;Week 3;3;Day 6 (Shoulders, Arms);6;;Dumbbell Incline Biceps Curl;4;3;;6;6;8;;;;;;0;;;
Strong & Sculpted;Brad Schoenfeld;A strength and hypertrophy program by Brad Schoenfeld.;4 weeks;Intermediate/Advanced;;;;Peak Physique Phase;;4;Week 3;3;Day 6 (Shoulders, Arms);6;;High-Pulley Cable Curl;5;3;;6;6;8;;;;;;0;;;
Strong & Sculpted;Brad Schoenfeld;A strength and hypertrophy program by Brad Schoenfeld.;4 weeks;Intermediate/Advanced;;;;Peak Physique Phase;;4;Week 3;3;Day 6 (Shoulders, Arms);6;;Dumbbell Overhead Triceps Extension;6;3;;6;6;8;;;;;;0;;;
Strong & Sculpted;Brad Schoenfeld;A strength and hypertrophy program by Brad Schoenfeld.;4 weeks;Intermediate/Advanced;;;;Peak Physique Phase;;4;Week 3;3;Day 6 (Shoulders, Arms);6;;Cable Triceps Press-Down;7;2;;6;6;8;;;;;;0;;;
Strong & Sculpted;Brad Schoenfeld;A strength and hypertrophy program by Brad Schoenfeld.;4 weeks;Intermediate/Advanced;;;;Peak Physique Phase;;4;Week 3;3;Day 6 (Shoulders, Arms);6;;Skull Crusher;8;2;;6;6;8;;;;;;0;;;
Strong & Sculpted;Brad Schoenfeld;A strength and hypertrophy program by Brad Schoenfeld.;4 weeks;Intermediate/Advanced;;;;Peak Physique Phase;;4;Week 4;4;Deload (Day 1);1;;Dumbbell Chest Press;1;2;;15;15;20;;;;;;4;;;
Strong & Sculpted;Brad Schoenfeld;A strength and hypertrophy program by Brad Schoenfeld.;4 weeks;Intermediate/Advanced;;;;Peak Physique Phase;;4;Week 4;4;Deload (Day 1);1;;Dumbbell Single-Arm Row;2;2;;15;15;20;;;;;;4;;;
Strong & Sculpted;Brad Schoenfeld;A strength and hypertrophy program by Brad Schoenfeld.;4 weeks;Intermediate/Advanced;;;;Peak Physique Phase;;4;Week 4;4;Deload (Day 1);1;;Military Press;3;2;;15;15;20;;;;;;4;;;
Strong & Sculpted;Brad Schoenfeld;A strength and hypertrophy program by Brad Schoenfeld.;4 weeks;Intermediate/Advanced;;;;Peak Physique Phase;;4;Week 4;4;Deload (Day 1);1;;Barbell Back Squat;4;2;;15;15;20;;;;;;4;;;
Strong & Sculpted;Brad Schoenfeld;A strength and hypertrophy program by Brad Schoenfeld.;4 weeks;Intermediate/Advanced;;;;Peak Physique Phase;;4;Week 4;4;Deload (Day 1);1;;Dumbbell Lunge;5;2;;15;15;20;;;;;;4;;;
Strong & Sculpted;Brad Schoenfeld;A strength and hypertrophy program by Brad Schoenfeld.;4 weeks;Intermediate/Advanced;;;;Peak Physique Phase;;4;Week 4;4;Deload (Day 1);1;;Dumbbell Stiff-Leg Deadlift;6;2;;15;15;20;;;;;;4;;;
Strong & Sculpted;Brad Schoenfeld;A strength and hypertrophy program by Brad Schoenfeld.;4 weeks;Intermediate/Advanced;;;;Peak Physique Phase;;4;Week 4;4;Deload (Day 2);2;;Dumbbell Chest Press;1;2;;15;15;20;;;;;;4;;;
Strong & Sculpted;Brad Schoenfeld;A strength and hypertrophy program by Brad Schoenfeld.;4 weeks;Intermediate/Advanced;;;;Peak Physique Phase;;4;Week 4;4;Deload (Day 2);2;;Dumbbell Single-Arm Row;2;2;;15;15;20;;;;;;4;;;
Strong & Sculpted;Brad Schoenfeld;A strength and hypertrophy program by Brad Schoenfeld.;4 weeks;Intermediate/Advanced;;;;Peak Physique Phase;;4;Week 4;4;Deload (Day 2);2;;Military Press;3;2;;15;15;20;;;;;;4;;;
Strong & Sculpted;Brad Schoenfeld;A strength and hypertrophy program by Brad Schoenfeld.;4 weeks;Intermediate/Advanced;;;;Peak Physique Phase;;4;Week 4;4;Deload (Day 2);2;;Barbell Back Squat;4;2;;15;15;20;;;;;;4;;;
Strong & Sculpted;Brad Schoenfeld;A strength and hypertrophy program by Brad Schoenfeld.;4 weeks;Intermediate/Advanced;;;;Peak Physique Phase;;4;Week 4;4;Deload (Day 2);2;;Dumbbell Lunge;5;2;;15;15;20;;;;;;4;;;
Strong & Sculpted;Brad Schoenfeld;A strength and hypertrophy program by Brad Schoenfeld.;4 weeks;Intermediate/Advanced;;;;Peak Physique Phase;;4;Week 4;4;Deload (Day 2);2;;Dumbbell Stiff-Leg Deadlift;6;2;;15;15;20;;;;;;4;;;
